Item,Year,Yield_Lag1,Yield_Lag2,Production_Lag1,Area_Lag1,Yield_RollingMean_3Y,Area_Growth_Lag1,Production_Growth_Lag1,Yield
"Anise, badian, coriander, cumin, caraway, fennel and juniper berries, raw",1964,833.3,833.3,1000.0,1200.0,833.3,0.0,0.0,833.3
"Anise, badian, coriander, cumin, caraway, fennel and juniper berries, raw",1965,833.3,833.3,1000.0,1200.0,833.3,0.0,0.0,833.3
"Anise, badian, coriander, cumin, caraway, fennel and juniper berries, raw",1966,833.3,833.3,1000.0,1200.0,833.3,0.0,0.0,833.3
"Anise, badian, coriander, cumin, caraway, fennel and juniper berries, raw",1967,833.3,833.3,1000.0,1200.0,833.3,0.0,0.0,833.3
"Anise, badian, coriander, cumin, caraway, fennel and juniper berries, raw",1968,833.3,833.3,1000.0,1200.0,833.3,0.0,0.0,833.3
"Anise, badian, coriander, cumin, caraway, fennel and juniper berries, raw",1969,833.3,833.3,1000.0,1200.0,833.3,0.0,0.0,666.7
"Anise, badian, coriander, cumin, caraway, fennel and juniper berries, raw",1970,666.7,833.3,1000.0,1500.0,777.7666666666668,0.25,0.0,666.7
"Anise, badian, coriander, cumin, caraway, fennel and juniper berries, raw",1971,666.7,666.7,1000.0,1500.0,722.2333333333332,0.0,0.0,833.3
"Anise, badian, coriander, cumin, caraway, fennel and juniper berries, raw",1972,833.3,666.7,2500.0,3000.0,722.2333333333332,1.0,1.5,875.0
"Anise, badian, coriander, cumin, caraway, fennel and juniper berries, raw",1973,875.0,833.3,3500.0,4000.0,791.6666666666666,0.33333333333333326,0.3999999999999999,769.2
"Anise, badian, coriander, cumin, caraway, fennel and juniper berries, raw",1974,769.2,875.0,5000.0,6500.0,825.8333333333334,0.625,0.4285714285714286,769.2
"Anise, badian, coriander, cumin, caraway, fennel and juniper berries, raw",1975,769.2,769.2,5000.0,6500.0,804.4666666666667,0.0,0.0,752.7
"Anise, badian, coriander, cumin, caraway, fennel and juniper berries, raw",1976,752.7,769.2,7000.0,9300.0,763.7000000000002,0.4307692307692308,0.3999999999999999,754.9
"Anise, badian, coriander, cumin, caraway, fennel and juniper berries, raw",1977,754.9,752.7,7700.0,10200.0,758.9333333333334,0.09677419354838701,0.10000000000000009,1000.0
"Anise, badian, coriander, cumin, caraway, fennel and juniper berries, raw",1978,1000.0,754.9,15000.0,15000.0,835.8666666666667,0.47058823529411775,0.948051948051948,866.7
"Anise, badian, coriander, cumin, caraway, fennel and juniper berries, raw",1979,866.7,1000.0,13000.0,15000.0,873.8666666666667,0.0,-0.1333333333333333,958.3
"Anise, badian, coriander, cumin, caraway, fennel and juniper berries, raw",1980,958.3,866.7,11500.0,12000.0,941.6666666666666,-0.19999999999999996,-0.11538461538461542,916.7
"Anise, badian, coriander, cumin, caraway, fennel and juniper berries, raw",1981,916.7,958.3,11000.0,12000.0,913.9,0.0,-0.04347826086956519,916.7
"Anise, badian, coriander, cumin, caraway, fennel and juniper berries, raw",1982,916.7,916.7,11000.0,12000.0,930.5666666666667,0.0,0.0,750.0
"Anise, badian, coriander, cumin, caraway, fennel and juniper berries, raw",1983,750.0,916.7,12000.0,16000.0,861.1333333333333,0.33333333333333326,0.09090909090909083,750.0
"Anise, badian, coriander, cumin, caraway, fennel and juniper berries, raw",1984,750.0,750.0,12000.0,16000.0,805.5666666666667,0.0,0.0,762.5
"Anise, badian, coriander, cumin, caraway, fennel and juniper berries, raw",1985,762.5,750.0,12200.0,16000.0,754.1666666666666,0.0,0.016666666666666607,739.6
"Anise, badian, coriander, cumin, caraway, fennel and juniper berries, raw",1986,739.6,762.5,12500.0,16900.0,750.6999999999999,0.05624999999999991,0.024590163934426146,769.2
"Anise, badian, coriander, cumin, caraway, fennel and juniper berries, raw",1987,769.2,739.6,13000.0,16900.0,757.1,0.0,0.040000000000000036,798.8
"Anise, badian, coriander, cumin, caraway, fennel and juniper berries, raw",1988,798.8,769.2,13500.0,16900.0,769.1999999999999,0.0,0.03846153846153855,836.4
"Anise, badian, coriander, cumin, caraway, fennel and juniper berries, raw",1989,836.4,798.8,23000.0,27500.0,801.4666666666667,0.6272189349112427,0.7037037037037037,865.5
"Anise, badian, coriander, cumin, caraway, fennel and juniper berries, raw",1990,865.5,836.4,23800.0,27500.0,833.5666666666666,0.0,0.034782608695652195,837.2
"Anise, badian, coriander, cumin, caraway, fennel and juniper berries, raw",1991,837.2,865.5,18000.0,21500.0,846.3666666666667,-0.21818181818181814,-0.24369747899159666,750.0
"Anise, badian, coriander, cumin, caraway, fennel and juniper berries, raw",1992,750.0,837.2,15000.0,20000.0,817.5666666666666,-0.06976744186046513,-0.16666666666666663,700.0
"Anise, badian, coriander, cumin, caraway, fennel and juniper berries, raw",1993,700.0,750.0,14000.0,20000.0,762.4,0.0,-0.06666666666666665,825.0
"Anise, badian, coriander, cumin, caraway, fennel and juniper berries, raw",1994,825.0,700.0,16500.0,20000.0,758.3333333333334,0.0,0.1785714285714286,833.3
"Anise, badian, coriander, cumin, caraway, fennel and juniper berries, raw",1995,833.3,825.0,20000.0,24000.0,786.1,0.19999999999999996,0.21212121212121215,833.3
"Anise, badian, coriander, cumin, caraway, fennel and juniper berries, raw",1996,833.3,833.3,20000.0,24000.0,830.5333333333333,0.0,0.0,836.7
"Anise, badian, coriander, cumin, caraway, fennel and juniper berries, raw",1997,836.7,833.3,20500.0,24500.0,834.4333333333334,0.02083333333333326,0.02499999999999991,840.0
"Anise, badian, coriander, cumin, caraway, fennel and juniper berries, raw",1998,840.0,836.7,21000.0,25000.0,836.6666666666666,0.020408163265306145,0.024390243902439046,843.1
"Anise, badian, coriander, cumin, caraway, fennel and juniper berries, raw",1999,843.1,840.0,21500.0,25500.0,839.9333333333334,0.020000000000000018,0.023809523809523725,846.2
"Anise, badian, coriander, cumin, caraway, fennel and juniper berries, raw",2000,846.2,843.1,22000.0,26000.0,843.1,0.019607843137254832,0.023255813953488413,846.2
"Anise, badian, coriander, cumin, caraway, fennel and juniper berries, raw",2001,846.2,846.2,22000.0,26000.0,845.1666666666666,0.0,0.0,846.2
"Anise, badian, coriander, cumin, caraway, fennel and juniper berries, raw",2002,846.2,846.2,22000.0,26000.0,846.2,0.0,0.0,846.2
"Anise, badian, coriander, cumin, caraway, fennel and juniper berries, raw",2003,846.2,846.2,22000.0,26000.0,846.2,0.0,0.0,846.2
"Anise, badian, coriander, cumin, caraway, fennel and juniper berries, raw",2004,846.2,846.2,22000.0,26000.0,846.2,0.0,0.0,846.2
"Anise, badian, coriander, cumin, caraway, fennel and juniper berries, raw",2005,846.2,846.2,22000.0,26000.0,846.2,0.0,0.0,846.2
"Anise, badian, coriander, cumin, caraway, fennel and juniper berries, raw",2006,846.2,846.2,22000.0,26000.0,846.2,0.0,0.0,846.2
"Anise, badian, coriander, cumin, caraway, fennel and juniper berries, raw",2007,846.2,846.2,22000.0,26000.0,846.2,0.0,0.0,846.2
"Anise, badian, coriander, cumin, caraway, fennel and juniper berries, raw",2008,846.2,846.2,22000.0,26000.0,846.2,0.0,0.0,846.2
"Anise, badian, coriander, cumin, caraway, fennel and juniper berries, raw",2009,846.2,846.2,22000.0,26000.0,846.2,0.0,0.0,856.5
"Anise, badian, coriander, cumin, caraway, fennel and juniper berries, raw",2010,856.5,846.2,23195.35,27081.0,849.6333333333333,0.04157692307692318,0.054334090909090804,864.5
"Anise, badian, coriander, cumin, caraway, fennel and juniper berries, raw",2011,864.5,856.5,24407.0,28233.0,855.7333333333332,0.04253904951811238,0.05223676297188873,871.6
"Anise, badian, coriander, cumin, caraway, fennel and juniper berries, raw",2012,871.6,864.5,25560.41,29325.0,864.1999999999999,0.038678142599086085,0.047257344204531426,897.4
"Anise, badian, coriander, cumin, caraway, fennel and juniper berries, raw",2013,897.4,871.6,28000.0,31200.0,877.8333333333334,0.0639386189258313,0.09544408716448594,885.6
Apples,1964,11904.8,11904.8,5000.0,420.0,10317.5,0.0,0.0,16666.7
Apples,1965,16666.7,11904.8,7000.0,420.0,13492.099999999999,0.0,0.3999999999999999,14198.2
Apples,1966,14198.2,16666.7,6375.0,449.0,14256.566666666666,0.06904761904761902,-0.0892857142857143,12216.7
Apples,1967,12216.7,14198.2,6145.0,503.0,14360.533333333333,0.12026726057906467,-0.03607843137254907,11904.8
Apples,1968,11904.8,12216.7,5000.0,420.0,12773.233333333332,-0.16500994035785288,-0.1863303498779495,9523.8
Apples,1969,9523.8,11904.8,4000.0,420.0,11215.1,0.0,-0.19999999999999996,9523.8
Apples,1970,9523.8,9523.8,4000.0,420.0,10317.466666666665,0.0,0.0,4761.9
Apples,1971,4761.9,9523.8,4000.0,840.0,7936.5,1.0,0.0,8809.5
Apples,1972,8809.5,4761.9,7400.0,840.0,7698.399999999999,0.0,0.8500000000000001,8333.3
Apples,1973,8333.3,8809.5,7000.0,840.0,7301.566666666666,0.0,-0.05405405405405406,6349.2
Apples,1974,6349.2,8333.3,8000.0,1260.0,7830.666666666665,0.5,0.1428571428571428,6666.7
Apples,1975,6666.7,6349.2,8000.0,1200.0,7116.399999999999,-0.04761904761904767,0.0,4821.4
Apples,1976,4821.4,6666.7,8100.0,1680.0,5945.766666666666,0.3999999999999999,0.012499999999999956,5203.1
Apples,1977,5203.1,4821.4,9631.0,1851.0,5563.733333333333,0.10178571428571437,0.18901234567901226,4810.9
Apples,1978,4810.9,5203.1,9487.0,1972.0,4945.133333333333,0.06537007023230679,-0.014951718409303316,8208.5
Apples,1979,8208.5,4810.9,16852.0,2053.0,6074.166666666667,0.04107505070993911,0.7763254980499632,8373.0
Apples,1980,8373.0,8208.5,17642.0,2107.0,7130.8,0.02630297126156833,0.046878708758604226,5853.9
Apples,1981,5853.9,8373.0,13505.0,2307.0,7478.466666666666,0.09492168960607494,-0.23449722253712735,9508.2
Apples,1982,9508.2,5853.9,23143.0,2434.0,7911.7,0.05504984828781967,0.7136616068122918,9200.0
Apples,1983,9200.0,9508.2,23000.0,2500.0,8187.366666666666,0.027115858668857795,-0.00617897420386293,3132.5
Apples,1984,3132.5,9200.0,26000.0,8300.0,7280.233333333333,2.32,0.13043478260869557,9183.7
Apples,1985,9183.7,3132.5,27000.0,2940.0,7172.066666666667,-0.6457831325301204,0.03846153846153855,9863.9
Apples,1986,9863.9,9183.7,29000.0,2940.0,7393.366666666666,0.0,0.07407407407407418,8095.2
Apples,1987,8095.2,9863.9,34000.0,4200.0,9047.6,0.4285714285714286,0.17241379310344818,6710.0
Apples,1988,6710.0,8095.2,31000.0,4620.0,8223.033333333333,0.10000000000000009,-0.08823529411764708,6983.0
Apples,1989,6983.0,6710.0,44000.0,6301.0,7262.733333333334,0.36385281385281387,0.4193548387096775,6696.4
Apples,1990,6696.4,6983.0,45000.0,6720.0,6796.466666666666,0.06649738136803673,0.022727272727272707,8152.0
Apples,1991,8152.0,6696.4,61719.0,7571.0,7277.133333333332,0.1266369047619047,0.37153333333333327,8506.7
Apples,1992,8506.7,8152.0,64804.0,7618.0,7785.033333333333,0.006207898560295799,0.04998460765728541,11261.6
Apples,1993,11261.6,8506.7,260797.0,23158.0,9306.766666666668,2.039905487004463,3.024396642182581,12079.7
Apples,1994,12079.7,11261.6,354311.0,29331.0,10616.0,0.26656015199930905,0.35857007557602283,12951.3
Apples,1995,12951.3,12079.7,312514.0,24130.0,12097.533333333333,-0.17732092325525894,-0.11796698380801052,17317.4
Apples,1996,17317.4,12951.3,437714.0,25276.0,14116.133333333333,0.047492747617074116,0.4006220521320645,16589.1
Apples,1997,16589.1,17317.4,412321.0,24855.0,15619.266666666665,-0.016656116474125682,-0.058012766326871024,17096.9
Apples,1998,17096.9,16589.1,403317.0,23590.0,17001.133333333335,-0.050895192114262744,-0.021837354876419135,17219.0
Apples,1999,17219.0,17096.9,388461.0,22560.0,16968.333333333332,-0.04366256888512077,-0.03683454949828546,15452.1
Apples,2000,15452.1,17219.0,415647.0,26899.0,16589.333333333332,0.19233156028368792,0.06998385938356755,17196.2
Apples,2001,17196.2,15452.1,468269.0,27231.0,16622.433333333334,0.012342466262686314,0.1266026219364027,17303.2
Apples,2002,17303.2,17196.2,473588.0,27370.0,16650.5,0.005104476515735756,0.011358855700462689,20136.1
Apples,2003,20136.1,17303.2,524948.0,26070.0,18211.833333333332,-0.04749725977347463,0.10844869380136313,20847.4
Apples,2004,20847.4,20136.1,533360.0,25584.0,19428.899999999998,-0.01864211737629462,0.0160244443259141,21264.7
Apples,2005,21264.7,20847.4,546183.0,25685.0,20749.4,0.003947779862413903,0.024041922903854873,22721.0
Apples,2006,22721.0,21264.7,578250.0,25450.0,21611.033333333336,-0.009149308935176181,0.05871109133751884,22722.3
Apples,2007,22722.3,22721.0,570330.0,25100.0,22236.0,-0.013752455795677854,-0.013696498054474704,23112.8
Apples,2008,23112.8,22722.3,557944.0,24140.0,22852.033333333336,-0.03824701195219127,-0.021717251415847016,23060.0
Apples,2009,23060.0,23112.8,550743.0,23883.0,22965.033333333336,-0.01064623032311518,-0.012906313178383533,23590.9
Apples,2010,23590.9,23060.0,508833.0,21569.0,23254.566666666666,-0.09688900054432026,-0.07609719960126593,23383.9
Apples,2011,23383.9,23590.9,493119.0,21088.0,23344.933333333334,-0.02230052390004178,-0.030882430974406128,21751.1
Apples,2012,21751.1,23383.9,455817.0,20956.0,22908.63333333333,-0.006259484066767795,-0.07564502685964236,25596.5
Apples,2013,25596.5,21751.1,541239.0,21145.0,23577.166666666668,0.0090188967360183,0.18740415561508228,25329.4
Apricots,1964,8934.1,9563.7,7728.0,865.0,8159.133333333334,0.011695906432748648,-0.054910113733643184,6934.6
Apricots,1965,6934.6,8934.1,6789.0,979.0,8477.466666666667,0.1317919075144509,-0.12150621118012417,5846.5
Apricots,1966,5846.5,6934.6,5940.0,1016.0,7238.400000000001,0.037793667007150145,-0.12505523641184269,8027.2
Apricots,1967,8027.2,5846.5,10034.0,1250.0,6936.099999999999,0.2303149606299213,0.6892255892255892,11111.1
Apricots,1968,11111.1,8027.2,14000.0,1260.0,8328.266666666668,0.008000000000000007,0.3952561291608532,7142.9
Apricots,1969,7142.9,11111.1,9000.0,1260.0,8760.4,0.0,-0.3571428571428571,8730.2
Apricots,1970,8730.2,7142.9,11000.0,1260.0,8994.733333333334,0.0,0.22222222222222232,6547.6
Apricots,1971,6547.6,8730.2,11000.0,1680.0,7473.566666666668,0.33333333333333326,0.0,6547.6
Apricots,1972,6547.6,6547.6,11000.0,1680.0,7275.133333333334,0.0,0.0,7142.9
Apricots,1973,7142.9,6547.6,12000.0,1680.0,6746.033333333334,0.0,0.09090909090909083,7738.1
Apricots,1974,7738.1,7142.9,13000.0,1680.0,7142.866666666668,0.0,0.08333333333333326,7381.0
Apricots,1975,7381.0,7738.1,15500.0,2100.0,7420.666666666667,0.25,0.1923076923076923,6571.4
Apricots,1976,6571.4,7381.0,13800.0,2100.0,7230.166666666667,0.0,-0.10967741935483866,5812.8
Apricots,1977,5812.8,6571.4,11585.0,1993.0,6588.400000000001,-0.05095238095238097,-0.16050724637681157,4440.6
Apricots,1978,4440.6,5812.8,8930.0,2011.0,5608.266666666667,0.009031610637230347,-0.22917565817867935,8916.6
Apricots,1979,8916.6,4440.6,18707.0,2098.0,6390.0,0.04326205867727495,1.09484882418813,7232.2
Apricots,1980,7232.2,8916.6,14826.0,2050.0,6863.133333333334,-0.02287893231649185,-0.20746244721227347,8661.4
Apricots,1981,8661.4,7232.2,17470.0,2017.0,8270.066666666668,-0.01609756097560977,0.17833535680561186,11384.0
Apricots,1982,11384.0,8661.4,22768.0,2000.0,9092.533333333335,-0.008428358948934012,0.3032627361190612,10952.4
Apricots,1983,10952.4,11384.0,23000.0,2100.0,10332.6,0.050000000000000044,0.01018973998594519,11363.6
Apricots,1984,11363.6,10952.4,25000.0,2200.0,11233.333333333334,0.04761904761904767,0.08695652173913038,11428.6
Apricots,1985,11428.6,11363.6,24000.0,2100.0,11248.200000000003,-0.045454545454545414,-0.040000000000000036,10952.4
Apricots,1986,10952.4,11428.6,23000.0,2100.0,11248.200000000003,0.0,-0.04166666666666663,7142.9
Apricots,1987,7142.9,10952.4,21000.0,2940.0,9841.300000000001,0.3999999999999999,-0.08695652173913049,9863.9
Apricots,1988,9863.9,7142.9,29000.0,2940.0,9319.733333333335,0.0,0.38095238095238093,13095.2
Apricots,1989,13095.2,9863.9,33000.0,2520.0,10034.000000000002,-0.1428571428571429,0.13793103448275867,16666.7
Apricots,1990,16666.7,13095.2,42000.0,2520.0,13208.6,0.0,0.2727272727272727,14275.0
Apricots,1991,14275.0,16666.7,38000.0,2662.0,14678.966666666669,0.05634920634920637,-0.09523809523809523,9286.5
Apricots,1992,9286.5,14275.0,24795.0,2670.0,13409.400000000001,0.003005259203606281,-0.34750000000000003,15338.0
Apricots,1993,15338.0,9286.5,44833.0,2923.0,12966.5,0.09475655430711605,0.8081468037910868,15000.0
Apricots,1994,15000.0,15338.0,45000.0,3000.0,13208.166666666666,0.02634279849469734,0.0037249347578791614,14735.1
Apricots,1995,14735.1,15000.0,43000.0,2918.0,15024.366666666669,-0.02733333333333332,-0.0444444444444444,18250.3
Apricots,1996,18250.3,14735.1,53948.0,2956.0,15995.133333333333,0.013022618231665506,0.25460465116279063,16501.8
Apricots,1997,16501.8,18250.3,50611.0,3067.0,16495.733333333334,0.03755074424898508,-0.06185586119967379,13198.7
Apricots,1998,13198.7,16501.8,40652.0,3080.0,15983.6,0.004238669709814236,-0.1967754045563217,14101.3
Apricots,1999,14101.3,13198.7,45110.0,3199.0,14600.6,0.03863636363636358,0.10966250122995169,12848.4
Apricots,2000,12848.4,14101.3,43042.0,3350.0,13382.800000000001,0.04720225070334472,-0.04584349368211038,12623.6
Apricots,2001,12623.6,12848.4,62613.0,4960.0,13191.1,0.4805970149253731,0.4546954137818875,13855.8
Apricots,2002,13855.8,12623.6,71191.0,5138.0,13109.266666666668,0.03588709677419355,0.13700030345136005,16576.1
Apricots,2003,16576.1,13855.8,103070.0,6218.0,14351.833333333334,0.21019852082522372,0.4477953673919457,10437.8
Apricots,2004,10437.8,16576.1,70424.0,6747.0,13623.233333333332,0.08507558700546802,-0.31673619869991265,9690.4
Apricots,2005,9690.4,10437.8,72523.0,7484.0,12234.766666666665,0.10923373351119015,0.029805180052254965,9733.3
Apricots,2006,9733.3,9690.4,73000.0,7500.0,9953.833333333334,0.002137894174238486,0.0065772237772845354,13808.1
Apricots,2007,13808.1,9733.3,100799.0,7300.0,11077.266666666668,-0.026666666666666616,0.38080821917808216,15763.6
Apricots,2008,15763.6,13808.1,101139.0,6416.0,13101.666666666666,-0.12109589041095892,0.0033730493358068436,16218.3
Apricots,2009,16218.3,15763.6,106165.0,6546.0,15263.333333333334,0.02026184538653375,0.04969398550509685,17112.5
Apricots,2010,17112.5,16218.3,112977.0,6602.0,16364.799999999997,0.008554842652001238,0.06416427259454616,14854.0
Apricots,2011,14854.0,17112.5,92704.0,6241.0,16061.6,-0.05468039987882456,-0.1794436035653274,15470.3
Apricots,2012,15470.3,14854.0,96643.0,6247.0,15812.266666666665,0.0009613843935267763,0.04249007594062815,16120.8
Apricots,2013,16120.8,15470.3,98772.0,6127.0,15481.699999999997,-0.01920922042580442,0.022029531368024546,14599.5
Artichokes,1964,19047.6,14285.7,16000.0,840.0,14285.699999999999,0.0,0.33333333333333326,17857.1
Artichokes,1965,17857.1,19047.6,15000.0,840.0,17063.466666666667,0.0,-0.0625,19047.6
Artichokes,1966,19047.6,17857.1,16000.0,840.0,18650.766666666666,0.0,0.06666666666666665,17204.5
Artichokes,1967,17204.5,19047.6,16155.0,939.0,18036.399999999998,0.11785714285714288,0.009687500000000071,18597.3
Artichokes,1968,18597.3,17204.5,12423.0,668.0,18283.13333333333,-0.288604898828541,-0.23101207056638806,26190.5
Artichokes,1969,26190.5,18597.3,11000.0,420.0,20664.100000000002,-0.37125748502994016,-0.11454560090155352,28571.4
Artichokes,1970,28571.4,26190.5,12000.0,420.0,24453.066666666666,0.0,0.09090909090909083,23809.5
Artichokes,1971,23809.5,28571.4,10000.0,420.0,26190.466666666664,0.0,-0.16666666666666663,26190.5
Artichokes,1972,26190.5,23809.5,11000.0,420.0,26190.466666666664,0.0,0.10000000000000009,28571.4
Artichokes,1973,28571.4,26190.5,12000.0,420.0,26190.46666666667,0.0,0.09090909090909083,19047.6
Artichokes,1974,19047.6,28571.4,16000.0,840.0,24603.166666666668,1.0,0.33333333333333326,35714.3
Artichokes,1975,35714.3,19047.6,15000.0,420.0,27777.766666666666,-0.5,-0.0625,33333.3
Artichokes,1976,33333.3,35714.3,14000.0,420.0,29365.066666666666,0.0,-0.06666666666666665,23418.1
Artichokes,1977,23418.1,33333.3,21451.0,916.0,30821.900000000005,1.1809523809523808,0.5322142857142858,20071.9
Artichokes,1978,20071.9,23418.1,8651.0,431.0,25607.766666666666,-0.5294759825327511,-0.596708778145541,24871.4
Artichokes,1979,24871.4,20071.9,29000.0,1166.0,22787.13333333333,1.7053364269141533,2.352213616922899,17938.4
Artichokes,1980,17938.4,24871.4,29724.0,1657.0,20960.56666666667,0.4210977701543739,0.02496551724137941,14646.5
Artichokes,1981,14646.5,17938.4,29000.0,1980.0,19152.100000000002,0.19493059746529884,-0.024357421612165253,18204.5
Artichokes,1982,18204.5,14646.5,35608.0,1956.0,16929.8,-0.012121212121212088,0.2278620689655173,16943.9
Artichokes,1983,16943.9,18204.5,37429.0,2209.0,16598.3,0.12934560327198374,0.051140193215007956,20634.9
Artichokes,1984,20634.9,16943.9,26000.0,1260.0,18594.433333333334,-0.4296061566319601,-0.30535146544123537,20238.1
Artichokes,1985,20238.1,20634.9,34000.0,1680.0,19272.3,0.33333333333333326,0.3076923076923077,19523.8
Artichokes,1986,19523.8,20238.1,41000.0,2100.0,20132.266666666666,0.25,0.2058823529411764,22381.0
Artichokes,1987,22381.0,19523.8,47000.0,2100.0,20714.3,0.0,0.14634146341463405,21031.7
Artichokes,1988,21031.7,22381.0,53000.0,2520.0,20978.833333333332,0.19999999999999996,0.12765957446808507,17857.1
Artichokes,1989,17857.1,21031.7,45000.0,2520.0,20423.266666666666,0.0,-0.15094339622641506,28231.3
Artichokes,1990,28231.3,17857.1,83000.0,2940.0,22373.36666666667,0.16666666666666674,0.8444444444444446,24270.3
Artichokes,1991,24270.3,28231.3,74000.0,3049.0,23452.899999999998,0.03707482993197275,-0.10843373493975905,25236.4
Artichokes,1992,25236.4,24270.3,67053.0,2657.0,25912.666666666668,-0.12856674319449002,-0.09387837837837842,19833.3
Artichokes,1993,19833.3,25236.4,42820.0,2159.0,23113.333333333332,-0.1874294316898758,-0.361400683041773,14736.8
Artichokes,1994,14736.8,19833.3,28000.0,1900.0,19935.5,-0.11996294580824451,-0.3460999532928538,14500.0
Artichokes,1995,14500.0,14736.8,29000.0,2000.0,16356.699999999999,0.05263157894736836,0.03571428571428581,13568.5
Artichokes,1996,13568.5,14500.0,40000.0,2948.0,14268.433333333334,0.474,0.3793103448275863,18125.4
Artichokes,1997,18125.4,13568.5,34982.0,1930.0,15397.966666666667,-0.3453188602442334,-0.12544999999999995,18057.9
Artichokes,1998,18057.9,18125.4,53614.0,2969.0,16583.933333333334,0.5383419689119171,0.5326167743410897,17056.3
Artichokes,1999,17056.3,18057.9,40270.0,2361.0,17746.533333333336,-0.20478275513640953,-0.2488902152422875,18244.7
Artichokes,2000,18244.7,17056.3,43769.0,2399.0,17786.3,0.016094875052943713,0.0868885026074,19265.9
Artichokes,2001,19265.9,18244.7,87968.0,4566.0,18188.966666666667,0.9032930387661526,1.009824304873312,18612.4
Artichokes,2002,18612.4,19265.9,65255.0,3506.0,18707.666666666668,-0.23215067893123087,-0.2581961622408149,19489.6
Artichokes,2003,19489.6,18612.4,61022.0,3131.0,19122.633333333335,-0.10695949800342275,-0.06486859244502341,19154.3
Artichokes,2004,19154.3,19489.6,110348.0,5761.0,19085.433333333334,0.8399872245289044,0.8083314214545574,19424.4
Artichokes,2005,19424.4,19154.3,54505.0,2806.0,19356.100000000002,-0.5129317826766187,-0.5060626381991518,20000.0
Artichokes,2006,20000.0,19424.4,70000.0,3500.0,19526.233333333334,0.24732715609408418,0.28428584533529033,21538.5
Artichokes,2007,21538.5,20000.0,140000.0,6500.0,20320.966666666664,0.8571428571428572,1.0,21584.9
Artichokes,2008,21584.9,21538.5,172701.0,8001.0,21041.133333333335,0.230923076923077,0.2335785714285714,23022.1
Artichokes,2009,23022.1,21584.9,176372.0,7661.0,22048.5,-0.0424946881639795,0.021256391103699368,24951.1
Artichokes,2010,24951.1,23022.1,209614.0,8401.0,23186.033333333336,0.09659313405560632,0.1884766289433697,24192.8
Artichokes,2011,24192.8,24951.1,215534.0,8909.0,24055.333333333332,0.06046899178669207,0.028242388390088413,21365.3
Artichokes,2012,21365.3,24192.8,202458.0,9476.0,23503.066666666666,0.06364350656639362,-0.06066792246234931,21665.5
Artichokes,2013,21665.5,21365.3,387704.0,17895.0,22407.866666666665,0.888455044322499,0.9149848363611217,20391.2
Bananas,1964,18003.9,20486.6,55524.0,3084.0,19064.899999999998,0.10182207931404075,-0.03170450978340489,14106.2
Bananas,1965,14106.2,18003.9,49682.0,3522.0,17532.233333333334,0.14202334630350189,-0.10521576255313014,19043.4
Bananas,1966,19043.4,14106.2,64005.0,3361.0,17051.166666666668,-0.04571266325951162,0.28829354695865717,22418.1
Bananas,1967,22418.1,19043.4,85413.0,3810.0,18522.566666666666,0.1335911930972924,0.3344738692289664,16631.1
Bananas,1968,16631.1,22418.1,65859.0,3960.0,19364.2,0.03937007874015741,-0.22893470548979666,22751.3
Bananas,1969,22751.3,16631.1,86000.0,3780.0,20600.166666666664,-0.045454545454545414,0.3058200094140513,24074.1
Bananas,1970,24074.1,22751.3,91000.0,3780.0,21152.166666666664,0.0,0.058139534883721034,21687.4
Bananas,1971,21687.4,24074.1,82000.0,3781.0,22837.599999999995,0.0002645502645501896,-0.09890109890109888,22613.7
Bananas,1972,22613.7,21687.4,95000.0,4201.0,22791.733333333334,0.11108172441153141,0.15853658536585358,23371.6
Bananas,1973,23371.6,22613.7,108000.0,4621.0,22557.566666666666,0.09997619614377529,0.13684210526315788,21856.7
Bananas,1974,21856.7,23371.6,101000.0,4621.0,22614.0,0.0,-0.06481481481481477,23804.4
Bananas,1975,23804.4,21856.7,110000.0,4621.0,23010.900000000005,0.0,0.08910891089108919,22217.8
Bananas,1976,22217.8,23804.4,112000.0,5041.0,22626.3,0.09088941787491889,0.018181818181818077,21680.8
Bananas,1977,21680.8,22217.8,111786.0,5156.0,22567.666666666668,0.02281293394167827,-0.0019107142857143211,24158.2
Bananas,1978,24158.2,21680.8,126927.0,5254.0,22685.600000000002,0.019006982156710706,0.13544629917878814,20673.5
Bananas,1979,20673.5,24158.2,113394.0,5485.0,22170.833333333332,0.043966501712980666,-0.10662034082582905,19591.3
Bananas,1980,19591.3,20673.5,112552.0,5745.0,21474.333333333332,0.04740200546946216,-0.007425436971973842,21134.5
Bananas,1981,21134.5,19591.3,133295.0,6307.0,20466.433333333334,0.09782419495213235,0.18429703603667646,19835.1
Bananas,1982,19835.1,21134.5,136525.0,6883.0,20186.966666666667,0.09132709687648655,0.0242319666904236,23239.4
Bananas,1983,23239.4,19835.1,165000.0,7100.0,21403.0,0.031526950457649194,0.2085698590001832,22354.5
Bananas,1984,22354.5,23239.4,169000.0,7560.0,21809.666666666668,0.06478873239436611,0.024242424242424176,21904.8
Bananas,1985,21904.8,22354.5,184000.0,8400.0,22499.566666666666,0.11111111111111116,0.08875739644970415,21014.5
Bananas,1986,21014.5,21904.8,203000.0,9660.0,21757.933333333334,0.1499999999999999,0.1032608695652173,19458.1
Bananas,1987,19458.1,21014.5,237000.0,12180.0,20792.466666666664,0.26086956521739135,0.16748768472906406,19467.8
Bananas,1988,19467.8,19458.1,278000.0,14280.0,19980.13333333333,0.17241379310344818,0.1729957805907174,22839.9
Bananas,1989,22839.9,19467.8,355000.0,15543.0,20588.6,0.08844537815126041,0.2769784172661871,24306.2
Bananas,1990,24306.2,22839.9,388000.0,15963.0,22204.63333333333,0.02702181046130092,0.09295774647887334,28406.0
Bananas,1991,28406.0,24306.2,415495.0,14627.0,25184.033333333336,-0.0836935413142893,0.07086340206185571,27771.8
Bananas,1992,27771.8,28406.0,392887.0,14147.0,26828.0,-0.032816025158952655,-0.05441220712643957,27887.0
Bananas,1993,27887.0,27771.8,396497.0,14218.0,28021.600000000002,0.0050187318866190544,0.009188392591253924,29409.8
Bananas,1994,29409.8,27887.0,405237.0,13779.0,28356.2,-0.030876353917569266,0.022043041939787678,32849.9
Bananas,1995,32849.9,29409.8,459012.0,13973.0,30048.899999999998,0.014079396182596682,0.13270012363135653,34455.8
Bananas,1996,34455.8,32849.9,498679.0,14473.0,32238.5,0.03578329635726041,0.08641822000296284,37163.3
Bananas,1997,37163.3,34455.8,570457.0,15350.0,34823.0,0.06059559179161189,0.14393627965083744,37766.1
Bananas,1998,37766.1,37163.3,635000.0,16814.0,36461.73333333334,0.09537459283387628,0.11314262074091475,38567.5
Bananas,1999,38567.5,37766.1,655570.0,16998.0,37832.299999999996,0.01094326156774117,0.03239370078740156,32365.4
Bananas,2000,32365.4,38567.5,728999.0,22524.0,36233.0,0.32509707024355805,0.11200787101301168,34485.3
Bananas,2001,34485.3,32365.4,760505.0,22053.0,35139.4,-0.02091102823654767,0.043218166280063475,41014.8
Bananas,2002,41014.8,34485.3,849293.0,20707.0,35955.16666666667,-0.06103477984854666,0.11674873932452767,41534.8
Bananas,2003,41534.8,41014.8,877588.0,21129.0,39011.63333333334,0.02037958178393784,0.03331594632241175,40873.2
Bananas,2004,40873.2,41534.8,870886.0,21307.0,41140.933333333334,0.008424440342656991,-0.007636840977770842,41143.5
Bananas,2005,41143.5,40873.2,875123.0,21270.0,41183.833333333336,-0.0017365185150419737,0.0048651603080080985,42812.1
Bananas,2006,42812.1,41143.5,922600.0,21550.0,41609.6,0.01316408086506815,0.05425180231807425,43012.6
Bananas,2007,43012.6,42812.1,855090.0,19880.0,42322.73333333333,-0.07749419953596293,-0.07317363971385216,43830.7
Bananas,2008,43830.7,43012.6,945429.0,21570.0,43218.46666666667,0.08501006036217307,0.10564852822509918,44766.9
Bananas,2009,44766.9,43830.7,1062453.0,23733.0,43870.06666666666,0.10027816411682888,0.12377872902142828,46799.4
Bananas,2010,46799.4,44766.9,1120517.0,23943.0,45132.333333333336,0.008848438882568477,0.05465088808634366,45398.0
Bananas,2011,45398.0,46799.4,1028946.0,22665.0,45654.76666666666,-0.053376769828342274,-0.08172209792444018,44871.0
Bananas,2012,44871.0,45398.0,1054243.0,23495.0,45689.466666666674,0.03662033973086265,0.024585352389727033,45059.5
Bananas,2013,45059.5,44871.0,1129777.0,25073.0,45109.5,0.06716322621834436,0.07164761824361188,45892.1
Barley,1964,2648.8,2661.1,134362.0,50725.0,2640.5,-0.07732465075669381,-0.08157434242904793,2685.0
Barley,1965,2685.0,2648.8,142174.0,52951.0,2664.9666666666667,0.043883686545096,0.058141438799660605,2464.2
Barley,1966,2464.2,2685.0,129606.0,52595.0,2599.3333333333335,-0.006723196917905239,-0.08839872269191273,2489.5
Barley,1967,2489.5,2464.2,102070.0,41000.0,2546.233333333333,-0.220458218461831,-0.2124592997237782,1762.0
Barley,1968,1762.0,2489.5,114000.0,64700.0,2238.5666666666666,0.578048780487805,0.11688057215636327,1938.5
Barley,1969,1938.5,1762.0,126000.0,65000.0,2063.3333333333335,0.004636785162287493,0.10526315789473695,1887.1
Barley,1970,1887.1,1938.5,117000.0,62000.0,1862.5333333333335,-0.0461538461538461,-0.0714285714285714,2272.3
Barley,1971,2272.3,1887.1,84000.0,36967.0,2032.6333333333332,-0.40375806451612906,-0.28205128205128205,2411.8
Barley,1972,2411.8,2272.3,77000.0,31926.0,2190.4,-0.1363648659615333,-0.08333333333333337,2675.0
Barley,1973,2675.0,2411.8,109000.0,40748.0,2453.0333333333333,0.2763265050429118,0.4155844155844155,2677.9
Barley,1974,2677.9,2675.0,96746.0,36128.0,2588.2333333333336,-0.11337979778148621,-0.11242201834862386,2743.9
Barley,1975,2743.9,2677.9,88753.0,32346.0,2698.933333333333,-0.10468334809565982,-0.0826184028280239,2825.0
Barley,1976,2825.0,2743.9,118169.0,41830.0,2748.933333333333,0.293204723922587,0.3314366838304057,2750.3
Barley,1977,2750.3,2825.0,123197.0,44794.0,2773.066666666667,0.07085823571599326,0.042549230339598454,2754.4
Barley,1978,2754.4,2750.3,111905.0,40627.0,2776.566666666667,-0.09302585167656385,-0.09165807608951515,2712.7
Barley,1979,2712.7,2754.4,133201.0,49103.0,2739.1333333333337,0.20862972899795706,0.1903042759483491,2701.8
Barley,1980,2701.8,2712.7,122386.0,45298.0,2722.9666666666667,-0.07749017371647349,-0.08119308413600501,2665.9
Barley,1981,2665.9,2701.8,106961.0,40122.0,2693.4666666666667,-0.11426553048699717,-0.1260356576732633,2696.9
Barley,1982,2696.9,2665.9,103320.0,38310.0,2688.2000000000003,-0.045162255121878325,-0.03404044464804934,2631.8
Barley,1983,2631.8,2696.9,120796.0,45898.0,2664.866666666667,0.1980683894544506,0.16914440572977152,2590.8
Barley,1984,2590.8,2631.8,131679.0,50825.0,2639.8333333333335,0.10734672534750977,0.09009404284910105,2722.3
Barley,1985,2722.3,2590.8,144552.0,53100.0,2648.3,0.04476143630103291,0.09776046294397744,2761.9
Barley,1986,2761.9,2722.3,145000.0,52500.0,2691.6666666666665,-0.011299435028248594,0.0030992307266588526,3036.4
Barley,1987,3036.4,2761.9,167000.0,55000.0,2840.2000000000003,0.04761904761904767,0.15172413793103456,3148.9
Barley,1988,3148.9,3036.4,148000.0,47000.0,2982.4,-0.1454545454545455,-0.11377245508982037,3209.7
Barley,1989,3209.7,3148.9,120000.0,37387.0,3131.6666666666665,-0.204531914893617,-0.18918918918918914,2777.8
Barley,1990,2777.8,3209.7,138000.0,49679.0,3045.4666666666667,0.3287773825126381,0.1499999999999999,2661.7
Barley,1991,2661.7,2777.8,142000.0,53350.0,2883.066666666667,0.0738944020612331,0.02898550724637672,1873.8
Barley,1992,1873.8,2661.7,121000.0,64575.0,2437.7666666666664,0.21040299906279292,-0.147887323943662,2248.1
Barley,1993,2248.1,1873.8,234000.0,104089.0,2261.2000000000003,0.611908633372048,0.9338842975206612,2199.4
Barley,1994,2199.4,2248.1,132867.0,60410.0,2107.1,-0.419631277080191,-0.43219230769230765,2083.4
Barley,1995,2083.4,2199.4,129441.0,62129.0,2176.9666666666667,0.028455553716272064,-0.025785183679920554,1957.5
Barley,1996,1957.5,2083.4,368297.0,188143.0,2080.1,2.0282637737610454,1.845288587078283,2684.4
Barley,1997,2684.4,1957.5,119522.0,44524.0,2241.766666666667,-0.7633502176535933,-0.6754738702731763,2176.2
Barley,1998,2176.2,2684.4,125575.0,57705.0,2272.7,0.29604258377504267,0.050643396194842705,2467.0
Barley,1999,2467.0,2176.2,148021.0,60000.0,2442.5333333333333,0.039771250324928564,0.1787457694604817,2014.6
Barley,2000,2014.6,2467.0,114359.0,56764.0,2219.2666666666664,-0.05393333333333339,-0.22741367778896238,2032.7
Barley,2001,2032.7,2014.6,99392.0,48896.0,2171.4333333333334,-0.13860897752096402,-0.13087732491539805,3039.1
Barley,2002,3039.1,2032.7,93905.0,30899.0,2362.133333333333,-0.368066917539267,-0.05520565035415326,3053.8
Barley,2003,3053.8,3039.1,100797.0,33007.0,2708.5333333333333,0.0682222725654551,0.07339332303924184,2886.1
Barley,2004,2886.1,3053.8,141447.0,49009.0,2993.0,0.48480625321901405,0.4032858120777405,2743.0
Barley,2005,2743.0,2886.1,163080.0,59454.0,2894.2999999999997,0.2131241200595808,0.15294067742688067,2701.3
Barley,2006,2701.3,2743.0,167020.0,61830.0,2776.7999999999997,0.03996366939146223,0.02415992151091495,1696.7
Barley,2007,1696.7,2701.3,152900.0,90115.0,2380.3333333333335,0.4574640142325732,-0.08454077356005274,1732.5
Barley,2008,1732.5,1696.7,178344.0,102940.0,2043.5,0.14231814903179263,0.16640941792020936,1952.6
Barley,2009,1952.6,1732.5,149238.0,76432.0,1793.9333333333334,-0.2575092286768992,-0.16320145337101333,1562.6
Barley,2010,1562.6,1952.6,148415.0,94980.0,1749.2333333333333,0.24267322587397944,-0.005514681247403508,1334.6
Barley,2011,1334.6,1562.6,117113.0,87752.0,1616.6000000000001,-0.07610023162771107,-0.21090860088266006,1811.2
Barley,2012,1811.2,1334.6,122294.0,67520.0,1569.4666666666665,-0.23055884766159174,0.044239324413173575,1315.0
Barley,2013,1315.0,1811.2,108495.0,82504.0,1486.9333333333334,0.22191943127962088,-0.11283464438157231,1670.3
"Beans, dry",1964,1428.6,2381.0,3000.0,2100.0,1726.0,1.5,0.5,1700.7
"Beans, dry",1965,1700.7,1428.6,10000.0,5880.0,1836.7666666666667,1.7999999999999998,2.3333333333333335,1731.6
"Beans, dry",1966,1731.6,1700.7,8000.0,4620.0,1620.3,-0.2142857142857143,-0.19999999999999996,1515.2
"Beans, dry",1967,1515.2,1731.6,7000.0,4620.0,1649.1666666666667,0.0,-0.125,1587.3
"Beans, dry",1968,1587.3,1515.2,6000.0,3780.0,1611.3666666666668,-0.18181818181818177,-0.1428571428571429,1731.6
"Beans, dry",1969,1731.6,1587.3,8000.0,4620.0,1611.3666666666666,0.22222222222222232,0.33333333333333326,1948.1
"Beans, dry",1970,1948.1,1731.6,9000.0,4620.0,1755.6666666666667,0.0,0.125,1831.2
"Beans, dry",1971,1831.2,1948.1,10000.0,5461.0,1836.9666666666665,0.182034632034632,0.11111111111111116,2040.5
"Beans, dry",1972,2040.5,1831.2,12000.0,5881.0,1939.9333333333334,0.07690899102728443,0.19999999999999996,2063.2
"Beans, dry",1973,2063.2,2040.5,13000.0,6301.0,1978.3,0.07141642577792884,0.08333333333333326,2040.5
"Beans, dry",1974,2040.5,2063.2,12000.0,5881.0,2048.0666666666666,-0.06665608633550235,-0.07692307692307687,1960.5
"Beans, dry",1975,1960.5,2040.5,14000.0,7141.0,2021.3999999999999,0.21424927733378674,0.16666666666666674,2023.3
"Beans, dry",1976,2023.3,1960.5,17000.0,8402.0,2008.1000000000001,0.17658591233720777,0.2142857142857142,2023.3
"Beans, dry",1977,2023.3,2023.3,17000.0,8402.0,2002.3666666666668,0.0,0.0,1990.6
"Beans, dry",1978,1990.6,2023.3,12971.0,6516.0,2012.3999999999999,-0.22447036419900024,-0.237,1973.8
"Beans, dry",1979,1973.8,1990.6,12419.0,6292.0,1995.8999999999999,-0.03437691835481893,-0.04255647213013647,2027.5
"Beans, dry",1980,2027.5,1973.8,11137.0,5493.0,1997.3,-0.12698664971392248,-0.10322892342378609,2028.9
"Beans, dry",1981,2028.9,2027.5,9905.0,4882.0,2010.0666666666666,-0.11123247769888944,-0.1106222501571339,2047.5
"Beans, dry",1982,2047.5,2028.9,8626.0,4213.0,2034.6333333333332,-0.137034002458009,-0.12912670368500756,1974.1
"Beans, dry",1983,1974.1,2047.5,12182.0,6171.0,2016.8333333333333,0.4647519582245432,0.4122420588917226,2063.5
"Beans, dry",1984,2063.5,1974.1,13000.0,6300.0,2028.3666666666668,0.020904229460379176,0.06714825151863413,2142.9
"Beans, dry",1985,2142.9,2063.5,9000.0,4200.0,2060.1666666666665,-0.33333333333333337,-0.3076923076923077,2173.9
"Beans, dry",1986,2173.9,2142.9,10000.0,4600.0,2126.766666666667,0.09523809523809534,0.11111111111111116,2255.6
"Beans, dry",1987,2255.6,2173.9,18000.0,7980.0,2190.7999999999997,0.7347826086956522,0.8,2777.2
"Beans, dry",1988,2777.2,2255.6,28000.0,10082.0,2402.2333333333336,0.2634085213032582,0.5555555555555556,2202.4
"Beans, dry",1989,2202.4,2777.2,18500.0,8400.0,2411.733333333333,-0.16683197778218606,-0.3392857142857143,2409.1
"Beans, dry",1990,2409.1,2202.4,20511.0,8514.0,2462.9,0.013571428571428568,0.10870270270270277,2456.4
"Beans, dry",1991,2456.4,2409.1,23618.0,9615.0,2355.9666666666667,0.12931642001409438,0.15147969382282667,2546.9
"Beans, dry",1992,2546.9,2456.4,31342.0,12306.0,2470.7999999999997,0.2798751950078002,0.32703869929714635,2117.7
"Beans, dry",1993,2117.7,2546.9,20182.0,9530.0,2373.6666666666665,-0.22558101738989111,-0.35607172484206495,2200.0
"Beans, dry",1994,2200.0,2117.7,11000.0,5000.0,2288.2000000000003,-0.4753410283315844,-0.4549598652264394,2398.8
"Beans, dry",1995,2398.8,2200.0,11610.0,4840.0,2238.8333333333335,-0.03200000000000003,0.05545454545454542,2261.3
"Beans, dry",1996,2261.3,2398.8,13880.0,6138.0,2286.7000000000003,0.2681818181818181,0.1955211024978467,2525.0
"Beans, dry",1997,2525.0,2261.3,23442.0,9284.0,2395.0333333333333,0.5125448028673836,0.6889048991354467,2526.3
"Beans, dry",1998,2526.3,2525.0,24000.0,9500.0,2437.5333333333333,0.023265833692373894,0.023803429741489524,2538.9
"Beans, dry",1999,2538.9,2526.3,24500.0,9650.0,2530.0666666666666,0.015789473684210575,0.02083333333333326,2828.4
"Beans, dry",2000,2828.4,2538.9,33183.0,11732.0,2631.2000000000003,0.2157512953367875,0.3544081632653062,2924.1
"Beans, dry",2001,2924.1,2828.4,33019.0,11292.0,2763.7999999999997,-0.037504261847937315,-0.004942289726667215,2793.1
"Beans, dry",2002,2793.1,2924.1,40645.0,14552.0,2848.5333333333333,0.28869996457669145,0.2309579333111238,2741.3
"Beans, dry",2003,2741.3,2793.1,52908.0,19300.0,2819.5,0.32627817482133037,0.30170992742034697,2725.1
"Beans, dry",2004,2725.1,2741.3,54730.0,20084.0,2753.1666666666665,0.04062176165803111,0.034437136160883064,2915.9
"Beans, dry",2005,2915.9,2725.1,50355.0,17269.0,2794.1,-0.140161322445728,-0.07993787684999087,2917.7
"Beans, dry",2006,2917.7,2915.9,50360.0,17260.0,2852.9,-0.0005211650935201817,9.929500546124181e-05,2968.2
"Beans, dry",2007,2968.2,2917.7,54140.0,18240.0,2933.933333333333,0.056778679026651124,0.07505957108816519,2915.6
"Beans, dry",2008,2915.6,2968.2,60790.0,20850.0,2933.8333333333335,0.14309210526315796,0.1228297007757666,3060.3
"Beans, dry",2009,3060.3,2915.6,96413.0,31504.0,2981.3666666666663,0.5109832134292567,0.5860009870044416,2821.8
"Beans, dry",2010,2821.8,3060.3,65866.0,23342.0,2932.566666666667,-0.25907821229050276,-0.31683486666735816,2690.4
"Beans, dry",2011,2690.4,2821.8,52904.0,19664.0,2857.5,-0.15757004541170427,-0.19679348981264988,2885.5
"Beans, dry",2012,2885.5,2690.4,100622.0,34871.0,2799.2333333333336,0.7733421480878764,0.9019733857553305,2617.6
"Beans, dry",2013,2617.6,2885.5,69486.0,26546.0,2731.1666666666665,-0.23873705944767853,-0.3094353123571386,2652.0
"Broad beans and horse beans, dry",1964,1640.8,2039.5,263296.0,160470.0,1580.8333333333333,-0.002616678372314163,-0.19759854937754273,2034.4
"Broad beans and horse beans, dry",1965,2034.4,1640.8,365768.0,179794.0,1904.9000000000003,0.12042126254128505,0.3891893534273214,1890.7
"Broad beans and horse beans, dry",1966,1890.7,2034.4,343900.0,181895.0,1855.3000000000002,0.011685595737343846,-0.05978653135320755,2168.7
"Broad beans and horse beans, dry",1967,2168.7,1890.7,380805.0,175593.0,2031.2666666666667,-0.03464636191209214,0.10731317243384697,1492.7
"Broad beans and horse beans, dry",1968,1492.7,2168.7,190000.0,127284.0,1850.7,-0.2751191676205771,-0.5010569714158165,2180.8
"Broad beans and horse beans, dry",1969,2180.8,1492.7,284000.0,130225.0,1947.4000000000003,0.023105810628201606,0.49473684210526314,2093.4
"Broad beans and horse beans, dry",1970,2093.4,2180.8,299000.0,142827.0,1922.3000000000004,0.09677097331541562,0.052816901408450745,2191.3
"Broad beans and horse beans, dry",1971,2191.3,2093.4,278000.0,126864.0,2155.1666666666674,-0.11176458232687092,-0.07023411371237454,2335.1
"Broad beans and horse beans, dry",1972,2335.1,2191.3,257000.0,110061.0,2206.6000000000004,-0.13244892167990918,-0.07553956834532372,2557.1
"Broad beans and horse beans, dry",1973,2557.1,2335.1,362000.0,141567.0,2361.1666666666674,0.286259437948047,0.4085603112840468,2389.2
"Broad beans and horse beans, dry",1974,2389.2,2557.1,273000.0,114262.0,2427.133333333333,-0.19287687102220152,-0.2458563535911602,2274.0
"Broad beans and horse beans, dry",1975,2274.0,2389.2,235000.0,103340.0,2406.766666666667,-0.09558733437188216,-0.13919413919413914,2228.6
"Broad beans and horse beans, dry",1976,2228.6,2274.0,234000.0,105000.0,2297.266666666667,0.01606347977549838,-0.004255319148936176,2297.3
"Broad beans and horse beans, dry",1977,2297.3,2228.6,255000.0,111000.0,2266.6333333333337,0.05714285714285716,0.08974358974358965,2199.8
"Broad beans and horse beans, dry",1978,2199.8,2297.3,269725.0,122611.0,2241.9000000000005,0.10460360360360355,0.05774509803921579,2303.7
"Broad beans and horse beans, dry",1979,2303.7,2199.8,232440.0,100898.0,2266.933333333334,-0.17708851571229334,-0.13823338585596445,2250.1
"Broad beans and horse beans, dry",1980,2250.1,2303.7,236810.0,105242.0,2251.2000000000003,0.04305338064183628,0.018800550679745287,2068.9
"Broad beans and horse beans, dry",1981,2068.9,2250.1,212672.0,102793.0,2207.566666666667,-0.023270177305638406,-0.10192981715299188,2081.7
"Broad beans and horse beans, dry",1982,2081.7,2068.9,207855.0,99847.0,2133.566666666667,-0.028659539073672358,-0.022649902196810068,2255.3
"Broad beans and horse beans, dry",1983,2255.3,2081.7,259629.0,115118.0,2135.3,0.1529440043266197,0.24908710399076273,2153.3
"Broad beans and horse beans, dry",1984,2153.3,2255.3,295000.0,137000.0,2163.433333333334,0.1900832189579389,0.1362367069934407,2100.8
"Broad beans and horse beans, dry",1985,2100.8,2153.3,271000.0,129000.0,2169.8000000000006,-0.058394160583941646,-0.08135593220338988,2120.8
"Broad beans and horse beans, dry",1986,2120.8,2100.8,302000.0,142400.0,2124.966666666667,0.10387596899224816,0.11439114391143912,2186.6
"Broad beans and horse beans, dry",1987,2186.6,2120.8,282000.0,128965.0,2136.066666666667,-0.09434691011235952,-0.06622516556291391,2373.1
"Broad beans and horse beans, dry",1988,2373.1,2186.6,323000.0,136110.0,2226.8333333333335,0.055402628620168315,0.14539007092198575,2373.9
"Broad beans and horse beans, dry",1989,2373.9,2373.1,362000.0,152490.0,2311.2000000000003,0.12034383954154726,0.12074303405572762,2975.6
"Broad beans and horse beans, dry",1990,2975.6,2373.9,460000.0,154590.0,2574.2000000000003,0.013771394845563556,0.270718232044199,3112.0
"Broad beans and horse beans, dry",1991,3112.0,2975.6,451000.0,144925.0,2820.5,-0.0625202147616275,-0.019565217391304346,3402.8
"Broad beans and horse beans, dry",1992,3402.8,3112.0,466000.0,136945.0,3163.466666666667,-0.055062963601863024,0.03325942350332589,2139.7
"Broad beans and horse beans, dry",1993,2139.7,3402.8,382000.0,178531.0,2884.8333333333335,0.30366935631092784,-0.1802575107296137,3510.7
"Broad beans and horse beans, dry",1994,3510.7,2139.7,438000.0,124762.0,3017.7333333333336,-0.3011745859262537,0.1465968586387434,2272.3
"Broad beans and horse beans, dry",1995,2272.3,3510.7,357000.0,157108.0,2640.9,0.2592616341514242,-0.18493150684931503,3168.9
"Broad beans and horse beans, dry",1996,3168.9,2272.3,392300.0,123796.0,2983.966666666667,-0.212032487206253,0.09887955182072838,3197.1
"Broad beans and horse beans, dry",1997,3197.1,3168.9,442394.0,138374.0,2879.433333333334,0.11775824743933572,0.1276930920214121,3192.8
"Broad beans and horse beans, dry",1998,3192.8,3197.1,476252.0,149164.0,3186.266666666667,0.07797707661843978,0.07653358770688579,3234.6
"Broad beans and horse beans, dry",1999,3234.6,3192.8,523129.0,161727.0,3208.1666666666674,0.0842227347081066,0.09842898297539948,2294.1
"Broad beans and horse beans, dry",2000,2294.1,3234.6,307083.0,133857.0,2907.1666666666665,-0.17232744068708383,-0.41298800104754274,3113.5
"Broad beans and horse beans, dry",2001,3113.5,2294.1,353909.0,113670.0,2880.7333333333336,-0.15081019296712161,0.15248646131501897,3135.2
"Broad beans and horse beans, dry",2002,3135.2,3113.5,439480.0,140178.0,2847.6,0.23320137239377137,0.24178814327976972,3152.1
"Broad beans and horse beans, dry",2003,3152.1,3135.2,400910.0,127190.0,3133.6000000000004,-0.09265362610395356,-0.08776281059433877,3175.6
"Broad beans and horse beans, dry",2004,3175.6,3152.1,336840.0,106070.0,3154.3000000000006,-0.16605079015645885,-0.15981142899902723,3267.0
"Broad beans and horse beans, dry",2005,3267.0,3175.6,330490.0,101160.0,3198.2333333333336,-0.046290185726407085,-0.018851680323001996,3384.0
"Broad beans and horse beans, dry",2006,3384.0,3267.0,281650.0,83230.0,3275.5333333333333,-0.17724396994859626,-0.14778056824714814,3360.4
"Broad beans and horse beans, dry",2007,3360.4,3384.0,247490.0,73650.0,3337.1333333333337,-0.1151027273819536,-0.12128528315284925,3389.5
"Broad beans and horse beans, dry",2008,3389.5,3360.4,301770.0,89030.0,3377.966666666667,0.208825526137135,0.2193219928077903,3454.4
"Broad beans and horse beans, dry",2009,3454.4,3389.5,246801.0,71445.0,3401.433333333334,-0.1975176906660676,-0.18215528382543,3439.9
"Broad beans and horse beans, dry",2010,3439.9,3454.4,297620.0,86519.0,3427.933333333334,0.21098747288123731,0.20591083504523877,3026.9
"Broad beans and horse beans, dry",2011,3026.9,3439.9,233523.0,77149.0,3307.066666666667,-0.1082999110022076,-0.21536523083126136,3163.6
"Broad beans and horse beans, dry",2012,3163.6,3026.9,174631.0,55200.0,3210.1333333333337,-0.2845014193314236,-0.25218929184705574,3421.9
"Broad beans and horse beans, dry",2013,3421.9,3163.6,140713.0,41121.0,3204.1333333333337,-0.25505434782608694,-0.1942266836930442,3577.4
"Broad beans and horse beans, green",1964,8333.3,14285.7,7000.0,840.0,9523.800000000001,1.0,0.16666666666666674,8333.3
"Broad beans and horse beans, green",1965,8333.3,8333.3,7000.0,840.0,10317.433333333332,0.0,0.0,4761.9
"Broad beans and horse beans, green",1966,4761.9,8333.3,2000.0,420.0,7142.833333333333,-0.5,-0.7142857142857143,10136.0
"Broad beans and horse beans, green",1967,10136.0,4761.9,5889.0,581.0,7743.733333333333,0.3833333333333333,1.9445000000000001,7142.9
"Broad beans and horse beans, green",1968,7142.9,10136.0,3000.0,420.0,7346.933333333333,-0.27710843373493976,-0.4905756495160468,9523.8
"Broad beans and horse beans, green",1969,9523.8,7142.9,4000.0,420.0,8934.233333333334,0.0,0.33333333333333326,4761.9
"Broad beans and horse beans, green",1970,4761.9,9523.8,2000.0,420.0,7142.866666666666,0.0,-0.5,4761.9
"Broad beans and horse beans, green",1971,4761.9,4761.9,2000.0,420.0,6349.2,0.0,0.0,11802.4
"Broad beans and horse beans, green",1972,11802.4,4761.9,4957.0,420.0,7108.733333333333,0.0,1.4785,2381.0
"Broad beans and horse beans, green",1973,2381.0,11802.4,1000.0,420.0,6315.0999999999985,0.0,-0.7982650796852935,7142.9
"Broad beans and horse beans, green",1974,7142.9,2381.0,6000.0,840.0,7108.766666666666,1.0,5.0,2381.0
"Broad beans and horse beans, green",1975,2381.0,7142.9,1000.0,420.0,3968.2999999999997,-0.5,-0.8333333333333334,5952.4
"Broad beans and horse beans, green",1976,5952.4,2381.0,5000.0,840.0,5158.766666666666,1.0,4.0,6853.7
"Broad beans and horse beans, green",1977,6853.7,5952.4,2015.0,294.0,5062.366666666666,-0.65,-0.597,7311.7
"Broad beans and horse beans, green",1978,7311.7,6853.7,2815.0,385.0,6705.933333333333,0.30952380952380953,0.39702233250620345,10307.0
"Broad beans and horse beans, green",1979,10307.0,7311.7,4700.0,456.0,8157.466666666667,0.18441558441558437,0.669626998223801,9331.1
"Broad beans and horse beans, green",1980,9331.1,10307.0,1409.0,151.0,8983.266666666666,-0.668859649122807,-0.7002127659574469,10306.1
"Broad beans and horse beans, green",1981,10306.1,9331.1,2020.0,196.0,9981.4,0.29801324503311255,0.4336408800567779,9671.4
"Broad beans and horse beans, green",1982,9671.4,10306.1,1354.0,140.0,9769.533333333333,-0.2857142857142857,-0.32970297029702966,9561.2
"Broad beans and horse beans, green",1983,9561.2,9671.4,1329.0,139.0,9846.233333333334,-0.0071428571428571175,-0.01846381093057603,9090.9
"Broad beans and horse beans, green",1984,9090.9,9561.2,1000.0,110.0,9441.166666666666,-0.2086330935251799,-0.2475545522949586,9090.9
"Broad beans and horse beans, green",1985,9090.9,9090.9,1000.0,110.0,9247.666666666666,0.0,0.0,9090.9
"Broad beans and horse beans, green",1986,9090.9,9090.9,3000.0,330.0,9090.9,2.0,2.0,9090.9
"Broad beans and horse beans, green",1987,9090.9,9090.9,1000.0,110.0,9090.9,-0.6666666666666667,-0.6666666666666667,9090.9
"Broad beans and horse beans, green",1988,9090.9,9090.9,1000.0,110.0,9090.9,0.0,0.0,9375.0
"Broad beans and horse beans, green",1989,9375.0,9090.9,1500.0,160.0,9185.599999999999,0.4545454545454546,0.5,9545.5
"Broad beans and horse beans, green",1990,9545.5,9375.0,2100.0,220.0,9337.133333333333,0.375,0.3999999999999999,9565.2
"Broad beans and horse beans, green",1991,9565.2,9545.5,2200.0,230.0,9495.233333333332,0.045454545454545414,0.04761904761904767,9646.7
"Broad beans and horse beans, green",1992,9646.7,9565.2,7456.22,773.0,9585.800000000001,2.360869565217391,2.3891909090909094,9574.5
"Broad beans and horse beans, green",1993,9574.5,9646.7,2250.0,235.0,9595.466666666667,-0.6959896507115135,-0.6982385176403056,9166.7
"Broad beans and horse beans, green",1994,9166.7,9574.5,2200.0,240.0,9462.633333333333,0.02127659574468077,-0.022222222222222254,9700.4
"Broad beans and horse beans, green",1995,9700.4,9166.7,2279.58,235.0,9480.533333333333,-0.02083333333333337,0.036172727272727245,9375.0
"Broad beans and horse beans, green",1996,9375.0,9700.4,2250.0,240.0,9414.033333333333,0.02127659574468077,-0.01297607454004679,9387.8
"Broad beans and horse beans, green",1997,9387.8,9375.0,2300.0,245.0,9487.733333333334,0.02083333333333326,0.022222222222222143,13684.2
"Broad beans and horse beans, green",1998,13684.2,9387.8,26000.0,1900.0,10815.666666666666,6.755102040816326,10.304347826086957,13888.9
"Broad beans and horse beans, green",1999,13888.9,13684.2,50000.0,3600.0,12320.300000000001,0.894736842105263,0.9230769230769231,13888.9
"Broad beans and horse beans, green",2000,13888.9,13888.9,50000.0,3600.0,13820.666666666666,0.0,0.0,13888.9
"Broad beans and horse beans, green",2001,13888.9,13888.9,50000.0,3600.0,13888.9,0.0,0.0,13888.9
"Broad beans and horse beans, green",2002,13888.9,13888.9,50000.0,3600.0,13888.9,0.0,0.0,13888.9
"Broad beans and horse beans, green",2003,13888.9,13888.9,50000.0,3600.0,13888.9,0.0,0.0,13529.8
"Broad beans and horse beans, green",2004,13529.8,13888.9,165740.0,12250.0,13769.199999999999,2.4027777777777777,2.3148,13020.5
"Broad beans and horse beans, green",2005,13020.5,13529.8,158850.0,12200.0,13479.733333333332,-0.004081632653061273,-0.041571135513454816,13432.0
"Broad beans and horse beans, green",2006,13432.0,13020.5,130290.0,9700.0,13327.433333333332,-0.20491803278688525,-0.17979225684608124,13142.7
"Broad beans and horse beans, green",2007,13142.7,13432.0,127090.0,9670.0,13198.400000000001,-0.003092783505154628,-0.024560595594443124,12523.4
"Broad beans and horse beans, green",2008,12523.4,13142.7,123230.0,9840.0,13032.700000000003,0.0175801447776629,-0.030372177197261818,12349.7
"Broad beans and horse beans, green",2009,12349.7,12523.4,105590.0,8550.0,12671.933333333334,-0.13109756097560976,-0.14314696096729695,13527.2
"Broad beans and horse beans, green",2010,13527.2,12349.7,255853.0,18914.0,12800.1,1.2121637426900587,1.4230798371057864,13885.9
"Broad beans and horse beans, green",2011,13885.9,13527.2,106088.0,7640.0,13254.266666666668,-0.5960664058369463,-0.5853556534416247,12727.3
"Broad beans and horse beans, green",2012,12727.3,13885.9,79940.0,6281.0,13380.133333333333,-0.17787958115183244,-0.24647462483975568,10337.7
"Broad beans and horse beans, green",2013,10337.7,12727.3,251279.0,24307.0,12316.966666666667,2.8699251711510905,2.1433450087565675,10724.3
Cabbages,1964,24267.8,24865.7,228894.0,9432.0,24518.2,0.04359371542376622,0.0185017086715078,25035.4
Cabbages,1965,25035.4,24267.8,263172.0,10512.0,24722.966666666664,0.11450381679389321,0.14975490838554095,24247.8
Cabbages,1966,24247.8,25035.4,242478.0,10000.0,24517.0,-0.0487062404870624,-0.07863298527198948,24822.1
Cabbages,1967,24822.1,24247.8,244423.0,9847.0,24701.766666666666,-0.01529999999999998,0.008021346266465335,22198.2
Cabbages,1968,22198.2,24822.1,204024.0,9191.0,23756.033333333336,-0.06661927490606279,-0.1652831362024032,23164.3
Cabbages,1969,23164.3,22198.2,253000.0,10922.0,23394.866666666665,0.18833641605918827,0.2400501901737051,21935.0
Cabbages,1970,21935.0,23164.3,258000.0,11762.0,22432.5,0.07690899102728443,0.01976284584980248,24598.8
Cabbages,1971,24598.8,21935.0,279000.0,11342.0,23232.7,-0.03570821288896442,0.08139534883720922,23465.4
Cabbages,1972,23465.4,24598.8,276000.0,11762.0,23333.066666666666,0.03703050608358316,-0.010752688172043001,22060.0
Cabbages,1973,22060.0,23465.4,278000.0,12602.0,23374.733333333334,0.07141642577792884,0.007246376811594235,21732.5
Cabbages,1974,21732.5,22060.0,283000.0,13022.0,22419.3,0.033328043167751176,0.017985611510791477,21568.2
Cabbages,1975,21568.2,21732.5,299000.0,13863.0,21786.899999999998,0.06458301336200267,0.05653710247349819,22474.3
Cabbages,1976,22474.3,21568.2,321000.0,14283.0,21925.0,0.030296472624973037,0.0735785953177257,23054.7
Cabbages,1977,23054.7,22474.3,329290.0,14283.0,22365.733333333334,0.0,0.025825545171339614,23611.1
Cabbages,1978,23611.1,23054.7,339646.0,14385.0,23046.7,0.007141356857802927,0.03144948221932031,23880.6
Cabbages,1979,23880.6,23611.1,348084.0,14576.0,23515.466666666664,0.01327771984706283,0.024843513540568685,24202.4
Cabbages,1980,24202.4,23880.6,359599.0,14858.0,23898.033333333336,0.019346871569703605,0.033081095367784696,23377.2
Cabbages,1981,23377.2,24202.4,352528.0,15080.0,23820.066666666666,0.014941445685825894,-0.01966356969846972,24244.5
Cabbages,1982,24244.5,23377.2,374384.0,15442.0,23941.36666666667,0.024005305039787705,0.061997912222575335,25348.1
Cabbages,1983,25348.1,24244.5,388561.0,15329.0,24323.266666666663,-0.007317704960497329,0.03786753707423385,24060.2
Cabbages,1984,24060.2,25348.1,384000.0,15960.0,24550.933333333334,0.04116380716289392,-0.011738182679167486,25442.2
Cabbages,1985,25442.2,24060.2,374000.0,14700.0,24950.166666666668,-0.07894736842105265,-0.02604166666666663,25225.2
Cabbages,1986,25225.2,25442.2,392000.0,15540.0,24909.2,0.05714285714285716,0.048128342245989275,25939.8
Cabbages,1987,25939.8,25225.2,414000.0,15960.0,25535.733333333337,0.027027027027026973,0.05612244897959173,28505.3
Cabbages,1988,28505.3,25939.8,431000.0,15120.0,26556.766666666666,-0.052631578947368474,0.04106280193236711,28083.0
Cabbages,1989,28083.0,28505.3,460000.0,16380.0,27509.36666666667,0.08333333333333326,0.06728538283062635,25013.8
Cabbages,1990,25013.8,28083.0,346741.0,13862.0,27200.7,-0.15372405372405373,-0.24621521739130436,27709.2
Cabbages,1991,27709.2,25013.8,380752.0,13741.0,26935.333333333332,-0.008728899148751967,0.09808762159652296,27954.0
Cabbages,1992,27954.0,27709.2,424062.0,15170.0,26892.333333333332,0.10399534240593833,0.11374858175400271,27748.4
Cabbages,1993,27748.4,27954.0,436455.0,15729.0,27803.86666666667,0.03684904416611734,0.02922450019100986,28173.5
Cabbages,1994,28173.5,27748.4,442747.0,15715.0,27958.633333333335,-0.0008900756564308443,0.014416148285619323,28108.3
Cabbages,1995,28108.3,28173.5,495831.0,17640.0,28010.06666666667,0.12249443207126953,0.1198969162975696,27482.3
Cabbages,1996,27482.3,28108.3,477340.0,17369.0,27921.366666666665,-0.015362811791383213,-0.03729294860547239,27967.9
Cabbages,1997,27967.9,27482.3,462645.0,16542.0,27852.833333333332,-0.04761356439633835,-0.030785184564461443,28699.3
Cabbages,1998,28699.3,27967.9,490299.0,17084.0,28049.833333333332,0.032765082819489866,0.059773692572058446,29200.0
Cabbages,1999,29200.0,28699.3,525688.0,18003.0,28622.399999999998,0.05379302271130881,0.0721784054219976,29053.4
Cabbages,2000,29053.4,29200.0,497859.0,17136.0,28984.233333333337,-0.04815864022662886,-0.05293824473832387,28481.0
Cabbages,2001,28481.0,29053.4,563952.0,19801.0,28911.466666666664,0.1555205415499532,0.13275445457448787,28519.0
Cabbages,2002,28519.0,28481.0,562394.0,19720.0,28684.466666666664,-0.004090702489773279,-0.0027626464663659256,29687.2
Cabbages,2003,29687.2,28519.0,556606.0,18749.0,28895.733333333334,-0.04923935091277887,-0.010291717194706895,27698.2
Cabbages,2004,27698.2,29687.2,624346.0,22541.0,28634.8,0.2022507867086245,0.12170188607381172,28840.6
Cabbages,2005,28840.6,27698.2,541915.0,18790.0,28742.0,-0.166407878976088,-0.1320277538416199,28574.3
Cabbages,2006,28574.3,28840.6,515480.0,18040.0,28371.033333333336,-0.03991484832357639,-0.048780712842419915,29513.9
Cabbages,2007,29513.9,28574.3,585850.0,19850.0,28976.266666666666,0.10033259423503327,0.13651354077752775,30199.3
Cabbages,2008,30199.3,29513.9,616670.0,20420.0,29429.166666666668,0.028715365239294632,0.052607322693522196,30241.0
Cabbages,2009,30241.0,30199.3,638690.0,21120.0,29984.733333333334,0.03428011753183147,0.03570791509235094,32267.6
Cabbages,2010,32267.6,30241.0,740413.0,22946.0,30902.63333333333,0.0864583333333333,0.15926818957553746,30056.0
Cabbages,2011,30056.0,32267.6,690597.0,22977.0,30854.86666666667,0.0013509979952932571,-0.06728136864155543,29896.9
Cabbages,2012,29896.9,30056.0,626011.0,20939.0,30740.166666666668,-0.08869739304521918,-0.0935219817056836,39203.1
Cabbages,2013,39203.1,29896.9,838279.0,21383.0,33052.0,0.02120445102440427,0.3390803037007337,29394.8
Cantaloupes and other melons,1964,23721.8,22800.9,351818.0,14831.0,22130.966666666664,0.08667936694021106,0.1305677936417653,23141.4
Cantaloupes and other melons,1965,23141.4,23721.8,327682.0,14160.0,23221.36666666667,-0.045243071943901314,-0.06860365302514371,24268.1
Cantaloupes and other melons,1966,24268.1,23141.4,350455.0,14441.0,23710.43333333333,0.01984463276836168,0.06949725648647154,24559.2
Cantaloupes and other melons,1967,24559.2,24268.1,332261.0,13529.0,23989.566666666666,-0.06315352122429196,-0.051915367165541904,22050.5
Cantaloupes and other melons,1968,22050.5,24559.2,303018.0,13742.0,23625.933333333334,0.01574395742479129,-0.08801213503841854,23231.0
Cantaloupes and other melons,1969,23231.0,22050.5,283000.0,12182.0,23280.233333333334,-0.1135205938000291,-0.0660620821205341,22798.0
Cantaloupes and other melons,1970,22798.0,23231.0,249000.0,10922.0,22693.166666666668,-0.10343129207026758,-0.12014134275618371,20829.8
Cantaloupes and other melons,1971,20829.8,22798.0,245000.0,11762.0,22286.266666666666,0.07690899102728443,-0.016064257028112428,21425.2
Cantaloupes and other melons,1972,21425.2,20829.8,270000.0,12602.0,21684.333333333332,0.07141642577792884,0.1020408163265305,21339.9
Cantaloupes and other melons,1973,21339.9,21425.2,251000.0,11762.0,21198.300000000003,-0.06665608633550235,-0.07037037037037042,21339.9
Cantaloupes and other melons,1974,21339.9,21339.9,251000.0,11762.0,21368.333333333332,0.0,0.0,20869.7
Cantaloupes and other melons,1975,20869.7,21339.9,263000.0,12602.0,21183.166666666668,0.07141642577792884,0.047808764940239,21276.6
Cantaloupes and other melons,1976,21276.6,20869.7,286000.0,13442.0,21162.06666666667,0.06665608633550235,0.0874524714828897,18004.4
Cantaloupes and other melons,1977,18004.4,21276.6,261928.0,14548.0,20050.233333333334,0.08227942270495459,-0.08416783216783219,19943.4
Cantaloupes and other melons,1978,19943.4,18004.4,218021.0,10932.0,19741.466666666667,-0.24855650261204287,-0.16763003573501112,20661.9
Cantaloupes and other melons,1979,20661.9,19943.4,266270.0,12887.0,19536.56666666667,0.178832784485913,0.22130436976254586,20897.9
Cantaloupes and other melons,1980,20897.9,20661.9,335286.0,16044.0,20501.06666666667,0.24497555676262905,0.25919555338566114,21284.8
Cantaloupes and other melons,1981,21284.8,20897.9,365311.0,17163.0,20948.2,0.06974569932685126,0.08955041367668204,21121.1
Cantaloupes and other melons,1982,21121.1,21284.8,377350.0,17866.0,21101.266666666666,0.04096020509234988,0.03295548176758989,21569.9
Cantaloupes and other melons,1983,21569.9,21121.1,401394.0,18609.0,21325.266666666666,0.04158737266315904,0.06371803365575723,22449.0
Cantaloupes and other melons,1984,22449.0,21569.9,396000.0,17640.0,21713.333333333332,-0.052071578268579666,-0.013438167984573757,18412.7
Cantaloupes and other melons,1985,18412.7,22449.0,348000.0,18900.0,20810.533333333336,0.0714285714285714,-0.12121212121212122,23757.8
Cantaloupes and other melons,1986,23757.8,18412.7,459000.0,19320.0,21539.833333333332,0.022222222222222143,0.3189655172413792,19437.2
Cantaloupes and other melons,1987,19437.2,23757.8,449000.0,23100.0,20535.899999999998,0.19565217391304346,-0.02178649237472763,19213.6
Cantaloupes and other melons,1988,19213.6,19437.2,452000.0,23525.0,20802.866666666665,0.018398268398268414,0.006681514476614803,19587.6
Cantaloupes and other melons,1989,19587.6,19213.6,511217.0,26099.0,19412.8,0.10941551540913919,0.1310110619469027,20045.4
Cantaloupes and other melons,1990,20045.4,19587.6,540062.0,26942.0,19615.533333333333,0.03230008812598184,0.0564241799470675,19473.5
Cantaloupes and other melons,1991,19473.5,20045.4,416597.0,21393.0,19702.166666666668,-0.20596095315863705,-0.2286126407708745,19711.7
Cantaloupes and other melons,1992,19711.7,19473.5,462831.0,23480.0,19743.533333333336,0.09755527508998263,0.11098015588206356,19095.2
Cantaloupes and other melons,1993,19095.2,19711.7,401000.0,21000.0,19426.8,-0.10562180579216351,-0.13359303935993916,18888.9
Cantaloupes and other melons,1994,18888.9,19095.2,340000.0,18000.0,19231.933333333334,-0.1428571428571429,-0.15211970074812964,20535.7
Cantaloupes and other melons,1995,20535.7,18888.9,345000.0,16800.0,19506.600000000002,-0.06666666666666665,0.014705882352941124,20432.2
Cantaloupes and other melons,1996,20432.2,20535.7,350842.0,17171.0,19952.266666666666,0.022083333333333233,0.016933333333333245,22991.7
Cantaloupes and other melons,1997,22991.7,20432.2,525913.0,22874.0,21319.86666666667,0.33212975365441744,0.49900239994071405,23774.5
Cantaloupes and other melons,1998,23774.5,22991.7,546814.0,23000.0,22399.46666666667,0.005508437527323551,0.039742314793511424,21246.4
Cantaloupes and other melons,1999,21246.4,23774.5,467421.0,22000.0,22670.86666666667,-0.04347826086956519,-0.14519196655535516,24175.8
Cantaloupes and other melons,2000,24175.8,21246.4,773624.0,32000.0,23065.56666666667,0.4545454545454546,0.6550903789089493,22535.2
Cantaloupes and other melons,2001,22535.2,24175.8,800000.0,35500.0,22652.46666666667,0.109375,0.034094081879569416,23145.1
Cantaloupes and other melons,2002,23145.1,22535.2,856532.0,37007.0,23285.366666666665,0.04245070422535213,0.07066499999999998,22088.2
Cantaloupes and other melons,2003,22088.2,23145.1,489076.0,22142.0,22589.5,-0.40168076309887324,-0.42900440380511173,19982.7
Cantaloupes and other melons,2004,19982.7,22088.2,473809.0,23711.0,21738.666666666668,0.07086080751512958,-0.031216007328104478,23584.8
Cantaloupes and other melons,2005,23584.8,19982.7,563016.0,23872.0,21885.233333333334,0.006790097423136965,0.18827628854665068,23541.7
Cantaloupes and other melons,2006,23541.7,23584.8,565000.0,24000.0,22369.733333333334,0.00536193029490617,0.0035238785398639116,18908.8
Cantaloupes and other melons,2007,18908.8,23541.7,745953.0,39450.0,22011.766666666666,0.64375,0.320270796460177,25630.2
Cantaloupes and other melons,2008,25630.2,18908.8,829779.0,32375.0,22693.566666666666,-0.17934093789607097,0.11237437211191592,23892.8
Cantaloupes and other melons,2009,23892.8,25630.2,923718.0,38661.0,22810.600000000002,0.1941621621621621,0.11320966184972137,23858.5
Cantaloupes and other melons,2010,23858.5,23892.8,918360.0,38492.0,24460.5,-0.004371330281161878,-0.00580047157249286,25956.3
Cantaloupes and other melons,2011,25956.3,23858.5,1076770.0,41484.0,24569.2,0.07773043749350506,0.1724922688270396,24541.2
Cantaloupes and other melons,2012,24541.2,25956.3,1038412.0,42313.0,24785.333333333332,0.019983608138077313,-0.03562320644148709,25059.6
Cantaloupes and other melons,2013,25059.6,24541.2,1007845.0,40218.0,25185.7,-0.04951197031645116,-0.02943629310909346,26129.3
Carrots and turnips,1964,17857.1,19642.9,30000.0,1680.0,18452.366666666665,0.0,-0.09090909090909094,21428.6
Carrots and turnips,1965,21428.6,17857.1,27000.0,1260.0,19642.866666666665,-0.25,-0.09999999999999998,18881.9
Carrots and turnips,1966,18881.9,21428.6,25094.0,1329.0,19389.2,0.05476190476190479,-0.07059259259259254,20642.1
Carrots and turnips,1967,20642.1,18881.9,29993.0,1453.0,20317.533333333333,0.09330323551542508,0.19522595042639668,21696.1
Carrots and turnips,1968,21696.1,20642.1,39335.0,1813.0,20406.7,0.2477632484514798,0.3114726769579568,20634.9
Carrots and turnips,1969,20634.9,21696.1,52000.0,2520.0,20991.033333333333,0.38996138996139007,0.3219778822931232,17681.1
Carrots and turnips,1970,17681.1,20634.9,52000.0,2941.0,20004.033333333333,0.16706349206349214,0.0,18650.8
Carrots and turnips,1971,18650.8,17681.1,47000.0,2520.0,18988.933333333334,-0.14314858891533488,-0.09615384615384615,21031.7
Carrots and turnips,1972,21031.7,18650.8,53000.0,2520.0,19121.2,0.0,0.12765957446808507,19841.3
Carrots and turnips,1973,19841.3,21031.7,50000.0,2520.0,19841.266666666666,0.0,-0.05660377358490565,20529.6
Carrots and turnips,1974,20529.6,19841.3,69000.0,3361.0,20467.53333333333,0.33373015873015865,0.3799999999999999,21423.5
Carrots and turnips,1975,21423.5,20529.6,90000.0,4201.0,20598.13333333333,0.24992561737578112,0.30434782608695654,18700.5
Carrots and turnips,1976,18700.5,21423.5,89594.0,4791.0,20217.866666666665,0.14044275172577958,-0.004511111111111132,20144.7
Carrots and turnips,1977,20144.7,18700.5,94962.0,4714.0,20089.56666666667,-0.016071801294093135,0.05991472643257367,19939.3
Carrots and turnips,1978,19939.3,20144.7,88391.0,4433.0,19594.833333333332,-0.05960967331353417,-0.06919609949242855,22380.1
Carrots and turnips,1979,22380.1,19939.3,108163.0,4833.0,20821.366666666665,0.09023234829686433,0.22368793202927906,23649.7
Carrots and turnips,1980,23649.7,22380.1,135773.0,5741.0,21989.7,0.18787502586385263,0.25526289026746674,20313.0
Carrots and turnips,1981,20313.0,23649.7,122000.0,6006.0,22114.266666666663,0.04615920571329046,-0.10144137641504569,23887.3
Carrots and turnips,1982,23887.3,20313.0,141747.0,5934.0,22616.666666666668,-0.011988011988012026,0.16186065573770492,23254.3
Carrots and turnips,1983,23254.3,23887.3,116132.0,4994.0,22484.86666666667,-0.1584091675092686,-0.18070929190741247,22510.8
Carrots and turnips,1984,22510.8,23254.3,104000.0,4620.0,23217.466666666664,-0.07488986784140972,-0.1044673302793373,23160.2
Carrots and turnips,1985,23160.2,22510.8,107000.0,4620.0,22975.099999999995,0.0,0.028846153846153744,26388.9
Carrots and turnips,1986,26388.9,23160.2,133000.0,5040.0,24019.966666666664,0.09090909090909083,0.2429906542056075,24404.8
Carrots and turnips,1987,24404.8,26388.9,123000.0,5040.0,24651.3,0.0,-0.07518796992481203,27619.0
Carrots and turnips,1988,27619.0,24404.8,116000.0,4200.0,26137.566666666666,-0.16666666666666663,-0.05691056910569103,24867.7
Carrots and turnips,1989,24867.7,27619.0,94000.0,3780.0,25630.5,-0.09999999999999998,-0.18965517241379315,27976.2
Carrots and turnips,1990,27976.2,24867.7,94000.0,3360.0,26820.966666666664,-0.11111111111111116,0.0,25276.9
Carrots and turnips,1991,25276.9,27976.2,92387.0,3655.0,26040.266666666666,0.08779761904761907,-0.017159574468085137,24391.6
Carrots and turnips,1992,24391.6,25276.9,93127.0,3818.0,25881.566666666666,0.04459644322845424,0.008009784926450658,26059.2
Carrots and turnips,1993,26059.2,24391.6,89774.0,3445.0,25242.56666666667,-0.09769512833944471,-0.03600459587445104,25917.6
Carrots and turnips,1994,25917.6,26059.2,104733.0,4041.0,25456.13333333333,0.17300435413642967,0.16662953639138278,27066.1
Carrots and turnips,1995,27066.1,25917.6,118333.0,4372.0,26347.63333333333,0.08191041821331346,0.12985400971995453,27564.6
Carrots and turnips,1996,27564.6,27066.1,130987.0,4752.0,26849.43333333333,0.08691674290942353,0.10693551249440136,25632.8
Carrots and turnips,1997,25632.8,27564.6,108760.0,4243.0,26754.5,-0.10711279461279466,-0.1696885950514173,26796.5
Carrots and turnips,1998,26796.5,25632.8,137627.0,5136.0,26664.63333333333,0.2104642941315107,0.2654192717910997,26204.5
Carrots and turnips,1999,26204.5,26796.5,129450.0,4940.0,26211.266666666666,-0.03816199376947038,-0.0594142137807262,27196.7
Carrots and turnips,2000,27196.7,26204.5,122113.0,4490.0,26732.566666666666,-0.09109311740890691,-0.056678254152182306,27951.6
Carrots and turnips,2001,27951.6,27196.7,128214.0,4587.0,27117.599999999995,0.021603563474387633,0.04996192051624315,28168.0
Carrots and turnips,2002,28168.0,27951.6,111179.0,3947.0,27772.099999999995,-0.13952474384129065,-0.13286380582463697,28216.7
Carrots and turnips,2003,28216.7,28168.0,114955.0,4074.0,28112.100000000002,0.03217633645806939,0.03396324845519394,28263.0
Carrots and turnips,2004,28263.0,28216.7,121333.0,4293.0,28215.899999999998,0.05375552282768781,0.055482580140054694,27374.2
Carrots and turnips,2005,27374.2,28263.0,151927.0,5550.0,27951.3,0.2928022361984626,0.25214904436550656,29540.5
Carrots and turnips,2006,29540.5,27374.2,163950.0,5550.0,28392.56666666667,0.0,0.07913669064748197,29052.2
Carrots and turnips,2007,29052.2,29540.5,133640.0,4600.0,28655.633333333335,-0.1711711711711712,-0.1848734370234828,28305.5
Carrots and turnips,2008,28305.5,29052.2,169550.0,5990.0,28966.066666666666,0.3021739130434782,0.2687069739598922,29890.6
Carrots and turnips,2009,29890.6,28305.5,185830.0,6217.0,29082.766666666666,0.037896494156928195,0.09601887348864646,30686.0
Carrots and turnips,2010,30686.0,29890.6,175923.0,5733.0,29627.36666666667,-0.07785105356281163,-0.05331216703438624,29789.1
Carrots and turnips,2011,29789.1,30686.0,138996.0,4666.0,30121.899999999998,-0.18611547182975752,-0.2099043331457513,29141.1
Carrots and turnips,2012,29141.1,29789.1,150339.0,5159.0,29872.066666666666,0.10565795113587662,0.08160666493999824,28709.5
Carrots and turnips,2013,28709.5,29141.1,179291.0,6245.0,29213.233333333334,0.21050591199844937,0.19257810681193832,30184.5
Cauliflowers and broccoli,1964,22653.4,23371.2,47912.0,2115.0,22701.63333333333,0.04547701433514573,0.013367174280879857,23724.3
Cauliflowers and broccoli,1965,23724.3,22653.4,55254.0,2329.0,23249.63333333333,0.10118203309692664,0.15323927199866416,22989.5
Cauliflowers and broccoli,1966,22989.5,23724.3,59106.0,2571.0,23122.399999999998,0.1039072563331902,0.06971440981648391,23315.9
Cauliflowers and broccoli,1967,23315.9,22989.5,61694.0,2646.0,23343.233333333334,0.029171528588098017,0.043785740872331,22463.9
Cauliflowers and broccoli,1968,22463.9,23315.9,49533.0,2205.0,22923.100000000002,-0.16666666666666663,-0.1971180341686387,20529.6
Cauliflowers and broccoli,1969,20529.6,22463.9,69000.0,3361.0,22103.13333333333,0.5242630385487528,0.3930107201259767,20827.1
Cauliflowers and broccoli,1970,20827.1,20529.6,70000.0,3361.0,21273.533333333336,0.0,0.01449275362318847,22314.8
Cauliflowers and broccoli,1971,22314.8,20827.1,75000.0,3361.0,21223.833333333332,0.0,0.0714285714285714,22612.3
Cauliflowers and broccoli,1972,22612.3,22314.8,76000.0,3361.0,21918.066666666666,0.0,0.01333333333333342,19836.0
Cauliflowers and broccoli,1973,19836.0,22612.3,75000.0,3781.0,21587.7,0.12496280868789045,-0.013157894736842146,20827.1
Cauliflowers and broccoli,1974,20827.1,19836.0,70000.0,3361.0,21091.8,-0.1110817244115313,-0.06666666666666665,20061.2
Cauliflowers and broccoli,1975,20061.2,20827.1,59000.0,2941.0,20241.43333333333,-0.12496280868789056,-0.15714285714285714,20833.3
Cauliflowers and broccoli,1976,20833.3,20061.2,70000.0,3360.0,20573.86666666667,0.14246854811288667,0.18644067796610164,21243.9
Cauliflowers and broccoli,1977,21243.9,20833.3,82575.0,3887.0,20712.8,0.1568452380952381,0.17964285714285722,22216.2
Cauliflowers and broccoli,1978,22216.2,21243.9,86510.0,3894.0,21431.133333333335,0.0018008747105737744,0.0476536481986074,22637.4
Cauliflowers and broccoli,1979,22637.4,22216.2,85592.0,3781.0,22032.5,-0.02901900359527476,-0.01061149000115591,23044.7
Cauliflowers and broccoli,1980,23044.7,22637.4,97341.0,4224.0,22632.766666666666,0.11716477122454383,0.1372675016356668,23313.3
Cauliflowers and broccoli,1981,23313.3,23044.7,97403.0,4178.0,22998.466666666664,-0.010890151515151492,0.0006369361317430933,23181.7
Cauliflowers and broccoli,1982,23181.7,23313.3,99774.0,4304.0,23179.899999999998,0.030157970320727534,0.024342166052380376,22932.1
Cauliflowers and broccoli,1983,22932.1,23181.7,92164.0,4019.0,23142.36666666667,-0.06621747211895912,-0.07627237556878541,22619.0
Cauliflowers and broccoli,1984,22619.0,22932.1,95000.0,4200.0,22910.933333333334,0.045036078626524034,0.03077123388741798,21428.6
Cauliflowers and broccoli,1985,21428.6,22619.0,90000.0,4200.0,22326.566666666666,0.0,-0.052631578947368474,22142.9
Cauliflowers and broccoli,1986,22142.9,21428.6,93000.0,4200.0,22063.5,0.0,0.03333333333333344,22857.1
Cauliflowers and broccoli,1987,22857.1,22142.9,96000.0,4200.0,22142.866666666665,0.0,0.032258064516129004,26904.8
Cauliflowers and broccoli,1988,26904.8,22857.1,113000.0,4200.0,23968.266666666666,0.0,0.17708333333333326,24047.6
Cauliflowers and broccoli,1989,24047.6,26904.8,101000.0,4200.0,24603.166666666668,0.0,-0.10619469026548678,21131.0
Cauliflowers and broccoli,1990,21131.0,24047.6,71000.0,3360.0,24027.8,-0.19999999999999996,-0.29702970297029707,21422.5
Cauliflowers and broccoli,1991,21422.5,21131.0,85583.0,3995.0,22200.36666666667,0.18898809523809534,0.2053943661971831,21530.6
Cauliflowers and broccoli,1992,21530.6,21422.5,83259.0,3867.0,21361.366666666665,-0.03204005006257826,-0.027154925627753124,22197.9
Cauliflowers and broccoli,1993,22197.9,21530.6,96228.0,4335.0,21717.0,0.12102404965089208,0.15576694411414982,23863.6
Cauliflowers and broccoli,1994,23863.6,22197.9,105000.0,4400.0,22530.7,0.014994232987312506,0.09115849856590597,23555.6
Cauliflowers and broccoli,1995,23555.6,23863.6,106000.0,4500.0,23205.7,0.022727272727272707,0.00952380952380949,22121.7
Cauliflowers and broccoli,1996,22121.7,23555.6,109436.0,4947.0,23180.3,0.09933333333333327,0.03241509433962264,22918.2
Cauliflowers and broccoli,1997,22918.2,22121.7,103086.0,4498.0,22865.166666666668,-0.09076207802708713,-0.0580247816075149,22879.0
Cauliflowers and broccoli,1998,22879.0,22918.2,92820.0,4057.0,22639.63333333333,-0.09804357492218763,-0.09958675280833473,23426.1
Cauliflowers and broccoli,1999,23426.1,22879.0,114741.0,4898.0,23074.433333333334,0.20729603155040666,0.23616677440206857,23657.4
Cauliflowers and broccoli,2000,23657.4,23426.1,110764.0,4682.0,23320.833333333332,-0.04409963250306248,-0.034660670553681716,23771.1
Cauliflowers and broccoli,2001,23771.1,23657.4,109751.0,4617.0,23618.2,-0.013882956001708635,-0.00914557076306377,24317.0
Cauliflowers and broccoli,2002,24317.0,23771.1,109864.0,4518.0,23915.166666666668,-0.021442495126705707,0.0010296033749122024,24655.9
Cauliflowers and broccoli,2003,24655.9,24317.0,110409.0,4478.0,24248.0,-0.008853474988933185,0.004960678657248918,25199.5
Cauliflowers and broccoli,2004,25199.5,24655.9,109618.0,4350.0,24724.13333333333,-0.02858418937025453,-0.007164271028629932,24123.7
Cauliflowers and broccoli,2005,24123.7,25199.5,131209.0,5439.0,24659.7,0.2503448275862068,0.1969658267802734,23765.7
Cauliflowers and broccoli,2006,23765.7,24123.7,113600.0,4780.0,24362.966666666664,-0.12116197830483544,-0.1342057328384486,24895.0
Cauliflowers and broccoli,2007,24895.0,23765.7,125720.0,5050.0,24261.466666666664,0.05648535564853563,0.10669014084507045,26158.4
Cauliflowers and broccoli,2008,26158.4,24895.0,115620.0,4420.0,24939.7,-0.12475247524752475,-0.08033725739739106,26460.1
Cauliflowers and broccoli,2009,26460.1,26158.4,124680.0,4712.0,25837.833333333332,0.06606334841628958,0.07836014530358071,27363.6
Cauliflowers and broccoli,2010,27363.6,26460.1,99494.0,3636.0,26660.7,-0.22835314091680814,-0.20200513314084056,27088.9
Cauliflowers and broccoli,2011,27088.9,27363.6,117864.0,4351.0,26970.86666666667,0.19664466446644657,0.18463424930146544,27813.2
Cauliflowers and broccoli,2012,27813.2,27088.9,201201.0,7234.0,27421.899999999998,0.6626062974028959,0.7070606801058847,28610.0
Cauliflowers and broccoli,2013,28610.0,27813.2,171088.0,5980.0,27837.36666666667,-0.17334807851810896,-0.14966625414386603,30285.5
"Chick peas, dry",1964,1687.2,1627.1,8181.0,4849.0,1616.6666666666667,0.12115606936416179,0.16256927668040366,1681.7
"Chick peas, dry",1965,1681.7,1687.2,9764.0,5806.0,1665.3333333333333,0.19736028047019993,0.19349712749052683,1660.2
"Chick peas, dry",1966,1660.2,1681.7,8512.0,5127.0,1676.3666666666668,-0.11694798484326563,-0.1282261368291684,1591.0
"Chick peas, dry",1967,1591.0,1660.2,5645.0,3548.0,1644.3,-0.30797737468305053,-0.33681860902255634,1298.4
"Chick peas, dry",1968,1298.4,1591.0,6000.0,4621.0,1516.5333333333335,0.3024239007891769,0.06288751107174484,1666.7
"Chick peas, dry",1969,1666.7,1298.4,7000.0,4200.0,1518.7,-0.09110582125081146,0.16666666666666674,1587.3
"Chick peas, dry",1970,1587.3,1666.7,4000.0,2520.0,1517.4666666666665,-0.4,-0.4285714285714286,1984.1
"Chick peas, dry",1971,1984.1,1587.3,5000.0,2520.0,1746.0333333333335,0.0,0.25,1797.2
"Chick peas, dry",1972,1797.2,1984.1,7489.0,4167.0,1789.5333333333335,0.6535714285714285,0.4978,1666.7
"Chick peas, dry",1973,1666.7,1797.2,7000.0,4200.0,1816.0,0.007919366450684029,-0.06529576712511687,1785.7
"Chick peas, dry",1974,1785.7,1666.7,6000.0,3360.0,1749.8666666666668,-0.19999999999999996,-0.1428571428571429,1700.1
"Chick peas, dry",1975,1700.1,1785.7,5000.0,2941.0,1717.5,-0.12470238095238095,-0.16666666666666663,1587.3
"Chick peas, dry",1976,1587.3,1700.1,4000.0,2520.0,1691.0333333333335,-0.14314858891533488,-0.19999999999999996,1731.7
"Chick peas, dry",1977,1731.7,1587.3,6170.0,3563.0,1673.0333333333335,0.413888888888889,0.5425,1709.9
"Chick peas, dry",1978,1709.9,1731.7,9830.0,5749.0,1676.3,0.613527925905136,0.5931928687196111,1667.4
"Chick peas, dry",1979,1667.4,1709.9,9734.0,5838.0,1703.0,0.01548095320925369,-0.009766022380467976,1509.1
"Chick peas, dry",1980,1509.1,1667.4,9480.0,6282.0,1628.8000000000002,0.07605344295991778,-0.026094103143620262,1516.9
"Chick peas, dry",1981,1516.9,1509.1,11069.0,7297.0,1564.4666666666665,0.16157274753263295,0.16761603375527434,1588.0
"Chick peas, dry",1982,1588.0,1516.9,12750.0,8029.0,1538.0,0.10031519802658617,0.15186557051224137,1541.7
"Chick peas, dry",1983,1541.7,1588.0,16233.0,10529.0,1548.8666666666668,0.3113712791132146,0.27317647058823535,1422.4
"Chick peas, dry",1984,1422.4,1541.7,10099.0,7100.0,1517.3666666666668,-0.3256719536518188,-0.3778722355695189,1441.9
"Chick peas, dry",1985,1441.9,1422.4,11443.0,7936.0,1468.6666666666667,0.11774647887323941,0.13308248341419948,1625.0
"Chick peas, dry",1986,1625.0,1441.9,13000.0,8000.0,1496.4333333333334,0.008064516129032251,0.1360657170322468,1714.3
"Chick peas, dry",1987,1714.3,1625.0,18000.0,10500.0,1593.7333333333333,0.3125,0.3846153846153846,1719.3
"Chick peas, dry",1988,1719.3,1714.3,13000.0,7561.0,1686.2,-0.2799047619047619,-0.2777777777777778,1680.4
"Chick peas, dry",1989,1680.4,1719.3,12000.0,7141.0,1704.6666666666667,-0.05554820790900672,-0.07692307692307687,1771.4
"Chick peas, dry",1990,1771.4,1680.4,12538.0,7078.0,1723.7,-0.008822293796387104,0.04483333333333328,1860.6
"Chick peas, dry",1991,1860.6,1771.4,10369.0,5573.0,1770.8,-0.21263068663464257,-0.1729940979422555,1921.0
"Chick peas, dry",1992,1921.0,1860.6,9609.0,5002.0,1851.0,-0.1024582809976673,-0.07329539974925259,1703.3
"Chick peas, dry",1993,1703.3,1921.0,10094.0,5926.0,1828.3,0.18472610955617763,0.05047351441357062,1777.8
"Chick peas, dry",1994,1777.8,1703.3,16000.0,9000.0,1800.7,0.5187310158623017,0.5851000594412523,1557.1
"Chick peas, dry",1995,1557.1,1777.8,10856.0,6972.0,1679.3999999999999,-0.22533333333333339,-0.3215,1927.5
"Chick peas, dry",1996,1927.5,1557.1,11810.0,6127.0,1754.1333333333332,-0.12119908204245555,0.08787767133382451,1952.5
"Chick peas, dry",1997,1952.5,1927.5,11096.0,5683.0,1812.3666666666668,-0.07246613350742614,-0.06045723962743432,1776.3
"Chick peas, dry",1998,1776.3,1952.5,8908.0,5015.0,1885.4333333333334,-0.11754355094140423,-0.1971881759192502,1789.6
"Chick peas, dry",1999,1789.6,1776.3,11133.0,6221.0,1839.4666666666665,0.2404785643070788,0.24977548271216876,1730.4
"Chick peas, dry",2000,1730.4,1789.6,14997.0,8667.0,1765.4333333333334,0.39318437550233076,0.3470762597682566,1814.6
"Chick peas, dry",2001,1814.6,1730.4,15315.0,8440.0,1778.1999999999998,-0.026191300334602485,0.02120424084816963,1848.3
"Chick peas, dry",2002,1848.3,1814.6,13160.0,7120.0,1797.7666666666667,-0.1563981042654028,-0.1407117205354228,1851.6
"Chick peas, dry",2003,1851.6,1848.3,13596.0,7343.0,1838.1666666666667,0.03132022471910112,0.03313069908814592,1916.5
"Chick peas, dry",2004,1916.5,1851.6,12419.0,6480.0,1872.1333333333332,-0.11752689636388403,-0.08656957928802589,2017.3
"Chick peas, dry",2005,2017.3,1916.5,10873.0,5390.0,1928.4666666666665,-0.16820987654320985,-0.12448667364522104,2011.1
"Chick peas, dry",2006,2011.1,2017.3,12670.0,6300.0,1981.6333333333332,0.16883116883116878,0.16527177411937832,2061.0
"Chick peas, dry",2007,2061.0,2011.1,13170.0,6390.0,2029.8,0.014285714285714235,0.03946329913180735,2087.9
"Chick peas, dry",2008,2087.9,2061.0,9527.0,4563.0,2053.3333333333335,-0.28591549295774643,-0.2766135155656796,2123.7
"Chick peas, dry",2009,2123.7,2087.9,7866.0,3704.0,2090.866666666667,-0.18825334209949596,-0.17434659389104645,2114.3
"Chick peas, dry",2010,2114.3,2123.7,5624.0,2660.0,2108.633333333333,-0.28185745140388774,-0.285024154589372,1945.8
"Chick peas, dry",2011,1945.8,2114.3,7581.0,3896.0,2061.266666666667,0.46466165413533833,0.347972972972973,1994.9
"Chick peas, dry",2012,1994.9,1945.8,6316.0,3166.0,2018.3333333333333,-0.18737166324435317,-0.1668645297454162,2164.5
"Chick peas, dry",2013,2164.5,1994.9,3106.0,1435.0,2035.0666666666666,-0.5467466835123184,-0.5082330588980367,2155.2
"Chillies and peppers, dry (Capsicum spp., Pimenta spp.), raw",1964,2894.7,2800.0,22000.0,7600.0,2787.133333333333,0.01333333333333342,0.04761904761904767,2948.7
"Chillies and peppers, dry (Capsicum spp., Pimenta spp.), raw",1965,2948.7,2894.7,23000.0,7800.0,2881.133333333333,0.026315789473684292,0.045454545454545414,2666.7
"Chillies and peppers, dry (Capsicum spp., Pimenta spp.), raw",1966,2666.7,2948.7,24000.0,9000.0,2836.6999999999994,0.15384615384615374,0.04347826086956519,2604.2
"Chillies and peppers, dry (Capsicum spp., Pimenta spp.), raw",1967,2604.2,2666.7,25000.0,9600.0,2739.8666666666663,0.06666666666666665,0.04166666666666674,2600.0
"Chillies and peppers, dry (Capsicum spp., Pimenta spp.), raw",1968,2600.0,2604.2,26000.0,10000.0,2623.633333333333,0.04166666666666674,0.040000000000000036,2600.0
"Chillies and peppers, dry (Capsicum spp., Pimenta spp.), raw",1969,2600.0,2600.0,26000.0,10000.0,2601.4,0.0,0.0,2600.0
"Chillies and peppers, dry (Capsicum spp., Pimenta spp.), raw",1970,2600.0,2600.0,26000.0,10000.0,2600.0,0.0,0.0,2700.0
"Chillies and peppers, dry (Capsicum spp., Pimenta spp.), raw",1971,2700.0,2600.0,27000.0,10000.0,2633.3333333333335,0.0,0.03846153846153855,2700.0
"Chillies and peppers, dry (Capsicum spp., Pimenta spp.), raw",1972,2700.0,2700.0,27000.0,10000.0,2666.6666666666665,0.0,0.0,2700.0
"Chillies and peppers, dry (Capsicum spp., Pimenta spp.), raw",1973,2700.0,2700.0,27000.0,10000.0,2700.0,0.0,0.0,2545.5
"Chillies and peppers, dry (Capsicum spp., Pimenta spp.), raw",1974,2545.5,2700.0,28000.0,11000.0,2648.5,0.10000000000000009,0.03703703703703698,2545.5
"Chillies and peppers, dry (Capsicum spp., Pimenta spp.), raw",1975,2545.5,2545.5,28000.0,11000.0,2597.0,0.0,0.0,2545.5
"Chillies and peppers, dry (Capsicum spp., Pimenta spp.), raw",1976,2545.5,2545.5,28000.0,11000.0,2545.5,0.0,0.0,2636.4
"Chillies and peppers, dry (Capsicum spp., Pimenta spp.), raw",1977,2636.4,2545.5,29000.0,11000.0,2575.7999999999997,0.0,0.03571428571428581,2608.7
"Chillies and peppers, dry (Capsicum spp., Pimenta spp.), raw",1978,2608.7,2636.4,30000.0,11500.0,2596.866666666667,0.045454545454545414,0.034482758620689724,2608.7
"Chillies and peppers, dry (Capsicum spp., Pimenta spp.), raw",1979,2608.7,2608.7,30000.0,11500.0,2617.933333333333,0.0,0.0,2782.6
"Chillies and peppers, dry (Capsicum spp., Pimenta spp.), raw",1980,2782.6,2608.7,32000.0,11500.0,2666.6666666666665,0.0,0.06666666666666665,2782.6
"Chillies and peppers, dry (Capsicum spp., Pimenta spp.), raw",1981,2782.6,2782.6,32000.0,11500.0,2724.633333333333,0.0,0.0,2640.0
"Chillies and peppers, dry (Capsicum spp., Pimenta spp.), raw",1982,2640.0,2782.6,33000.0,12500.0,2735.066666666667,0.08695652173913038,0.03125,2640.0
"Chillies and peppers, dry (Capsicum spp., Pimenta spp.), raw",1983,2640.0,2640.0,33000.0,12500.0,2687.5333333333333,0.0,0.0,2640.0
"Chillies and peppers, dry (Capsicum spp., Pimenta spp.), raw",1984,2640.0,2640.0,33000.0,12500.0,2640.0,0.0,0.0,2615.4
"Chillies and peppers, dry (Capsicum spp., Pimenta spp.), raw",1985,2615.4,2640.0,34000.0,13000.0,2631.7999999999997,0.040000000000000036,0.030303030303030276,2692.3
"Chillies and peppers, dry (Capsicum spp., Pimenta spp.), raw",1986,2692.3,2615.4,35000.0,13000.0,2649.233333333333,0.0,0.02941176470588225,2769.2
"Chillies and peppers, dry (Capsicum spp., Pimenta spp.), raw",1987,2769.2,2692.3,36000.0,13000.0,2692.3,0.0,0.02857142857142847,2846.2
"Chillies and peppers, dry (Capsicum spp., Pimenta spp.), raw",1988,2846.2,2769.2,37000.0,13000.0,2769.2333333333336,0.0,0.02777777777777768,2923.1
"Chillies and peppers, dry (Capsicum spp., Pimenta spp.), raw",1989,2923.1,2846.2,38000.0,13000.0,2846.1666666666665,0.0,0.027027027027026973,2961.5
"Chillies and peppers, dry (Capsicum spp., Pimenta spp.), raw",1990,2961.5,2923.1,38500.0,13000.0,2910.2666666666664,0.0,0.013157894736842035,3000.0
"Chillies and peppers, dry (Capsicum spp., Pimenta spp.), raw",1991,3000.0,2961.5,39000.0,13000.0,2961.5333333333333,0.0,0.01298701298701288,3076.9
"Chillies and peppers, dry (Capsicum spp., Pimenta spp.), raw",1992,3076.9,3000.0,40000.0,13000.0,3012.7999999999997,0.0,0.02564102564102555,3153.8
"Chillies and peppers, dry (Capsicum spp., Pimenta spp.), raw",1993,3153.8,3076.9,41000.0,13000.0,3076.9,0.0,0.02499999999999991,3230.8
"Chillies and peppers, dry (Capsicum spp., Pimenta spp.), raw",1994,3230.8,3153.8,42000.0,13000.0,3153.8333333333335,0.0,0.024390243902439046,3307.7
"Chillies and peppers, dry (Capsicum spp., Pimenta spp.), raw",1995,3307.7,3230.8,43000.0,13000.0,3230.7666666666664,0.0,0.023809523809523725,3384.6
"Chillies and peppers, dry (Capsicum spp., Pimenta spp.), raw",1996,3384.6,3307.7,44000.0,13000.0,3307.7000000000003,0.0,0.023255813953488413,3296.3
"Chillies and peppers, dry (Capsicum spp., Pimenta spp.), raw",1997,3296.3,3384.6,44500.0,13500.0,3329.5333333333333,0.03846153846153855,0.011363636363636465,3214.3
"Chillies and peppers, dry (Capsicum spp., Pimenta spp.), raw",1998,3214.3,3296.3,45000.0,14000.0,3298.4,0.03703703703703698,0.011235955056179803,3137.9
"Chillies and peppers, dry (Capsicum spp., Pimenta spp.), raw",1999,3137.9,3214.3,45500.0,14500.0,3216.1666666666665,0.03571428571428581,0.011111111111111072,3144.8
"Chillies and peppers, dry (Capsicum spp., Pimenta spp.), raw",2000,3144.8,3137.9,45600.0,14500.0,3165.6666666666665,0.0,0.00219780219780219,3144.8
"Chillies and peppers, dry (Capsicum spp., Pimenta spp.), raw",2001,3144.8,3144.8,45600.0,14500.0,3142.5,0.0,0.0,3144.8
"Chillies and peppers, dry (Capsicum spp., Pimenta spp.), raw",2002,3144.8,3144.8,45600.0,14500.0,3144.8,0.0,0.0,3144.8
"Chillies and peppers, dry (Capsicum spp., Pimenta spp.), raw",2003,3144.8,3144.8,45600.0,14500.0,3144.8,0.0,0.0,3144.8
"Chillies and peppers, dry (Capsicum spp., Pimenta spp.), raw",2004,3144.8,3144.8,45600.0,14500.0,3144.8,0.0,0.0,3144.8
"Chillies and peppers, dry (Capsicum spp., Pimenta spp.), raw",2005,3144.8,3144.8,45600.0,14500.0,3144.8,0.0,0.0,3144.8
"Chillies and peppers, dry (Capsicum spp., Pimenta spp.), raw",2006,3144.8,3144.8,45600.0,14500.0,3144.8,0.0,0.0,3144.8
"Chillies and peppers, dry (Capsicum spp., Pimenta spp.), raw",2007,3144.8,3144.8,45600.0,14500.0,3144.8,0.0,0.0,3144.8
"Chillies and peppers, dry (Capsicum spp., Pimenta spp.), raw",2008,3144.8,3144.8,45600.0,14500.0,3144.8,0.0,0.0,3144.8
"Chillies and peppers, dry (Capsicum spp., Pimenta spp.), raw",2009,3144.8,3144.8,45600.0,14500.0,3144.8,0.0,0.0,3239.3
"Chillies and peppers, dry (Capsicum spp., Pimenta spp.), raw",2010,3239.3,3144.8,49202.5,15189.0,3176.3000000000006,0.04751724137931035,0.07900219298245603,3337.9
"Chillies and peppers, dry (Capsicum spp., Pimenta spp.), raw",2011,3337.9,3239.3,51909.94,15552.0,3240.6666666666665,0.023898874185265706,0.05502647223210211,3417.1
"Chillies and peppers, dry (Capsicum spp., Pimenta spp.), raw",2012,3417.1,3337.9,54106.5,15834.0,3331.433333333333,0.018132716049382713,0.042314824482555746,3714.3
"Chillies and peppers, dry (Capsicum spp., Pimenta spp.), raw",2013,3714.3,3417.1,65000.0,17500.0,3489.7666666666664,0.10521662245800179,0.20133440529326418,3553.9
"Chillies and peppers, green (Capsicum spp. and Pimenta spp.)",1964,16186.6,14758.4,68000.0,4201.0,15075.633333333333,0.0,0.09677419354838701,14715.4
"Chillies and peppers, green (Capsicum spp. and Pimenta spp.)",1965,14715.4,16186.6,68000.0,4621.0,15220.133333333331,0.09997619614377529,0.0,14931.8
"Chillies and peppers, green (Capsicum spp. and Pimenta spp.)",1966,14931.8,14715.4,69000.0,4621.0,15277.933333333334,0.0,0.014705882352941124,15051.1
"Chillies and peppers, green (Capsicum spp. and Pimenta spp.)",1967,15051.1,14931.8,87131.0,5789.0,14899.433333333334,0.2527591430426315,0.262768115942029,14995.4
"Chillies and peppers, green (Capsicum spp. and Pimenta spp.)",1968,14995.4,15051.1,95371.0,6360.0,14992.766666666668,0.09863534289169107,0.09457024480380127,15684.1
"Chillies and peppers, green (Capsicum spp. and Pimenta spp.)",1969,15684.1,14995.4,112000.0,7141.0,15243.533333333333,0.12279874213836472,0.1743611789747408,14736.8
"Chillies and peppers, green (Capsicum spp. and Pimenta spp.)",1970,14736.8,15684.1,140000.0,9500.0,15138.766666666668,0.33034588993138225,0.25,16944.4
"Chillies and peppers, green (Capsicum spp. and Pimenta spp.)",1971,16944.4,14736.8,121000.0,7141.0,15788.433333333334,-0.24831578947368416,-0.13571428571428568,15738.7
"Chillies and peppers, green (Capsicum spp. and Pimenta spp.)",1972,15738.7,16944.4,119000.0,7561.0,15806.633333333337,0.05881529197591373,-0.016528925619834656,17408.1
"Chillies and peppers, green (Capsicum spp. and Pimenta spp.)",1973,17408.1,15738.7,117000.0,6721.0,16697.066666666666,-0.11109641581801344,-0.01680672268907568,15176.3
"Chillies and peppers, green (Capsicum spp. and Pimenta spp.)",1974,15176.3,17408.1,102000.0,6721.0,16107.699999999999,0.0,-0.1282051282051282,16104.2
"Chillies and peppers, green (Capsicum spp. and Pimenta spp.)",1975,16104.2,15176.3,115000.0,7141.0,16229.533333333333,0.062490700788573106,0.12745098039215685,15789.5
"Chillies and peppers, green (Capsicum spp. and Pimenta spp.)",1976,15789.5,16104.2,126000.0,7980.0,15690.0,0.1174905475423611,0.09565217391304337,16293.4
"Chillies and peppers, green (Capsicum spp. and Pimenta spp.)",1977,16293.4,15789.5,138233.0,8484.0,16062.366666666667,0.06315789473684208,0.0970873015873015,14828.1
"Chillies and peppers, green (Capsicum spp. and Pimenta spp.)",1978,14828.1,16293.4,123236.0,8311.0,15637.0,-0.02039132484677042,-0.10849073665477849,15742.8
"Chillies and peppers, green (Capsicum spp. and Pimenta spp.)",1979,15742.8,14828.1,156672.0,9952.0,15621.433333333334,0.19744916375887378,0.27131682300626436,16484.8
"Chillies and peppers, green (Capsicum spp. and Pimenta spp.)",1980,16484.8,15742.8,175365.0,10638.0,15685.233333333332,0.06893086816720251,0.1193129595588236,16221.6
"Chillies and peppers, green (Capsicum spp. and Pimenta spp.)",1981,16221.6,16484.8,164584.0,10146.0,16149.733333333332,-0.046249294980259426,-0.061477489806973984,16506.9
"Chillies and peppers, green (Capsicum spp. and Pimenta spp.)",1982,16506.9,16221.6,173669.0,10521.0,16404.433333333334,0.03696037847427558,0.05519977640596907,15596.0
"Chillies and peppers, green (Capsicum spp. and Pimenta spp.)",1983,15596.0,16506.9,166721.0,10690.0,16108.166666666666,0.016063111871495117,-0.040007140019232,15873.0
"Chillies and peppers, green (Capsicum spp. and Pimenta spp.)",1984,15873.0,15596.0,180000.0,11340.0,15991.966666666667,0.06080449017773626,0.0796480347406745,15842.5
"Chillies and peppers, green (Capsicum spp. and Pimenta spp.)",1985,15842.5,15873.0,173000.0,10920.0,15770.5,-0.03703703703703709,-0.03888888888888886,16326.5
"Chillies and peppers, green (Capsicum spp. and Pimenta spp.)",1986,16326.5,15842.5,192000.0,11760.0,16014.0,0.07692307692307687,0.10982658959537561,17099.6
"Chillies and peppers, green (Capsicum spp. and Pimenta spp.)",1987,17099.6,16326.5,237000.0,13860.0,16422.866666666665,0.1785714285714286,0.234375,17755.1
"Chillies and peppers, green (Capsicum spp. and Pimenta spp.)",1988,17755.1,17099.6,261000.0,14700.0,17060.399999999998,0.06060606060606055,0.10126582278481022,17328.0
"Chillies and peppers, green (Capsicum spp. and Pimenta spp.)",1989,17328.0,17755.1,262000.0,15120.0,17394.233333333334,0.02857142857142847,0.003831417624521105,16005.3
"Chillies and peppers, green (Capsicum spp. and Pimenta spp.)",1990,16005.3,17328.0,242000.0,15120.0,17029.466666666664,0.0,-0.07633587786259544,16976.8
"Chillies and peppers, green (Capsicum spp. and Pimenta spp.)",1991,16976.8,16005.3,271000.0,15963.0,16770.033333333333,0.05575396825396828,0.11983471074380159,16552.0
"Chillies and peppers, green (Capsicum spp. and Pimenta spp.)",1992,16552.0,16976.8,281599.0,17013.0,16511.366666666665,0.06577710956587102,0.03911070110701109,15306.8
"Chillies and peppers, green (Capsicum spp. and Pimenta spp.)",1993,15306.8,16552.0,234454.0,15317.0,16278.533333333335,-0.09968847352024923,-0.1674189183910454,15833.3
"Chillies and peppers, green (Capsicum spp. and Pimenta spp.)",1994,15833.3,15306.8,190000.0,12000.0,15897.366666666667,-0.21655676699092508,-0.18960648997244667,14071.4
"Chillies and peppers, green (Capsicum spp. and Pimenta spp.)",1995,14071.4,15833.3,197000.0,14000.0,15070.5,0.16666666666666674,0.03684210526315779,14625.6
"Chillies and peppers, green (Capsicum spp. and Pimenta spp.)",1996,14625.6,14071.4,250551.0,17131.0,14843.433333333334,0.22364285714285703,0.2718324873096447,14299.1
"Chillies and peppers, green (Capsicum spp. and Pimenta spp.)",1997,14299.1,14625.6,322545.0,22557.0,14332.033333333333,0.3167357422217034,0.28734269669648094,14221.8
"Chillies and peppers, green (Capsicum spp. and Pimenta spp.)",1998,14221.8,14299.1,362712.0,25504.0,14382.166666666666,0.1306468058695749,0.1245314607264103,15451.1
"Chillies and peppers, green (Capsicum spp. and Pimenta spp.)",1999,15451.1,14221.8,410784.0,26586.0,14657.333333333334,0.042424717691342595,0.13253490372526966,14024.8
"Chillies and peppers, green (Capsicum spp. and Pimenta spp.)",2000,14024.8,15451.1,388095.0,27672.0,14565.9,0.04084856691491767,-0.055233407338163176,15324.2
"Chillies and peppers, green (Capsicum spp. and Pimenta spp.)",2001,15324.2,14024.8,428066.0,27934.0,14933.366666666667,0.009468054350968425,0.10299282392197795,14949.6
"Chillies and peppers, green (Capsicum spp. and Pimenta spp.)",2002,14949.6,15324.2,386687.0,25866.0,14766.199999999999,-0.0740316460227679,-0.09666500025696967,15844.6
"Chillies and peppers, green (Capsicum spp. and Pimenta spp.)",2003,15844.6,14949.6,476670.0,30084.0,15372.800000000001,0.16307121317559736,0.23270241823490312,15636.5
"Chillies and peppers, green (Capsicum spp. and Pimenta spp.)",2004,15636.5,15844.6,496523.0,31754.0,15476.9,0.05551123520808399,0.041649359095391025,15743.8
"Chillies and peppers, green (Capsicum spp. and Pimenta spp.)",2005,15743.8,15636.5,467433.0,29690.0,15741.633333333333,-0.06499968507904519,-0.05858741689710245,15862.1
"Chillies and peppers, green (Capsicum spp. and Pimenta spp.)",2006,15862.1,15743.8,460000.0,29000.0,15747.466666666667,-0.02324014819804643,-0.01590174420719115,18333.3
"Chillies and peppers, green (Capsicum spp. and Pimenta spp.)",2007,18333.3,15862.1,550000.0,30000.0,16646.399999999998,0.034482758620689724,0.19565217391304346,16314.7
"Chillies and peppers, green (Capsicum spp. and Pimenta spp.)",2008,16314.7,18333.3,651822.0,39953.0,16836.699999999997,0.33176666666666677,0.185130909090909,16587.9
"Chillies and peppers, green (Capsicum spp. and Pimenta spp.)",2009,16587.9,16314.7,703408.0,42405.0,17078.63333333333,0.061372112231872444,0.07914123794532868,17474.5
"Chillies and peppers, green (Capsicum spp. and Pimenta spp.)",2010,17474.5,16587.9,792836.0,45371.0,16792.36666666667,0.06994458200683873,0.12713531833587344,17083.6
"Chillies and peppers, green (Capsicum spp. and Pimenta spp.)",2011,17083.6,17474.5,655841.0,38390.0,17048.666666666668,-0.15386480350884923,-0.17279109424899974,16902.0
"Chillies and peppers, green (Capsicum spp. and Pimenta spp.)",2012,16902.0,17083.6,670434.0,39666.0,17153.366666666665,0.03323782234957018,0.022250819939588995,16325.2
"Chillies and peppers, green (Capsicum spp. and Pimenta spp.)",2013,16325.2,16902.0,650054.0,39819.0,16770.266666666666,0.0038572076841627556,-0.030398219660697445,16022.7
"Cow peas, dry",1964,1604.2,1665.1,5602.0,3492.0,1625.1000000000001,0.666030534351145,0.6051575931232092,1508.0
"Cow peas, dry",1965,1508.0,1604.2,6985.0,4632.0,1592.4333333333334,0.3264604810996563,0.24687611567297396,1621.8
"Cow peas, dry",1966,1621.8,1508.0,6513.0,4016.0,1578.0,-0.13298791018998268,-0.06757337151037934,1582.5
"Cow peas, dry",1967,1582.5,1621.8,5678.0,3588.0,1570.7666666666667,-0.10657370517928288,-0.1282051282051282,1700.4
"Cow peas, dry",1968,1700.4,1582.5,10000.0,5881.0,1634.9000000000003,0.6390746934225195,0.7611835153222966,1904.3
"Cow peas, dry",1969,1904.3,1700.4,8000.0,4201.0,1729.0666666666666,-0.2856657031117157,-0.19999999999999996,1666.3
"Cow peas, dry",1970,1666.3,1904.3,7000.0,4201.0,1757.0,0.0,-0.125,1428.2
"Cow peas, dry",1971,1428.2,1666.3,6000.0,4201.0,1666.2666666666667,0.0,-0.1428571428571429,1190.2
"Cow peas, dry",1972,1190.2,1428.2,5000.0,4201.0,1428.2333333333333,0.0,-0.16666666666666663,1586.9
"Cow peas, dry",1973,1586.9,1190.2,6000.0,3781.0,1401.7666666666667,-0.09997619614377529,0.19999999999999996,1700.1
"Cow peas, dry",1974,1700.1,1586.9,5000.0,2941.0,1492.4000000000003,-0.22216344882306271,-0.16666666666666663,1851.4
"Cow peas, dry",1975,1851.4,1700.1,7000.0,3781.0,1712.8,0.28561713702822167,0.3999999999999999,1851.4
"Cow peas, dry",1976,1851.4,1851.4,7000.0,3781.0,1800.9666666666665,0.0,0.0,1654.4
"Cow peas, dry",1977,1654.4,1851.4,7066.0,4271.0,1785.7333333333336,0.1295953451467866,0.009428571428571342,1660.1
"Cow peas, dry",1978,1660.1,1654.4,5651.0,3404.0,1721.9666666666665,-0.20299695621634273,-0.2002547410133031,1878.8
"Cow peas, dry",1979,1878.8,1660.1,4928.0,2623.0,1731.1000000000001,-0.22943595769682723,-0.1279419571757211,1869.2
"Cow peas, dry",1980,1869.2,1878.8,6202.0,3318.0,1802.7,0.26496378192908887,0.2585227272727273,1933.7
"Cow peas, dry",1981,1933.7,1869.2,5281.0,2731.0,1893.8999999999999,-0.176913803496082,-0.14850048371493063,2081.1
"Cow peas, dry",1982,2081.1,1933.7,5515.0,2650.0,1961.3333333333333,-0.029659465397290363,0.04430978981253553,2014.7
"Cow peas, dry",1983,2014.7,2081.1,9435.0,4683.0,2009.8333333333333,0.7671698113207548,0.7107887579329102,2381.0
"Cow peas, dry",1984,2381.0,2014.7,8000.0,3360.0,2158.9333333333334,-0.2825112107623319,-0.15209326974032855,2381.0
"Cow peas, dry",1985,2381.0,2381.0,8000.0,3360.0,2258.9,0.0,0.0,2381.0
"Cow peas, dry",1986,2381.0,2381.0,8000.0,3360.0,2381.0,0.0,0.0,1851.9
"Cow peas, dry",1987,1851.9,2381.0,7000.0,3780.0,2204.633333333333,0.125,-0.125,2083.3
"Cow peas, dry",1988,2083.3,1851.9,7000.0,3360.0,2105.4,-0.11111111111111116,0.0,2381.0
"Cow peas, dry",1989,2381.0,2083.3,6000.0,2520.0,2105.4,-0.25,-0.1428571428571429,1984.1
"Cow peas, dry",1990,1984.1,2381.0,5000.0,2520.0,2149.4666666666667,0.0,-0.16666666666666663,2343.9
"Cow peas, dry",1991,2343.9,1984.1,7306.0,3117.0,2236.3333333333335,0.23690476190476195,0.46120000000000005,1985.3
"Cow peas, dry",1992,1985.3,2343.9,9700.0,4886.0,2104.4333333333334,0.5675328841835099,0.3276758828360251,2124.3
"Cow peas, dry",1993,2124.3,1985.3,4752.0,2237.0,2151.1666666666665,-0.5421612771182972,-0.5101030927835051,2166.7
"Cow peas, dry",1994,2166.7,2124.3,6500.0,3000.0,2092.1,0.34108180599016547,0.36784511784511786,2400.0
"Cow peas, dry",1995,2400.0,2166.7,6000.0,2500.0,2230.3333333333335,-0.16666666666666663,-0.07692307692307687,2346.2
"Cow peas, dry",1996,2346.2,2400.0,6100.0,2600.0,2304.2999999999997,0.040000000000000036,0.016666666666666607,2339.6
"Cow peas, dry",1997,2339.6,2346.2,6200.0,2650.0,2361.933333333333,0.019230769230769162,0.016393442622950838,2333.3
"Cow peas, dry",1998,2333.3,2339.6,6300.0,2700.0,2339.7000000000003,0.018867924528301883,0.016129032258064502,2321.4
"Cow peas, dry",1999,2321.4,2333.3,6500.0,2800.0,2331.4333333333334,0.03703703703703698,0.031746031746031855,2275.9
"Cow peas, dry",2000,2275.9,2321.4,6600.0,2900.0,2310.2000000000003,0.03571428571428581,0.01538461538461533,2351.9
"Cow peas, dry",2001,2351.9,2275.9,6752.95,2871.0,2316.4,-0.010000000000000009,0.023174242424242486,2368.5
"Cow peas, dry",2002,2368.5,2351.9,6777.55,2862.0,2332.1,-0.0031347962382445305,0.0036428523830327464,2266.7
"Cow peas, dry",2003,2266.7,2368.5,6800.0,3000.0,2329.0333333333333,0.048218029350104885,0.0033124064005429776,2433.0
"Cow peas, dry",2004,2433.0,2266.7,6844.6,2813.0,2356.0666666666666,-0.06233333333333335,0.006558823529411839,2504.7
"Cow peas, dry",2005,2504.7,2433.0,6875.11,2745.0,2401.4666666666667,-0.024173480270174186,0.0044575285626624606,2590.9
"Cow peas, dry",2006,2590.9,2504.7,6906.03,2665.0,2509.5333333333333,-0.02914389799635697,0.004497382587333121,2759.1
"Cow peas, dry",2007,2759.1,2590.9,6936.39,2514.0,2618.233333333333,-0.05666041275797373,0.0043961581400602245,2865.6
"Cow peas, dry",2008,2865.6,2759.1,6950.95,2426.0,2738.5333333333333,-0.0350039777247414,0.0020990745906732666,3054.2
"Cow peas, dry",2009,3054.2,2865.6,7500.0,2456.0,2892.9666666666667,0.012366034624897049,0.07898920291470946,3148.4
"Cow peas, dry",2010,3148.4,3054.2,8000.0,2541.0,3022.7333333333336,0.03460912052117271,0.06666666666666665,3231.3
"Cow peas, dry",2011,3231.3,3148.4,7117.25,2203.0,3144.633333333333,-0.13301849665486032,-0.11034374999999996,3309.5
"Cow peas, dry",2012,3309.5,3231.3,7106.3,2147.0,3229.7333333333336,-0.025419881979119374,-0.0015385155783483873,3500.0
"Cow peas, dry",2013,3500.0,3309.5,7000.0,2000.0,3346.933333333333,-0.0684676292501164,-0.014958557899328762,3500.0
Cucumbers and gherkins,1964,12880.2,12626.4,182023.0,14132.0,12590.166666666666,-0.024504728377165774,-0.004892902830776591,12469.1
Cucumbers and gherkins,1965,12469.1,12880.2,179942.0,14431.0,12658.566666666666,0.021157656382677636,-0.011432621152271949,12824.3
Cucumbers and gherkins,1966,12824.3,12469.1,168473.0,13137.0,12724.533333333333,-0.08966807567043167,-0.06373720421024553,13640.3
Cucumbers and gherkins,1967,13640.3,12824.3,172291.0,12631.0,12977.9,-0.03851716525843041,0.022662385070604696,13578.0
Cucumbers and gherkins,1968,13578.0,13640.3,148000.0,10900.0,13347.533333333333,-0.13704378117330374,-0.1409882118044471,12887.9
Cucumbers and gherkins,1969,12887.9,13578.0,157000.0,12182.0,13368.733333333332,0.11761467889908261,0.060810810810810745,13380.4
Cucumbers and gherkins,1970,13380.4,12887.9,163000.0,12182.0,13282.1,0.0,0.03821656050955413,13773.2
Cucumbers and gherkins,1971,13773.2,13380.4,162000.0,11762.0,13347.166666666666,-0.03447709735675586,-0.006134969325153339,14453.3
Cucumbers and gherkins,1972,14453.3,13773.2,170000.0,11762.0,13868.966666666667,0.0,0.04938271604938271,13603.1
Cucumbers and gherkins,1973,13603.1,14453.3,160000.0,11762.0,13943.199999999999,0.0,-0.05882352941176472,13056.3
Cucumbers and gherkins,1974,13056.3,13603.1,181000.0,13863.0,13704.233333333332,0.1786260839993199,0.1312500000000001,14505.7
Cucumbers and gherkins,1975,14505.7,13056.3,195000.0,13443.0,13721.699999999999,-0.030296472624972925,0.07734806629834257,14505.8
Cucumbers and gherkins,1976,14505.8,14505.7,226000.0,15580.0,14022.6,0.1589674923752138,0.15897435897435908,16540.4
Cucumbers and gherkins,1977,16540.4,14505.8,244351.0,14773.0,15183.966666666667,-0.05179717586649546,0.0811991150442477,14455.1
Cucumbers and gherkins,1978,14455.1,16540.4,215613.0,14916.0,15167.1,0.00967982129560685,-0.11760950436053053,15163.7
Cucumbers and gherkins,1979,15163.7,14455.1,231353.0,15257.0,15386.400000000001,0.02286135693215341,0.07300116412275703,16207.8
Cucumbers and gherkins,1980,16207.8,15163.7,272291.0,16800.0,15275.533333333333,0.10113390574818126,0.17695037453588247,15539.1
Cucumbers and gherkins,1981,15539.1,16207.8,294000.0,18920.0,15636.866666666669,0.1261904761904762,0.07972720361671892,15629.2
Cucumbers and gherkins,1982,15629.2,15539.1,302300.0,19342.0,15792.033333333333,0.022304439746300142,0.028231292517006734,15915.5
Cucumbers and gherkins,1983,15915.5,15629.2,292114.0,18354.0,15694.6,-0.05108055009823187,-0.03369500496195832,15666.7
Cucumbers and gherkins,1984,15666.7,15915.5,282000.0,18000.0,15737.133333333333,-0.01928734880679961,-0.03462346891966839,16726.2
Cucumbers and gherkins,1985,16726.2,15666.7,281000.0,16800.0,16102.800000000001,-0.06666666666666665,-0.0035460992907800915,17460.3
Cucumbers and gherkins,1986,17460.3,16726.2,308000.0,17640.0,16617.733333333334,0.050000000000000044,0.09608540925266906,17883.6
Cucumbers and gherkins,1987,17883.6,17460.3,338000.0,18900.0,17356.7,0.0714285714285714,0.09740259740259738,15589.6
Cucumbers and gherkins,1988,15589.6,17883.6,275000.0,17640.0,16977.833333333332,-0.06666666666666665,-0.18639053254437865,16604.0
Cucumbers and gherkins,1989,16604.0,15589.6,265000.0,15960.0,16692.399999999998,-0.09523809523809523,-0.036363636363636376,16840.9
Cucumbers and gherkins,1990,16840.9,16604.0,290000.0,17220.0,16344.833333333334,0.07894736842105265,0.09433962264150941,18697.5
Cucumbers and gherkins,1991,18697.5,16840.9,267000.0,14280.0,17380.800000000003,-0.1707317073170732,-0.07931034482758625,16103.6
Cucumbers and gherkins,1992,16103.6,18697.5,250299.0,15543.0,17214.000000000004,0.08844537815126041,-0.06255056179775276,17037.1
Cucumbers and gherkins,1993,17037.1,16103.6,270310.0,15866.0,17279.4,0.020781058997619617,0.0799483817354445,16466.7
Cucumbers and gherkins,1994,16466.7,17037.1,247000.0,15000.0,16535.800000000003,-0.054582125299382334,-0.0862343235544375,17058.8
Cucumbers and gherkins,1995,17058.8,16466.7,290000.0,17000.0,16854.2,0.1333333333333333,0.1740890688259109,17368.4
Cucumbers and gherkins,1996,17368.4,17058.8,330000.0,19000.0,16964.633333333335,0.11764705882352944,0.13793103448275867,18000.0
Cucumbers and gherkins,1997,18000.0,17368.4,360000.0,20000.0,17475.733333333337,0.05263157894736836,0.09090909090909083,18090.9
Cucumbers and gherkins,1998,18090.9,18000.0,398000.0,22000.0,17819.76666666667,0.10000000000000009,0.10555555555555562,17307.7
Cucumbers and gherkins,1999,17307.7,18090.9,450000.0,26000.0,17799.533333333336,0.18181818181818188,0.1306532663316582,19254.7
Cucumbers and gherkins,2000,19254.7,17307.7,563970.0,29290.0,18217.76666666667,0.1265384615384615,0.25326666666666675,19239.2
Cucumbers and gherkins,2001,19239.2,19254.7,566980.0,29470.0,18600.533333333336,0.006145442130419898,0.005337163324290239,20014.5
Cucumbers and gherkins,2002,20014.5,19239.2,567610.0,28360.0,19502.800000000003,-0.037665422463522225,0.001111150305125319,20324.7
Cucumbers and gherkins,2003,20324.7,20014.5,538443.0,26492.0,19859.46666666667,-0.06586741889985892,-0.05138563450256339,20337.8
Cucumbers and gherkins,2004,20337.8,20324.7,674117.0,33146.0,20225.66666666667,0.2511701645779858,0.2519746751281009,21653.8
Cucumbers and gherkins,2005,21653.8,20337.8,583114.0,26929.0,20772.100000000002,-0.1875641102998854,-0.13499585383546175,21428.6
Cucumbers and gherkins,2006,21428.6,21653.8,600000.0,28000.0,21140.06666666667,0.039771250324928564,0.028958316898582526,20177.1
Cucumbers and gherkins,2007,20177.1,21428.6,802644.0,39780.0,21086.500000000004,0.4207142857142858,0.33773999999999993,22382.3
Cucumbers and gherkins,2008,22382.3,20177.1,671468.0,30000.0,21329.333333333332,-0.24585218702865763,-0.1634298642984935,18564.4
Cucumbers and gherkins,2009,18564.4,22382.3,595732.0,32090.0,20374.600000000002,0.06966666666666677,-0.11279167436125026,22085.0
Cucumbers and gherkins,2010,22085.0,18564.4,600027.0,27169.0,21010.56666666667,-0.15334995325646616,0.007209617747577779,22360.2
Cucumbers and gherkins,2011,22360.2,22085.0,631408.0,28238.0,21003.2,0.03934631381353748,0.05229931319757286,22838.9
Cucumbers and gherkins,2012,22838.9,22360.2,665070.0,29120.0,22428.033333333336,0.031234506693108566,0.05331259660948229,23546.5
Cucumbers and gherkins,2013,23546.5,22838.9,613880.0,26071.0,22915.2,-0.10470467032967035,-0.07696934157306745,22808.0
Dates,1964,22012.7,20050.0,440253.0,20000.0,22004.233333333334,0.0,0.09788778054862846,16363.0
Dates,1965,16363.0,22012.7,327259.0,20000.0,19475.233333333334,0.0,-0.2566569676981191,19285.8
Dates,1966,19285.8,16363.0,385717.0,20000.0,19220.5,0.0,0.17862915916750954,15859.1
Dates,1967,15859.1,19285.8,317183.0,20000.0,17169.3,0.0,-0.177679490403586,15945.5
Dates,1968,15945.5,15859.1,318910.0,20000.0,17030.13333333333,0.0,0.005444806310552552,15450.0
Dates,1969,15450.0,15945.5,309000.0,20000.0,15751.533333333333,0.0,-0.031074597848922858,20050.0
Dates,1970,20050.0,15450.0,401000.0,20000.0,17148.5,0.0,0.2977346278317152,16950.0
Dates,1971,16950.0,20050.0,339000.0,20000.0,17483.333333333332,0.0,-0.15461346633416462,17050.0
Dates,1972,17050.0,16950.0,341000.0,20000.0,18016.666666666668,0.0,0.005899705014749346,19850.0
Dates,1973,19850.0,17050.0,397000.0,20000.0,17950.0,0.0,0.16422287390029333,19050.0
Dates,1974,19050.0,19850.0,381000.0,20000.0,18650.0,0.0,-0.04030226700251893,19810.0
Dates,1975,19810.0,19050.0,396200.0,20000.0,19570.0,0.0,0.039895013123359524,20755.0
Dates,1976,20755.0,19810.0,415100.0,20000.0,19871.666666666668,0.0,0.04770318021201403,20848.8
Dates,1977,20848.8,20755.0,416977.0,20000.0,20471.266666666666,0.0,0.0045218019754276195,23053.8
Dates,1978,23053.8,20848.8,461075.0,20000.0,21552.533333333333,0.0,0.10575643260899281,18850.0
Dates,1979,18850.0,23053.8,377000.0,20000.0,20917.533333333333,0.0,-0.18234560537873445,20300.0
Dates,1980,20300.0,18850.0,406000.0,20000.0,20734.600000000002,0.0,0.07692307692307687,22300.0
Dates,1981,22300.0,20300.0,446000.0,20000.0,20483.333333333332,0.0,0.09852216748768483,19536.3
Dates,1982,19536.3,22300.0,390727.0,20000.0,20712.100000000002,0.0,-0.12393049327354255,20930.4
Dates,1983,20930.4,19536.3,439539.0,21000.0,20922.233333333334,0.050000000000000044,0.12492609929695164,21363.6
Dates,1984,21363.6,20930.4,470000.0,22000.0,20610.100000000002,0.04761904761904767,0.06930215521262051,20608.7
Dates,1985,20608.7,21363.6,474000.0,23000.0,20967.566666666666,0.045454545454545414,0.008510638297872353,21208.3
Dates,1986,21208.3,20608.7,509000.0,24000.0,21060.2,0.04347826086956519,0.07383966244725748,21347.8
Dates,1987,21347.8,21208.3,491000.0,23000.0,21054.93333333333,-0.04166666666666663,-0.035363457760314354,22583.3
Dates,1988,22583.3,21347.8,542000.0,24000.0,21713.13333333333,0.04347826086956519,0.10386965376782076,23523.8
Dates,1989,23523.8,22583.3,494000.0,21000.0,22484.966666666664,-0.125,-0.08856088560885611,22862.7
Dates,1990,22862.7,23523.8,571568.0,25000.0,22989.933333333334,0.19047619047619047,0.15702024291497985,24842.5
Dates,1991,24842.5,22862.7,541963.0,21816.0,23743.0,-0.12736000000000003,-0.05179611174873333,22351.5
Dates,1992,22351.5,24842.5,603490.0,27000.0,23352.233333333334,0.2376237623762376,0.11352620012805303,21991.0
Dates,1993,21991.0,22351.5,603652.0,27450.0,23061.666666666668,0.016666666666666607,0.00026843858224667727,28348.4
Dates,1994,28348.4,21991.0,631290.0,22269.0,24230.300000000003,-0.18874316939890712,0.04578465738538107,25184.7
Dates,1995,25184.7,28348.4,646039.0,25652.0,25174.7,0.1519152184651309,0.023363272030287208,26428.1
Dates,1996,26428.1,25184.7,677934.0,25652.0,26653.733333333337,0.0,0.04937008446858471,27042.3
Dates,1997,27042.3,26428.1,738147.0,27296.0,26218.366666666665,0.06408857009200064,0.0888183805503191,26458.5
Dates,1998,26458.5,27042.3,740838.0,28000.0,26642.966666666664,0.02579132473622514,0.003645615304268768,28958.8
Dates,1999,28958.8,26458.5,839805.0,29000.0,27486.533333333336,0.03571428571428581,0.13358790990742908,32131.7
Dates,2000,32131.7,28958.8,905953.0,28195.0,29183.0,-0.027758620689655178,0.07876590398961669,34735.7
Dates,2001,34735.7,32131.7,1006710.0,28982.0,31942.066666666666,0.027912750487675053,0.11121658629090025,37787.9
Dates,2002,37787.9,34735.7,1113270.0,29461.0,34885.1,0.016527499827479142,0.10584974818964743,36784.7
Dates,2003,36784.7,37787.9,1090004.0,29632.0,36436.1,0.0058042836292047095,-0.020898793643949753,34137.4
Dates,2004,34137.4,36784.7,1121890.0,32864.0,36236.666666666664,0.10907127429805619,0.029253103658335222,33775.0
Dates,2005,33775.0,34137.4,1166182.0,34528.0,34899.03333333333,0.05063291139240511,0.039479806398131645,32079.9
Dates,2006,32079.9,33775.0,1159690.0,36150.0,33330.76666666666,0.04697636700648755,-0.005566884071268485,37135.8
Dates,2007,37135.8,32079.9,1328720.0,35780.0,34330.23333333334,-0.010235131396957087,0.14575446886667986,36041.0
Dates,2008,36041.0,37135.8,1313696.0,36450.0,35085.56666666667,0.018725544997205246,-0.01130712264434941,36008.8
Dates,2009,36008.8,36041.0,1326133.0,36828.0,36395.200000000004,0.010370370370370363,0.009467182666309304,34407.9
Dates,2010,34407.9,36008.8,1270478.0,36924.0,35485.9,0.0026067122841315626,-0.04196788708221577,32255.4
Dates,2011,32255.4,34407.9,1352954.0,41945.0,34224.03333333333,0.1359820171162387,0.06491729884342745,32977.3
Dates,2012,32977.3,32255.4,1373570.0,41652.0,33213.53333333333,-0.006985337942543857,0.015237768615932179,36362.7
Dates,2013,36362.7,32977.3,1400072.0,38503.0,33865.13333333333,-0.07560261211946606,0.019294247835931255,35030.7
"Edible roots and tubers with high starch or inulin content, n.e.c., fresh",1987,5000.0,4062.5,1600.0,320.0,4791.666666666667,0.0,0.23076923076923084,4400.0
"Edible roots and tubers with high starch or inulin content, n.e.c., fresh",1988,4400.0,5000.0,1100.0,250.0,4487.5,-0.21875,-0.3125,5000.0
"Edible roots and tubers with high starch or inulin content, n.e.c., fresh",1989,5000.0,4400.0,1250.0,250.0,4800.0,0.0,0.13636363636363646,5000.0
"Edible roots and tubers with high starch or inulin content, n.e.c., fresh",1990,5000.0,5000.0,1250.0,250.0,4800.0,0.0,0.0,5625.0
"Edible roots and tubers with high starch or inulin content, n.e.c., fresh",1991,5625.0,5000.0,1800.0,320.0,5208.333333333333,0.28,0.43999999999999995,5952.4
"Edible roots and tubers with high starch or inulin content, n.e.c., fresh",1992,5952.4,5625.0,2500.0,420.0,5525.8,0.3125,0.38888888888888884,5384.6
"Edible roots and tubers with high starch or inulin content, n.e.c., fresh",1993,5384.6,5952.4,3500.0,650.0,5654.0,0.5476190476190477,0.3999999999999999,5533.6
"Edible roots and tubers with high starch or inulin content, n.e.c., fresh",1994,5533.6,5384.6,3600.0,651.0,5623.533333333333,0.0015384615384614886,0.02857142857142847,5450.7
"Edible roots and tubers with high starch or inulin content, n.e.c., fresh",1995,5450.7,5533.6,3500.0,642.0,5456.3,-0.01382488479262678,-0.02777777777777779,5484.6
"Edible roots and tubers with high starch or inulin content, n.e.c., fresh",1996,5484.6,5450.7,3600.0,656.0,5489.633333333334,0.02180685358255441,0.02857142857142847,5456.2
"Edible roots and tubers with high starch or inulin content, n.e.c., fresh",1997,5456.2,5484.6,3650.0,669.0,5463.833333333333,0.01981707317073167,0.01388888888888884,5427.5
"Edible roots and tubers with high starch or inulin content, n.e.c., fresh",1998,5427.5,5456.2,3700.0,682.0,5456.099999999999,0.01943198804185342,0.013698630136986356,5357.1
"Edible roots and tubers with high starch or inulin content, n.e.c., fresh",1999,5357.1,5427.5,3750.0,700.0,5413.6,0.02639296187683282,0.013513513513513598,5363.5
"Edible roots and tubers with high starch or inulin content, n.e.c., fresh",2000,5363.5,5357.1,3800.0,708.0,5382.7,0.011428571428571344,0.01333333333333342,5330.1
"Edible roots and tubers with high starch or inulin content, n.e.c., fresh",2001,5330.1,5363.5,3837.76,720.0,5350.233333333334,0.016949152542372836,0.009936842105263244,5296.3
"Edible roots and tubers with high starch or inulin content, n.e.c., fresh",2002,5296.3,5330.1,3871.96,731.0,5329.966666666667,0.015277777777777724,0.00891144834486779,5258.3
"Edible roots and tubers with high starch or inulin content, n.e.c., fresh",2003,5258.3,5296.3,3902.38,742.0,5294.900000000001,0.015047879616963078,0.007856486120724426,5221.5
"Edible roots and tubers with high starch or inulin content, n.e.c., fresh",2004,5221.5,5258.3,3877.75,743.0,5258.7,0.0013477088948787852,-0.006311532961936095,5181.5
"Edible roots and tubers with high starch or inulin content, n.e.c., fresh",2005,5181.5,5221.5,3896.34,752.0,5220.433333333333,0.01211305518169592,0.004794017149120089,5137.1
"Edible roots and tubers with high starch or inulin content, n.e.c., fresh",2006,5137.1,5181.5,3921.48,763.0,5180.033333333334,0.0146276595744681,0.006452208996134745,5092.3
"Edible roots and tubers with high starch or inulin content, n.e.c., fresh",2007,5092.3,5137.1,3734.93,733.0,5136.966666666667,-0.03931847968545221,-0.047571325111947615,5046.9
"Edible roots and tubers with high starch or inulin content, n.e.c., fresh",2008,5046.9,5092.3,3902.91,773.0,5092.099999999999,0.05457025920873115,0.044975407838968806,5001.1
"Edible roots and tubers with high starch or inulin content, n.e.c., fresh",2009,5001.1,5046.9,4000.0,800.0,5046.766666666666,0.03492884864165591,0.02487631024030801,4954.7
"Edible roots and tubers with high starch or inulin content, n.e.c., fresh",2010,4954.7,5001.1,4277.44,863.0,5000.900000000001,0.0787500000000001,0.06935999999999987,4907.9
"Edible roots and tubers with high starch or inulin content, n.e.c., fresh",2011,4907.9,4954.7,4502.15,917.0,4954.566666666667,0.06257242178447275,0.05253375850976294,4860.5
"Edible roots and tubers with high starch or inulin content, n.e.c., fresh",2012,4860.5,4907.9,4718.06,971.0,4907.7,0.0588876772082878,0.047957087169463675,4761.9
"Edible roots and tubers with high starch or inulin content, n.e.c., fresh",2013,4761.9,4860.5,5000.0,1050.0,4843.433333333333,0.08135942327497436,0.059757612238928726,4761.9
Eggplants (aubergines),1964,21293.5,20979.0,161000.0,7561.0,20809.333333333332,0.12498140157714621,0.14184397163120566,21799.0
Eggplants (aubergines),1965,21799.0,21293.5,174000.0,7982.0,21357.166666666668,0.05568046554688544,0.08074534161490687,22174.9
Eggplants (aubergines),1966,22174.9,21799.0,177000.0,7982.0,21755.8,0.0,0.01724137931034475,22487.2
Eggplants (aubergines),1967,22487.2,22174.9,196426.0,8735.0,22153.7,0.09433725883237276,0.10975141242937858,22326.8
Eggplants (aubergines),1968,22326.8,22487.2,196409.0,8797.0,22329.63333333333,0.0070978820835718714,-8.654658751894306e-05,21631.1
Eggplants (aubergines),1969,21631.1,22326.8,209000.0,9662.0,22148.36666666667,0.09832897578720012,0.0641060236547204,24123.7
Eggplants (aubergines),1970,24123.7,21631.1,234000.0,9700.0,22693.86666666667,0.003932933140136541,0.11961722488038284,21622.7
Eggplants (aubergines),1971,21622.7,24123.7,218000.0,10082.0,22459.166666666668,0.03938144329896898,-0.06837606837606836,22118.6
Eggplants (aubergines),1972,22118.6,21622.7,223000.0,10082.0,22621.666666666668,0.0,0.022935779816513735,21217.1
Eggplants (aubergines),1973,21217.1,22118.6,205000.0,9662.0,21652.8,-0.0416584011108907,-0.08071748878923768,21640.3
Eggplants (aubergines),1974,21640.3,21217.1,200000.0,9242.0,21658.666666666668,-0.043469261022562655,-0.024390243902439046,21225.9
Eggplants (aubergines),1975,21225.9,21640.3,214000.0,10082.0,21361.100000000002,0.09088941787491889,0.07000000000000006,20915.2
Eggplants (aubergines),1976,20915.2,21225.9,217267.0,10388.0,21260.466666666667,0.030351120809363197,0.015266355140186816,21838.0
Eggplants (aubergines),1977,21838.0,20915.2,229736.0,10520.0,21326.36666666667,0.012706969580285055,0.057390215725351856,20613.1
Eggplants (aubergines),1978,20613.1,21838.0,239504.0,11619.0,21122.1,0.10446768060836509,0.042518368910401394,21185.5
Eggplants (aubergines),1979,21185.5,20613.1,282000.0,13311.0,21212.2,0.1456235476374903,0.17743336228204964,21266.0
Eggplants (aubergines),1980,21266.0,21185.5,312291.0,14685.0,21021.533333333333,0.1032228983547443,0.10741489361702117,21028.4
Eggplants (aubergines),1981,21028.4,21266.0,284367.0,13523.0,21159.966666666667,-0.07912836227442965,-0.08941660182329947,21189.8
Eggplants (aubergines),1982,21189.8,21028.4,296487.0,13992.0,21161.399999999998,0.03468165347925756,0.042620979227547595,21365.9
Eggplants (aubergines),1983,21365.9,21189.8,306067.0,14325.0,21194.7,0.023799313893653418,0.03231170337991207,20794.0
Eggplants (aubergines),1984,20794.0,21365.9,297000.0,14283.0,21116.566666666666,-0.0029319371727748456,-0.029624232602665446,21746.0
Eggplants (aubergines),1985,21746.0,20794.0,274000.0,12600.0,21301.966666666664,-0.11783238815374919,-0.07744107744107742,21972.8
Eggplants (aubergines),1986,21972.8,21746.0,323000.0,14700.0,21504.266666666666,0.16666666666666674,0.17883211678832112,22592.6
Eggplants (aubergines),1987,22592.6,21972.8,427000.0,18900.0,22103.8,0.2857142857142858,0.32198142414860675,23864.9
Eggplants (aubergines),1988,23864.9,22592.6,431000.0,18060.0,22810.100000000002,-0.0444444444444444,0.00936768149882905,22079.4
Eggplants (aubergines),1989,22079.4,23864.9,371000.0,16803.0,22845.63333333333,-0.06960132890365445,-0.13921113689095133,21662.8
Eggplants (aubergines),1990,21662.8,22079.4,364000.0,16803.0,22535.7,0.0,-0.018867924528301883,22353.8
Eggplants (aubergines),1991,22353.8,21662.8,385000.0,17223.0,22032.0,0.024995536511337235,0.05769230769230771,21780.8
Eggplants (aubergines),1992,21780.8,22353.8,415163.0,19061.0,21932.466666666664,0.10671776113336806,0.0783454545454545,20393.3
Eggplants (aubergines),1993,20393.3,21780.8,342974.0,16818.0,21509.3,-0.11767483342951579,-0.17388110212133545,20295.9
Eggplants (aubergines),1994,20295.9,20393.3,343000.0,16900.0,20823.333333333332,0.004875728386252831,7.580749561197919e-05,19729.7
Eggplants (aubergines),1995,19729.7,20295.9,365000.0,18500.0,20139.63333333333,0.09467455621301779,0.06413994169096204,20900.7
Eggplants (aubergines),1996,20900.7,19729.7,398409.0,19062.0,20308.766666666666,0.030378378378378423,0.09153150684931499,21772.7
Eggplants (aubergines),1997,21772.7,20900.7,550044.0,25263.0,20801.033333333336,0.32530689329556184,0.3806013418371572,20181.8
Eggplants (aubergines),1998,20181.8,21772.7,555000.0,27500.0,20951.733333333334,0.08854847009460465,0.009010188275847097,20000.0
Eggplants (aubergines),1999,20000.0,20181.8,560000.0,28000.0,20651.5,0.018181818181818077,0.009009009009008917,20071.4
Eggplants (aubergines),2000,20071.4,20000.0,562000.0,28000.0,20084.4,0.0,0.0035714285714285587,21790.3
Eggplants (aubergines),2001,21790.3,20071.4,708840.0,32530.0,20620.566666666666,0.1617857142857142,0.26128113879003556,22720.5
Eggplants (aubergines),2002,22720.5,21790.3,703062.0,30944.0,21527.399999999998,-0.04875499538887185,-0.008151345860843096,22891.0
Eggplants (aubergines),2003,22891.0,22720.5,826870.0,36122.0,22467.266666666666,0.16733453981385726,0.17609826729363842,23643.2
Eggplants (aubergines),2004,23643.2,22891.0,1026353.0,43410.0,23084.899999999998,0.2017606998505066,0.24125074074522002,24257.7
Eggplants (aubergines),2005,24257.7,23643.2,1046742.0,43151.0,23597.3,-0.005966367196498457,0.019865484877035433,25057.9
Eggplants (aubergines),2006,25057.9,24257.7,1155920.0,46130.0,24319.600000000002,0.0690366387800978,0.10430268394695164,25415.2
Eggplants (aubergines),2007,25415.2,25057.9,1180280.0,46440.0,24910.266666666666,0.0067201387383482025,0.02107412277666265,24513.6
Eggplants (aubergines),2008,24513.6,25415.2,1160621.0,47346.0,24995.56666666667,0.01950904392764863,-0.016656217168807386,25696.1
Eggplants (aubergines),2009,25696.1,24513.6,1242665.0,48360.0,25208.3,0.021416803953871577,0.0706897428187152,27519.4
Eggplants (aubergines),2010,27519.4,25696.1,1290190.0,46883.0,25909.7,-0.030541770057899043,0.03824441824626912,26425.4
Eggplants (aubergines),2011,26425.4,27519.4,1229792.0,46538.0,26546.966666666664,-0.007358744107672344,-0.04681326006247144,25909.2
Eggplants (aubergines),2012,25909.2,26425.4,1166430.0,45020.0,26618.0,-0.032618505307490664,-0.051522533891910194,26382.9
Eggplants (aubergines),2013,26382.9,25909.2,1193854.0,45251.0,26239.166666666668,0.005131052865393171,0.023511055099748823,26540.4
Figs,1964,7932.0,6086.3,6179.0,779.0,7784.266666666666,0.0038659793814432852,0.3082786364598773,2192.2
Figs,1965,2192.2,7932.0,1848.0,843.0,5403.5,0.08215661103979466,-0.7009224793655932,5096.1
Figs,1966,5096.1,2192.2,4296.0,843.0,5073.433333333333,0.0,1.324675324675325,3571.4
Figs,1967,3571.4,5096.1,3000.0,840.0,3619.9,-0.003558718861209953,-0.3016759776536313,2381.0
Figs,1968,2381.0,3571.4,2000.0,840.0,3682.8333333333335,0.0,-0.33333333333333337,2346.9
Figs,1969,2346.9,2381.0,10000.0,4261.0,2766.433333333333,4.072619047619048,4.0,2380.4
Figs,1970,2380.4,2346.9,11000.0,4621.0,2369.433333333334,0.08448720957521716,0.10000000000000009,4760.3
Figs,1971,4760.3,2380.4,14000.0,2941.0,3162.5333333333333,-0.36355767149967544,0.2727272727272727,5138.1
Figs,1972,5138.1,4760.3,15106.0,2940.0,4092.933333333333,-0.0003400204012240504,0.07899999999999996,4761.9
Figs,1973,4761.9,5138.1,14000.0,2940.0,4886.766666666666,0.0,-0.07321594068582016,4761.9
Figs,1974,4761.9,4761.9,14000.0,2940.0,4887.299999999999,0.0,0.0,5372.3
Figs,1975,5372.3,4761.9,15800.0,2941.0,4965.366666666666,0.0003401360544217358,0.12857142857142856,5100.3
Figs,1976,5100.3,5372.3,15000.0,2941.0,5078.166666666667,0.0,-0.05063291139240511,4641.3
Figs,1977,4641.3,5100.3,14258.0,3072.0,5037.966666666666,0.04454267256035371,-0.04946666666666666,4622.9
Figs,1978,4622.9,4641.3,14146.0,3060.0,4788.166666666666,-0.00390625,-0.007855239163978123,4509.8
Figs,1979,4509.8,4622.9,13764.0,3052.0,4591.333333333333,-0.002614379084967311,-0.02700410009896792,5406.6
Figs,1980,5406.6,4509.8,16209.0,2998.0,4846.433333333333,-0.017693315858453462,0.17763731473408884,3079.5
Figs,1981,3079.5,5406.6,11000.0,3572.0,4331.966666666666,0.19146097398265516,-0.32136467394657287,4786.9
Figs,1982,4786.9,3079.5,10737.0,2243.0,4424.333333333333,-0.3720604703247481,-0.02390909090909088,9083.3
Figs,1983,9083.3,4786.9,18757.0,2065.0,5649.899999999999,-0.07935800267498883,0.7469497997578467,5357.1
Figs,1984,5357.1,9083.3,9000.0,1680.0,6409.099999999999,-0.18644067796610164,-0.5201791331236338,5357.1
Figs,1985,5357.1,5357.1,9000.0,1680.0,6599.166666666667,0.0,0.0,5882.4
Figs,1986,5882.4,5357.1,10000.0,1700.0,5532.2,0.011904761904761862,0.11111111111111116,2857.1
Figs,1987,2857.1,5882.4,24000.0,8400.0,4698.866666666667,3.9411764705882355,1.4,2834.5
Figs,1988,2834.5,2857.1,25000.0,8820.0,3858.0,0.050000000000000044,0.04166666666666674,2838.3
Figs,1989,2838.3,2834.5,31000.0,10922.0,2843.2999999999997,0.23832199546485255,0.24,2813.4
Figs,1990,2813.4,2838.3,39000.0,13862.0,2828.7333333333336,0.2691814685954954,0.25806451612903225,6098.7
Figs,1991,6098.7,2813.4,81485.0,13361.0,3916.7999999999997,-0.036141970855576355,1.0893589743589742,5213.3
Figs,1992,5213.3,6098.7,71083.0,13635.0,4708.466666666667,0.020507447047376726,-0.1276553966987789,8716.9
Figs,1993,8716.9,5213.3,153373.0,17595.0,6676.299999999999,0.2904290429042904,1.1576607627702828,8888.9
Figs,1994,8888.9,8716.9,160000.0,18000.0,7606.366666666666,0.023017902813299296,0.043208387395434755,10165.7
Figs,1995,10165.7,8888.9,184000.0,18100.0,9257.166666666666,0.005555555555555536,0.1499999999999999,13026.6
Figs,1996,13026.6,10165.7,236915.0,18187.0,10693.733333333332,0.0048066298342541725,0.28758152173913043,8869.6
Figs,1997,8869.6,13026.6,202697.0,22853.0,10687.3,0.2565568812888326,-0.14443154717936812,8857.4
Figs,1998,8857.4,8869.6,216589.0,24453.0,10251.199999999999,0.07001268980002617,0.06853579480702732,9283.7
Figs,1999,9283.7,8857.4,220849.0,23789.0,9003.566666666666,-0.027154132417290366,0.019668588894172778,8018.8
Figs,2000,8018.8,9283.7,203005.0,25316.0,8719.966666666667,0.06418933120349735,-0.08079728683399068,8454.9
Figs,2001,8454.9,8018.8,187698.0,22200.0,8585.8,-0.12308421551587934,-0.07540208369251988,5160.6
Figs,2002,5160.6,8454.9,150200.0,29105.0,7211.433333333332,0.311036036036036,-0.19977836737738286,7360.1
Figs,2003,7360.1,5160.6,194631.0,26444.0,6991.866666666666,-0.09142758976120946,0.2958122503328895,5316.4
Figs,2004,5316.4,7360.1,135834.0,25550.0,5945.7,-0.03380729087883827,-0.3020947331103473,5818.2
Figs,2005,5818.2,5316.4,160124.0,27521.0,6164.899999999999,0.07714285714285718,0.17882120823946868,6726.7
Figs,2006,6726.7,5818.2,192250.0,28580.0,5953.7666666666655,0.03847970640601717,0.20063201019210108,4030.4
Figs,2007,4030.4,6726.7,295510.0,73320.0,5525.0999999999985,1.5654303708887332,0.537113133940182,3439.7
Figs,2008,3439.7,4030.4,262307.0,76258.0,4732.2666666666655,0.04007092198581552,-0.11235829582755241,9266.6
Figs,2009,9266.6,3439.7,304110.0,32818.0,5578.899999999999,-0.5696451519840542,0.15936669627573807,8970.0
Figs,2010,8970.0,9266.6,286682.0,31960.0,7225.433333333332,-0.02614418916448291,-0.05730821084476012,5821.7
Figs,2011,5821.7,8970.0,184972.0,31773.0,8019.433333333332,-0.005851063829787284,-0.3547833487976224,5810.7
Figs,2012,5810.7,5821.7,165483.0,28479.0,6867.466666666664,-0.10367292984609577,-0.10536189261077356,5957.0
Figs,2013,5957.0,5810.7,171062.0,28716.0,5863.133333333331,0.008321921415780142,0.0337134327997437,6113.9
"Flax, raw or retted",1964,786.8,790.7,8611.0,10944.0,791.6666666666666,-0.03746701846965694,-0.0421579532814238,798.4
"Flax, raw or retted",1965,798.4,786.8,11110.0,13916.0,791.9666666666667,0.27156432748538006,0.29021019626059696,748.6
"Flax, raw or retted",1966,748.6,798.4,8128.0,10857.0,777.9333333333334,-0.21981891348088534,-0.2684068406840684,749.9
"Flax, raw or retted",1967,749.9,748.6,7560.0,10082.0,765.6333333333333,-0.07138251819102881,-0.06988188976377951,750.1
"Flax, raw or retted",1968,750.1,749.9,7582.0,10108.0,749.5333333333333,0.002578853402102732,0.0029100529100529737,768.4
"Flax, raw or retted",1969,768.4,750.1,11620.0,15123.0,756.1333333333333,0.4961416699643846,0.5325771564231074,732.5
"Flax, raw or retted",1970,732.5,768.4,12000.0,16383.0,750.3333333333334,0.0833168022217814,0.03270223752151469,864.9
"Flax, raw or retted",1971,864.9,732.5,7280.0,8417.0,788.6,-0.4862357321613868,-0.3933333333333333,796.9
"Flax, raw or retted",1972,796.9,864.9,7700.0,9662.0,798.0999999999999,0.1479149340620174,0.05769230769230771,809.4
"Flax, raw or retted",1973,809.4,796.9,11900.0,14703.0,823.7333333333332,0.5217346305112813,0.5454545454545454,793.5
"Flax, raw or retted",1974,793.5,809.4,14000.0,17643.0,799.9333333333334,0.19995919200163237,0.17647058823529416,815.4
"Flax, raw or retted",1975,815.4,793.5,16100.0,19744.0,806.0999999999999,0.11908405599954652,0.1499999999999999,857.9
"Flax, raw or retted",1976,857.9,815.4,19460.0,22684.0,822.2666666666668,0.1489059967585089,0.20869565217391295,872.3
"Flax, raw or retted",1977,872.3,857.9,17402.0,19950.0,848.5333333333333,-0.12052548051490042,-0.10575539568345327,885.7
"Flax, raw or retted",1978,885.7,872.3,21823.0,24638.0,871.9666666666666,0.2349874686716793,0.25405125847603727,900.4
"Flax, raw or retted",1979,900.4,885.7,22700.0,25211.0,886.1333333333333,0.023256757853721943,0.04018695871328415,882.3
"Flax, raw or retted",1980,882.3,900.4,25400.0,28790.0,889.4666666666667,0.14196184205307216,0.11894273127753308,872.2
"Flax, raw or retted",1981,872.2,882.3,24920.0,28570.0,884.9666666666667,-0.007641542202153517,-0.018897637795275646,929.5
"Flax, raw or retted",1982,929.5,872.2,20300.0,21840.0,894.6666666666666,-0.23556177808890444,-0.1853932584269663,936.9
"Flax, raw or retted",1983,936.9,929.5,14840.0,15840.0,912.8666666666668,-0.27472527472527475,-0.2689655172413793,895.9
"Flax, raw or retted",1984,895.9,936.9,14500.0,16185.0,920.7666666666665,0.021780303030302983,-0.022911051212938016,869.6
"Flax, raw or retted",1985,869.6,895.9,16000.0,18400.0,900.7999999999998,0.1368551127587272,0.10344827586206895,1037.9
"Flax, raw or retted",1986,1037.9,869.6,17000.0,16380.0,934.4666666666667,-0.10978260869565215,0.0625,996.7
"Flax, raw or retted",1987,996.7,1037.9,18000.0,18060.0,968.0666666666666,0.10256410256410264,0.05882352941176472,1020.4
"Flax, raw or retted",1988,1020.4,996.7,15000.0,14700.0,1018.3333333333334,-0.18604651162790697,-0.16666666666666663,1045.3
"Flax, raw or retted",1989,1045.3,1020.4,18000.0,17220.0,1020.8000000000001,0.17142857142857149,0.19999999999999996,929.9
"Flax, raw or retted",1990,929.9,1045.3,15875.0,17071.0,998.5333333333333,-0.00865272938443673,-0.11805555555555558,931.4
"Flax, raw or retted",1991,931.4,929.9,12025.0,12910.0,968.8666666666668,-0.24374670493819928,-0.24251968503937005,911.1
"Flax, raw or retted",1992,911.1,931.4,16685.0,18313.0,924.1333333333333,0.41851278079008525,0.38752598752598755,914.2
"Flax, raw or retted",1993,914.2,911.1,11320.0,12383.0,918.9,-0.3238136842680064,-0.32154629907102183,923.1
"Flax, raw or retted",1994,923.1,914.2,12000.0,13000.0,916.1333333333333,0.04982637486877173,0.060070671378091856,931.6
"Flax, raw or retted",1995,931.6,923.1,12000.0,12881.0,922.9666666666667,-0.009153846153846179,0.0,934.1
"Flax, raw or retted",1996,934.1,931.6,12300.0,13168.0,929.6,0.022280878813756733,0.02499999999999991,947.0
"Flax, raw or retted",1997,947.0,934.1,12500.0,13200.0,937.5666666666666,0.002430133657351119,0.016260162601626105,963.0
"Flax, raw or retted",1998,963.0,947.0,13000.0,13500.0,948.0333333333334,0.022727272727272707,0.040000000000000036,964.3
"Flax, raw or retted",1999,964.3,963.0,13500.0,14000.0,958.1,0.03703703703703698,0.03846153846153855,951.7
"Flax, raw or retted",2000,951.7,964.3,13800.0,14500.0,959.6666666666666,0.03571428571428581,0.022222222222222143,933.3
"Flax, raw or retted",2001,933.3,951.7,14000.0,15000.0,949.7666666666668,0.034482758620689724,0.01449275362318847,929.8
"Flax, raw or retted",2002,929.8,933.3,7110.0,7647.0,938.2666666666668,-0.49019999999999997,-0.4921428571428571,895.0
"Flax, raw or retted",2003,895.0,929.8,7160.0,8000.0,919.3666666666667,0.046161893553027245,0.007032348804500765,937.5
"Flax, raw or retted",2004,937.5,895.0,9000.0,9600.0,920.7666666666668,0.19999999999999996,0.25698324022346375,934.6
"Flax, raw or retted",2005,934.6,937.5,10000.0,10700.0,922.3666666666667,0.11458333333333326,0.11111111111111116,937.5
"Flax, raw or retted",2006,937.5,934.6,10500.0,11200.0,936.5333333333333,0.04672897196261672,0.050000000000000044,1011.2
"Flax, raw or retted",2007,1011.2,937.5,9000.0,8900.0,961.1,-0.2053571428571429,-0.1428571428571429,958.5
"Flax, raw or retted",2008,958.5,1011.2,9276.1,9677.0,969.0666666666667,0.08730337078651695,0.030677777777777804,966.1
"Flax, raw or retted",2009,966.1,958.5,9210.27,9534.0,978.6,-0.014777307016637375,-0.007096732462996247,924.0
"Flax, raw or retted",2010,924.0,966.1,9093.73,9841.0,949.5333333333333,0.03220054541640449,-0.01265326640804243,909.9
"Flax, raw or retted",2011,909.9,924.0,9012.27,9905.0,933.3333333333334,0.006503404125596912,-0.00895782038833337,896.3
"Flax, raw or retted",2012,896.3,909.9,9052.83,10100.0,910.0666666666666,0.01968702675416467,0.004500530942814551,840.0
"Flax, raw or retted",2013,840.0,896.3,8400.0,10000.0,882.0666666666666,-0.00990099009900991,-0.07211336123621015,850.0
Grapes,1964,12479.2,14653.3,105412.0,8447.0,12970.1,0.029996341909523272,-0.12282395233498655,10381.1
Grapes,1965,10381.1,12479.2,91042.0,8770.0,12504.533333333333,0.03823842784420495,-0.13632224035214202,10406.4
Grapes,1966,10406.4,10381.1,90047.0,8653.0,11088.9,-0.013340935005701215,-0.010929021770171965,11344.2
Grapes,1967,11344.2,10406.4,118014.0,10403.0,10710.566666666668,0.2022419969952618,0.31058225149088803,10812.3
Grapes,1968,10812.3,11344.2,117000.0,10821.0,10854.3,0.04018071710083637,-0.008592200925313986,10714.3
Grapes,1969,10714.3,10812.3,117000.0,10920.0,10956.933333333334,0.009148877183254855,0.0,8730.2
Grapes,1970,8730.2,10714.3,110000.0,12600.0,10085.6,0.15384615384615374,-0.05982905982905984,6948.5
Grapes,1971,6948.5,8730.2,108000.0,15543.0,8797.666666666666,0.23357142857142854,-0.018181818181818188,8156.5
Grapes,1972,8156.5,6948.5,128000.0,15693.0,7945.066666666667,0.00965064659332171,0.18518518518518512,9760.2
Grapes,1973,9760.2,8156.5,164000.0,16803.0,8288.4,0.07073217358057726,0.28125,9190.1
Grapes,1974,9190.1,9760.2,166000.0,18063.0,9035.6,0.0749866095340117,0.012195121951219523,12008.0
Grapes,1975,12008.0,9190.1,227000.0,18904.0,10319.433333333334,0.04655926479543826,0.3674698795180722,12752.9
Grapes,1976,12752.9,12008.0,225000.0,17643.0,11317.0,-0.06670545916208215,-0.008810572687224627,14397.3
Grapes,1977,14397.3,12752.9,307598.0,21365.0,13052.733333333332,0.21096185455988214,0.3671022222222222,10839.6
Grapes,1978,10839.6,14397.3,248000.0,22879.0,12663.266666666668,0.07086356190030418,-0.193752885259332,11838.9
Grapes,1979,11838.9,10839.6,274000.0,23144.0,12358.6,0.011582674067922571,0.10483870967741926,10997.1
Grapes,1980,10997.1,11838.9,242311.0,22034.0,11225.199999999999,-0.04796059453854129,-0.1156532846715328,12474.7
Grapes,1981,12474.7,10997.1,299131.0,23979.0,11770.233333333335,0.08827266951075607,0.23449203709282695,11813.7
Grapes,1982,11813.7,12474.7,297977.0,25223.0,11761.833333333334,0.05187872721965059,-0.003857841547683094,11371.0
Grapes,1983,11371.0,11813.7,305664.0,26881.0,11886.466666666667,0.06573365579035007,0.02579729307966727,11700.7
Grapes,1984,11700.7,11371.0,344000.0,29400.0,11628.466666666667,0.09370931140954575,0.1254187604690118,11035.5
Grapes,1985,11035.5,11700.7,357000.0,32350.0,11369.066666666668,0.10034013605442182,0.03779069767441867,10932.7
Grapes,1986,10932.7,11035.5,395000.0,36130.0,11222.966666666667,0.11684698608964461,0.10644257703081239,9871.2
Grapes,1987,9871.2,10932.7,452000.0,45790.0,10613.133333333333,0.2673678383614724,0.14430379746835453,10937.2
Grapes,1988,10937.2,9871.2,510000.0,46630.0,10580.366666666667,0.01834461672854326,0.12831858407079655,11945.1
Grapes,1989,11945.1,10937.2,557000.0,46630.0,10917.833333333334,0.0,0.09215686274509793,13562.2
Grapes,1990,13562.2,11945.1,621000.0,45789.0,12148.166666666666,-0.018035599399528146,0.1149012567324954,15406.1
Grapes,1991,15406.1,13562.2,584694.0,37952.0,13637.800000000001,-0.17115464412850245,-0.058463768115942005,14130.9
Grapes,1992,14130.9,15406.1,526716.0,37274.0,14366.4,-0.01786467116357504,-0.09915956038543239,11361.4
Grapes,1993,11361.4,14130.9,658061.0,57921.0,13632.800000000001,0.5539249879272414,0.2493658821831879,12434.6
Grapes,1994,12434.6,11361.4,726082.0,58392.0,12642.300000000001,0.008131765680841063,0.10336579739568208,14333.3
Grapes,1995,14333.3,12434.6,707049.0,49329.0,12709.766666666668,-0.15520961775585695,-0.02621329271349515,15035.2
Grapes,1996,15035.2,14333.3,739478.0,49183.0,13934.366666666667,-0.002959719434815211,0.045865279492651956,18888.8
Grapes,1997,18888.8,15035.2,943702.0,49961.0,16085.766666666668,0.015818473862920124,0.27617319244115435,17155.7
Grapes,1998,17155.7,18888.8,867905.0,50590.0,17026.566666666666,0.012589820059646595,-0.08031878707473339,18356.5
Grapes,1999,18356.5,17155.7,957734.0,52174.0,18133.666666666668,0.031310535678988005,0.1035009592063647,17012.6
Grapes,2000,17012.6,18356.5,1009560.0,59342.0,17508.266666666666,0.1373864376892706,0.05411314623893482,17988.8
Grapes,2001,17988.8,17012.6,1075100.0,59765.0,17785.966666666664,0.007128172289440959,0.06491937081500843,17302.7
Grapes,2002,17302.7,17988.8,1078910.0,62355.0,17434.7,0.04333640090353885,0.003543856385452626,19087.0
Grapes,2003,19087.0,17302.7,1073815.0,56259.0,18126.166666666668,-0.097762809718547,-0.004722358676812699,20918.9
Grapes,2004,20918.9,19087.0,1196852.0,57214.0,19102.866666666665,0.016975061767894983,0.11457932697904205,21914.8
Grapes,2005,21914.8,20918.9,1275288.0,58193.0,20640.233333333334,0.01711119656028237,0.06553525415005357,22913.2
Grapes,2006,22913.2,21914.8,1391750.0,60740.0,21915.63333333333,0.04376815080851659,0.09132211704336579,23152.3
Grapes,2007,23152.3,22913.2,1431970.0,61850.0,22660.100000000002,0.018274613105037973,0.02889886833123767,23673.0
Grapes,2008,23673.0,23152.3,1485010.0,62730.0,23246.166666666668,0.014227970897332298,0.03703988212043541,23684.2
Grapes,2009,23684.2,23673.0,1531418.0,64660.0,23503.166666666668,0.030766778256017924,0.03125096800694949,21424.1
Grapes,2010,21424.1,23684.2,1370241.0,63958.0,22927.099999999995,-0.010856789359727781,-0.10524690189092722,21242.6
Grapes,2011,21242.6,21424.1,1360251.0,64034.0,22116.966666666664,0.0011882798086244595,-0.007290688280382818,20371.7
Grapes,2012,20371.7,21242.6,1320801.0,64835.0,21012.8,0.012508979604584969,-0.029002000366108893,20808.5
Grapes,2013,20808.5,20371.7,1378815.0,66262.0,20807.600000000002,0.022009716973856674,0.04392334651472862,20789.2
Green garlic,1964,14163.3,12072.8,119000.0,8402.0,12778.966666666665,0.42866859377656863,0.676056338028169,12085.7
Green garlic,1965,12085.7,14163.3,66000.0,5461.0,12773.933333333334,-0.35003570578433707,-0.4453781512605042,13175.7
Green garlic,1966,13175.7,12085.7,80451.0,6106.0,13141.566666666666,0.11811023622047245,0.2189545454545454,14917.9
Green garlic,1967,14917.9,13175.7,118359.0,7934.0,13393.1,0.2993776613167376,0.47119364582168033,13663.7
Green garlic,1968,13663.7,14917.9,76230.0,5579.0,13919.1,-0.29682379631963696,-0.3559425138772717,14679.6
Green garlic,1969,14679.6,13663.7,74000.0,5041.0,14420.4,-0.09643305251837242,-0.029253574708120178,37402.2
Green garlic,1970,37402.2,14679.6,110000.0,2941.0,21915.166666666668,-0.41658401110890697,0.4864864864864864,32666.7
Green garlic,1971,32666.7,37402.2,147000.0,4500.0,28249.5,0.5300918055083306,0.3363636363636364,25708.2
Green garlic,1972,25708.2,32666.7,108000.0,4201.0,31925.699999999997,-0.06644444444444442,-0.26530612244897955,31737.6
Green garlic,1973,31737.6,25708.2,120000.0,3781.0,30037.5,-0.09997619614377529,0.11111111111111116,35028.1
Green garlic,1974,35028.1,31737.6,206000.0,5881.0,30824.63333333333,0.5554086220576566,0.7166666666666666,33144.1
Green garlic,1975,33144.1,35028.1,181000.0,5461.0,33303.26666666666,-0.07141642577792895,-0.12135922330097082,25195.4
Green garlic,1976,25195.4,33144.1,126985.0,5040.0,31122.53333333333,-0.07709210767258745,-0.2984254143646409,28563.1
Green garlic,1977,28563.1,25195.4,145272.0,5086.0,28967.53333333333,0.009126984126984095,0.14400913493719725,31933.2
Green garlic,1978,31933.2,28563.1,206129.0,6455.0,28563.899999999998,0.26917027133307125,0.4189176166088442,28884.6
Green garlic,1979,28884.6,31933.2,155168.0,5372.0,29793.63333333333,-0.16777691711851284,-0.24722867718758645,30002.0
Green garlic,1980,30002.0,28884.6,161171.0,5372.0,30273.266666666663,0.0,0.03868710043307888,28831.6
Green garlic,1981,28831.6,30002.0,199111.0,6906.0,29239.399999999998,0.28555472822040207,0.23540215051094804,32394.2
Green garlic,1982,32394.2,28831.6,161906.0,4998.0,30409.266666666663,-0.27628149435273675,-0.1868555730220831,32268.7
Green garlic,1983,32268.7,32394.2,150695.0,4670.0,31164.83333333333,-0.0656262505002001,-0.06924388225266509,31292.5
Green garlic,1984,31292.5,32268.7,184000.0,5880.0,31985.13333333333,0.2591006423982869,0.221009323467932,29047.6
Green garlic,1985,29047.6,31292.5,183000.0,6300.0,30869.599999999995,0.0714285714285714,-0.005434782608695676,27678.6
Green garlic,1986,27678.6,29047.6,93000.0,3360.0,29339.566666666666,-0.4666666666666667,-0.4918032786885246,21957.7
Green garlic,1987,21957.7,27678.6,83000.0,3780.0,26227.966666666664,0.125,-0.10752688172043012,19576.7
Green garlic,1988,19576.7,21957.7,148000.0,7560.0,23070.999999999996,1.0,0.7831325301204819,19888.0
Green garlic,1989,19888.0,19576.7,142000.0,7140.0,20474.13333333333,-0.05555555555555558,-0.04054054054054057,27855.2
Green garlic,1990,27855.2,19888.0,130000.0,4667.0,22439.966666666664,-0.34635854341736694,-0.08450704225352113,29785.9
Green garlic,1991,29785.9,27855.2,185000.0,6211.0,25843.033333333336,0.3308335118920076,0.42307692307692313,31428.6
Green garlic,1992,31428.6,29785.9,220000.0,7000.0,29689.899999999998,0.1270326839478344,0.18918918918918926,30551.3
Green garlic,1993,30551.3,31428.6,185813.0,6082.0,30588.599999999995,-0.13114285714285712,-0.15539545454545456,33197.1
Green garlic,1994,33197.1,30551.3,260929.0,7860.0,31725.666666666668,0.29233804669516616,0.4042558916760399,20968.4
Green garlic,1995,20968.4,33197.1,104800.0,4998.0,28238.93333333333,-0.3641221374045801,-0.598358174062676,21292.1
Green garlic,1996,21292.1,20968.4,119172.0,5597.0,25152.53333333333,0.11984793917567016,0.13713740458015278,23964.7
Green garlic,1997,23964.7,21292.1,255488.0,10661.0,22075.066666666666,0.9047704127211005,1.14385929580774,22769.2
Green garlic,1998,22769.2,23964.7,159111.0,6988.0,22675.333333333332,-0.34452677985179625,-0.37722711047094193,22944.9
Green garlic,1999,22944.9,22769.2,173555.0,7564.0,23226.266666666666,0.08242701774470529,0.09077939300236948,20949.0
Green garlic,2000,20949.0,22944.9,224133.0,10699.0,22221.033333333336,0.41446324695928083,0.2914234680648786,21288.6
Green garlic,2001,21288.6,20949.0,266555.0,12521.0,21727.5,0.17029628937283858,0.1892715485894536,23173.4
Green garlic,2002,23173.4,21288.6,215420.0,9296.0,21803.666666666668,-0.25756728695791076,-0.19183658156853178,21927.3
Green garlic,2003,21927.3,23173.4,190000.0,8665.0,22129.766666666666,-0.06787865748709121,-0.11800204252158575,21848.5
Green garlic,2004,21848.5,21927.3,207757.0,9509.0,22316.399999999998,0.0974033467974611,0.09345789473684207,22497.7
Green garlic,2005,22497.7,21848.5,187833.0,8349.0,22091.166666666668,-0.12198969397412973,-0.09590049914082321,22677.6
Green garlic,2006,22677.6,22497.7,162077.0,7147.0,22341.266666666663,-0.143969337645227,-0.13712180500763982,22594.2
Green garlic,2007,22594.2,22677.6,164260.0,7270.0,22589.833333333332,0.017210018189450116,0.013468906754197096,22464.1
Green garlic,2008,22464.1,22594.2,234570.0,10442.0,22578.63333333333,0.4363136176066025,0.42804091075124795,28796.3
Green garlic,2009,28796.3,22464.1,339624.0,11794.0,24618.2,0.1294771116644322,0.44785778232510554,26708.0
Green garlic,2010,26708.0,28796.3,195743.0,7329.0,25989.466666666664,-0.3785823299983042,-0.423647916519445,25287.0
Green garlic,2011,25287.0,26708.0,244626.0,9674.0,26930.43333333333,0.31996179560649485,0.24973051399028323,24359.4
Green garlic,2012,24359.4,25287.0,295845.0,12145.0,25451.466666666664,0.2554269175108539,0.20937676289519502,25142.7
Green garlic,2013,25142.7,24359.4,309155.0,12296.0,24929.7,0.012433100041169265,0.04498977505112478,25168.1
"Groundnuts, excluding shelled",1964,2031.5,2220.9,45230.0,22264.0,2018.6000000000001,0.0,-0.08526473324434736,2198.1
"Groundnuts, excluding shelled",1965,2198.1,2031.5,46169.0,21004.0,2150.1666666666665,-0.05659360402443403,0.020760557152332604,2198.8
"Groundnuts, excluding shelled",1966,2198.8,2198.1,49878.0,22684.0,2142.7999999999997,0.07998476480670358,0.08033528991314509,1943.3
"Groundnuts, excluding shelled",1967,1943.3,2198.8,40000.0,20584.0,2113.4,-0.0925762652089579,-0.1980432254701472,1603.2
"Groundnuts, excluding shelled",1968,1603.2,1943.3,33000.0,20584.0,1915.1000000000004,0.0,-0.17500000000000004,1661.9
"Groundnuts, excluding shelled",1969,1661.9,1603.2,37000.0,22264.0,1736.1333333333332,0.08161678973960362,0.1212121212121211,1673.8
"Groundnuts, excluding shelled",1970,1673.8,1661.9,45000.0,26885.0,1646.3,0.20755479698167445,0.21621621621621623,1867.1
"Groundnuts, excluding shelled",1971,1867.1,1673.8,40000.0,21424.0,1734.2666666666667,-0.20312441882090382,-0.11111111111111116,1759.5
"Groundnuts, excluding shelled",1972,1759.5,1867.1,34000.0,19324.0,1766.8,-0.09802091112770728,-0.15000000000000002,1892.2
"Groundnuts, excluding shelled",1973,1892.2,1759.5,31000.0,16383.0,1839.5999999999997,-0.15219416269923414,-0.08823529411764708,1960.4
"Groundnuts, excluding shelled",1974,1960.4,1892.2,28000.0,14283.0,1870.7,-0.1281816517121407,-0.09677419354838712,1836.4
"Groundnuts, excluding shelled",1975,1836.4,1960.4,27000.0,14703.0,1896.3333333333333,0.029405587061541727,-0.0357142857142857,2082.9
"Groundnuts, excluding shelled",1976,2082.9,1836.4,28000.0,13443.0,1959.9000000000003,-0.08569679657212814,0.03703703703703698,1946.9
"Groundnuts, excluding shelled",1977,1946.9,2082.9,29983.0,15400.0,1955.4000000000003,0.14557762404225238,0.07082142857142859,1945.3
"Groundnuts, excluding shelled",1978,1945.3,1946.9,33288.0,17112.0,1991.7,0.11116883116883125,0.11022912984024291,1879.7
"Groundnuts, excluding shelled",1979,1879.7,1945.3,25993.0,13828.0,1923.9666666666665,-0.1919121084618981,-0.21914804133621724,2067.7
"Groundnuts, excluding shelled",1980,2067.7,1879.7,27012.0,13064.0,1964.2333333333333,-0.05525021695111365,0.03920286230908321,2137.4
"Groundnuts, excluding shelled",1981,2137.4,2067.7,25540.0,11949.0,2028.2666666666664,-0.0853490508266993,-0.05449429883014956,2141.2
"Groundnuts, excluding shelled",1982,2141.2,2137.4,25500.0,11909.0,2115.433333333333,-0.003347560465310928,-0.001566170712607673,1950.7
"Groundnuts, excluding shelled",1983,1950.7,2141.2,23783.0,12192.0,2076.4333333333334,0.023763540179696063,-0.06733333333333336,1769.9
"Groundnuts, excluding shelled",1984,1769.9,1950.7,20000.0,11300.0,1953.9333333333334,-0.07316272965879267,-0.15906319640079047,2079.2
"Groundnuts, excluding shelled",1985,2079.2,1769.9,21000.0,10100.0,1933.2666666666667,-0.10619469026548678,0.050000000000000044,1955.8
"Groundnuts, excluding shelled",1986,1955.8,2079.2,23000.0,11760.0,1934.966666666667,0.16435643564356428,0.09523809523809534,2173.9
"Groundnuts, excluding shelled",1987,2173.9,1955.8,21000.0,9660.0,2069.633333333333,-0.1785714285714286,-0.08695652173913049,2190.5
"Groundnuts, excluding shelled",1988,2190.5,2173.9,23000.0,10500.0,2106.733333333333,0.08695652173913038,0.09523809523809534,2539.7
"Groundnuts, excluding shelled",1989,2539.7,2190.5,32000.0,12600.0,2301.3666666666663,0.19999999999999996,0.3913043478260869,2118.7
"Groundnuts, excluding shelled",1990,2118.7,2539.7,28535.0,13468.0,2282.9666666666667,0.068888888888889,-0.10828125,2129.9
"Groundnuts, excluding shelled",1991,2129.9,2118.7,26255.0,12327.0,2262.7666666666664,-0.08471933471933468,-0.07990187489048539,2233.0
"Groundnuts, excluding shelled",1992,2233.0,2129.9,27395.0,12268.0,2160.5333333333333,-0.004786241583515816,0.04342030089506754,2341.6
"Groundnuts, excluding shelled",1993,2341.6,2233.0,30350.0,12961.0,2234.8333333333335,0.056488425171177026,0.10786639897791561,2275.3
"Groundnuts, excluding shelled",1994,2275.3,2341.6,106025.0,46598.0,2283.3,2.595247280302446,2.4934102141680397,2871.9
"Groundnuts, excluding shelled",1995,2871.9,2275.3,116946.0,40721.0,2496.2666666666664,-0.12612129275934592,0.10300400848856395,2930.6
"Groundnuts, excluding shelled",1996,2930.6,2871.9,130642.0,44579.0,2692.6,0.09474227057292306,0.11711388162057701,2867.3
"Groundnuts, excluding shelled",1997,2867.3,2930.6,124981.0,43589.0,2889.933333333333,-0.022207765988469852,-0.04333215964238146,2933.3
"Groundnuts, excluding shelled",1998,2933.3,2867.3,125988.0,42951.0,2910.4,-0.014636720273463522,0.008057224698154064,3034.9
"Groundnuts, excluding shelled",1999,3034.9,2933.3,132351.0,43609.0,2945.1666666666665,0.01531978300854453,0.05050480998190299,3053.3
"Groundnuts, excluding shelled",2000,3053.3,3034.9,180771.0,59205.0,3007.1666666666665,0.35763259877548204,0.36584536573203064,3102.5
"Groundnuts, excluding shelled",2001,3102.5,3053.3,187169.0,60329.0,3063.566666666667,0.018984883033527522,0.03539284509130347,3237.2
"Groundnuts, excluding shelled",2002,3237.2,3102.5,205066.0,63347.0,3131.0,0.05002569245304911,0.09561946689889878,3222.2
"Groundnuts, excluding shelled",2003,3222.2,3237.2,191037.0,59288.0,3187.2999999999997,-0.06407564683410427,-0.06841212097568583,3165.9
"Groundnuts, excluding shelled",2004,3165.9,3222.2,195869.0,61868.0,3208.433333333333,0.043516394548643866,0.02529352952569397,3159.3
"Groundnuts, excluding shelled",2005,3159.3,3165.9,191846.0,60725.0,3182.466666666667,-0.018474817353074324,-0.020539237960065182,3205.3
"Groundnuts, excluding shelled",2006,3205.3,3159.3,199560.0,62260.0,3176.8333333333335,0.025277892136681857,0.04020933457043663,3311.8
"Groundnuts, excluding shelled",2007,3311.8,3205.3,183970.0,55550.0,3225.466666666667,-0.107773851590106,-0.07812186810984167,3334.6
"Groundnuts, excluding shelled",2008,3334.6,3311.8,217580.0,65250.0,3283.9,0.17461746174617465,0.18269283035277484,3401.2
"Groundnuts, excluding shelled",2009,3401.2,3334.6,208835.0,61401.0,3349.2000000000003,-0.05898850574712644,-0.04019211324570271,3104.6
"Groundnuts, excluding shelled",2010,3104.6,3401.2,198012.0,63780.0,3280.133333333333,0.03874529730786147,-0.051825603945698795,3039.2
"Groundnuts, excluding shelled",2011,3039.2,3104.6,202906.0,66764.0,3181.6666666666665,0.04678582627783001,0.024715673797547577,3175.6
"Groundnuts, excluding shelled",2012,3175.6,3039.2,206574.0,65050.0,3106.4666666666667,-0.025672518123539656,0.01807733630351005,3288.4
"Groundnuts, excluding shelled",2013,3288.4,3175.6,205419.0,62468.0,3167.7333333333336,-0.039692544196771706,-0.005591216706845925,3299.6
"Jute, raw or retted",1964,2500.0,2500.0,5000.0,2000.0,2500.0,0.0,0.0,2500.0
"Jute, raw or retted",1965,2500.0,2500.0,5000.0,2000.0,2500.0,0.0,0.0,2500.0
"Jute, raw or retted",1966,2500.0,2500.0,5000.0,2000.0,2500.0,0.0,0.0,2761.9
"Jute, raw or retted",1967,2761.9,2500.0,5800.0,2100.0,2587.2999999999997,0.050000000000000044,0.15999999999999992,2571.4
"Jute, raw or retted",1968,2571.4,2761.9,5400.0,2100.0,2611.1,0.0,-0.06896551724137934,2666.7
"Jute, raw or retted",1969,2666.7,2571.4,5600.0,2100.0,2666.6666666666665,0.0,0.03703703703703698,2551.7
"Jute, raw or retted",1970,2551.7,2666.7,7400.0,2900.0,2596.6,0.38095238095238093,0.3214285714285714,3120.0
"Jute, raw or retted",1971,3120.0,2551.7,15600.0,5000.0,2779.4666666666667,0.7241379310344827,1.108108108108108,3218.2
"Jute, raw or retted",1972,3218.2,3120.0,17700.0,5500.0,2963.2999999999997,0.10000000000000009,0.13461538461538458,2708.3
"Jute, raw or retted",1973,2708.3,3218.2,13000.0,4800.0,3015.5,-0.12727272727272732,-0.2655367231638418,2608.7
"Jute, raw or retted",1974,2608.7,2708.3,12000.0,4600.0,2845.066666666667,-0.04166666666666663,-0.07692307692307687,2564.1
"Jute, raw or retted",1975,2564.1,2608.7,10000.0,3900.0,2627.0333333333333,-0.15217391304347827,-0.16666666666666663,2900.0
"Jute, raw or retted",1976,2900.0,2564.1,11600.0,4000.0,2690.933333333333,0.02564102564102555,0.15999999999999992,2900.0
"Jute, raw or retted",1977,2900.0,2900.0,11600.0,4000.0,2788.0333333333333,0.0,0.0,2522.7
"Jute, raw or retted",1978,2522.7,2900.0,11100.0,4400.0,2774.233333333333,0.10000000000000009,-0.0431034482758621,2500.0
"Jute, raw or retted",1979,2500.0,2522.7,11000.0,4400.0,2640.8999999999996,0.0,-0.009009009009009028,2500.0
"Jute, raw or retted",1980,2500.0,2500.0,11000.0,4400.0,2507.566666666666,0.0,0.0,2444.4
"Jute, raw or retted",1981,2444.4,2500.0,11000.0,4500.0,2481.4666666666667,0.022727272727272707,0.0,2285.7
"Jute, raw or retted",1982,2285.7,2444.4,8000.0,3500.0,2410.0333333333333,-0.2222222222222222,-0.2727272727272727,2500.0
"Jute, raw or retted",1983,2500.0,2285.7,5000.0,2000.0,2410.0333333333333,-0.4285714285714286,-0.375,2500.0
"Jute, raw or retted",1984,2500.0,2500.0,5000.0,2000.0,2428.5666666666666,0.0,0.0,2500.0
"Jute, raw or retted",1985,2500.0,2500.0,5000.0,2000.0,2500.0,0.0,0.0,2500.0
"Jute, raw or retted",1986,2500.0,2500.0,5000.0,2000.0,2500.0,0.0,0.0,2500.0
"Jute, raw or retted",1987,2500.0,2500.0,5000.0,2000.0,2500.0,0.0,0.0,2500.0
"Jute, raw or retted",1988,2500.0,2500.0,5000.0,2000.0,2500.0,0.0,0.0,2500.0
"Jute, raw or retted",1989,2500.0,2500.0,5000.0,2000.0,2500.0,0.0,0.0,2500.0
"Jute, raw or retted",1990,2500.0,2500.0,5000.0,2000.0,2500.0,0.0,0.0,2500.0
"Jute, raw or retted",1991,2500.0,2500.0,4000.0,1600.0,2500.0,-0.19999999999999996,-0.19999999999999996,2500.0
"Jute, raw or retted",1992,2500.0,2500.0,2750.0,1100.0,2500.0,-0.3125,-0.3125,2400.0
"Jute, raw or retted",1993,2400.0,2500.0,1800.0,750.0,2466.6666666666665,-0.31818181818181823,-0.34545454545454546,2500.0
"Jute, raw or retted",1994,2500.0,2400.0,1900.0,760.0,2466.6666666666665,0.01333333333333342,0.05555555555555558,2500.0
"Jute, raw or retted",1995,2500.0,2500.0,1950.0,780.0,2466.6666666666665,0.026315789473684292,0.026315789473684292,2475.0
"Jute, raw or retted",1996,2475.0,2500.0,1980.0,800.0,2491.6666666666665,0.02564102564102555,0.01538461538461533,2352.9
"Jute, raw or retted",1997,2352.9,2475.0,2000.0,850.0,2442.633333333333,0.0625,0.010101010101010166,2333.3
"Jute, raw or retted",1998,2333.3,2352.9,2100.0,900.0,2387.066666666667,0.05882352941176472,0.050000000000000044,2315.8
"Jute, raw or retted",1999,2315.8,2333.3,2200.0,950.0,2334.0,0.05555555555555558,0.04761904761904767,2315.8
"Jute, raw or retted",2000,2315.8,2315.8,2200.0,950.0,2321.6333333333337,0.0,0.0,2315.8
"Jute, raw or retted",2001,2315.8,2315.8,2200.0,950.0,2315.8,0.0,0.0,2364.0
"Jute, raw or retted",2002,2364.0,2315.8,2600.35,1100.0,2331.866666666667,0.1578947368421053,0.1819772727272726,2372.3
"Jute, raw or retted",2003,2372.3,2364.0,2182.48,920.0,2350.7000000000003,-0.1636363636363637,-0.16069759840021536,2383.0
"Jute, raw or retted",2004,2383.0,2372.3,2049.42,860.0,2373.1000000000004,-0.06521739130434778,-0.060967339906894846,2398.6
"Jute, raw or retted",2005,2398.6,2383.0,2590.5,1080.0,2384.6333333333337,0.2558139534883721,0.2640161606698479,2425.1
"Jute, raw or retted",2006,2425.1,2398.6,2400.84,990.0,2402.2333333333336,-0.08333333333333337,-0.07321366531557605,2507.8
"Jute, raw or retted",2007,2507.8,2425.1,2131.66,850.0,2443.8333333333335,-0.14141414141414144,-0.11211909165125555,2488.0
"Jute, raw or retted",2008,2488.0,2507.8,2040.18,820.0,2473.633333333333,-0.03529411764705881,-0.04291491138361647,2482.5
"Jute, raw or retted",2009,2482.5,2488.0,1762.54,710.0,2492.7666666666664,-0.13414634146341464,-0.1360860316246606,2469.3
"Jute, raw or retted",2010,2469.3,2482.5,1753.2,710.0,2479.933333333334,0.0,-0.005299170515279061,2588.2
"Jute, raw or retted",2011,2588.2,2469.3,2200.0,850.0,2513.3333333333335,0.19718309859154926,0.2548482774355465,2333.3
"Jute, raw or retted",2012,2333.3,2588.2,2100.0,900.0,2463.6000000000004,0.05882352941176472,-0.045454545454545414,2400.0
"Jute, raw or retted",2013,2400.0,2333.3,2400.0,1000.0,2440.5,0.11111111111111116,0.1428571428571428,2500.0
Lemons and limes,1964,16666.7,19333.3,50000.0,3000.0,18666.666666666668,0.0,-0.13793103448275867,22000.0
Lemons and limes,1965,22000.0,16666.7,88000.0,4000.0,19333.333333333332,0.33333333333333326,0.76,20750.0
Lemons and limes,1966,20750.0,22000.0,83000.0,4000.0,19805.566666666666,0.0,-0.05681818181818177,16242.4
Lemons and limes,1967,16242.4,20750.0,67000.0,4125.0,19664.133333333335,0.03125,-0.19277108433734935,20893.4
Lemons and limes,1968,20893.4,16242.4,87000.0,4164.0,19295.266666666666,0.009454545454545382,0.29850746268656714,10851.4
Lemons and limes,1969,10851.4,20893.4,65000.0,5990.0,15995.733333333335,0.43852065321805966,-0.25287356321839083,13105.9
Lemons and limes,1970,13105.9,10851.4,73000.0,5570.0,14950.233333333332,-0.07011686143572626,0.12307692307692308,11473.6
Lemons and limes,1971,11473.6,13105.9,83000.0,7234.0,11810.300000000001,0.2987432675044883,0.13698630136986312,10714.8
Lemons and limes,1972,10714.8,11473.6,82000.0,7653.0,11764.766666666665,0.057920928946640915,-0.012048192771084376,8716.1
Lemons and limes,1973,8716.1,10714.8,74000.0,8490.0,10301.5,0.10936887495099956,-0.09756097560975607,9647.1
Lemons and limes,1974,9647.1,8716.1,82000.0,8500.0,9692.666666666666,0.0011778563015312216,0.10810810810810811,8588.2
Lemons and limes,1975,8588.2,9647.1,73000.0,8500.0,8983.800000000001,0.0,-0.1097560975609756,12770.6
Lemons and limes,1976,12770.6,8588.2,59000.0,4620.0,10335.300000000001,-0.4564705882352941,-0.1917808219178082,10107.1
Lemons and limes,1977,10107.1,12770.6,48514.0,4800.0,10488.633333333333,0.03896103896103886,-0.17772881355932202,9937.8
Lemons and limes,1978,9937.8,10107.1,50037.0,5035.0,10938.5,0.04895833333333344,0.03139299995877476,10551.5
Lemons and limes,1979,10551.5,9937.8,61104.0,5791.0,10198.800000000001,0.15014895729890765,0.22117632951615795,10932.8
Lemons and limes,1980,10932.8,10551.5,66012.0,6038.0,10474.033333333333,0.04265239164220347,0.08032207384131973,9768.7
Lemons and limes,1981,9768.7,10932.8,73861.0,7561.0,10417.666666666666,0.2522358396820139,0.11890262376537608,7839.6
Lemons and limes,1982,7839.6,9768.7,60788.0,7754.0,9513.699999999999,0.025525724110567305,-0.1769946250389245,17100.0
Lemons and limes,1983,17100.0,7839.6,171000.0,10000.0,11569.433333333334,0.28965695125096724,1.8130552082647893,19142.9
Lemons and limes,1984,19142.9,17100.0,201000.0,10500.0,14694.166666666666,0.050000000000000044,0.17543859649122817,9949.0
Lemons and limes,1985,9949.0,19142.9,117000.0,11760.0,15397.300000000001,0.1200000000000001,-0.417910447761194,9523.8
Lemons and limes,1986,9523.8,9949.0,120000.0,12600.0,12871.9,0.0714285714285714,0.02564102564102555,13690.5
Lemons and limes,1987,13690.5,9523.8,207000.0,15120.0,11054.433333333334,0.19999999999999996,0.7250000000000001,13095.2
Lemons and limes,1988,13095.2,13690.5,209000.0,15960.0,12103.166666666666,0.05555555555555558,0.009661835748792313,14152.0
Lemons and limes,1989,14152.0,13095.2,237796.0,16803.0,13645.9,0.052819548872180544,0.13777990430622,13876.8
Lemons and limes,1990,13876.8,14152.0,239000.0,17223.0,13708.0,0.024995536511337235,0.0050631633837405765,22310.4
Lemons and limes,1991,22310.4,13876.8,407723.0,18275.0,16779.733333333334,0.06108111246588854,0.7059539748953976,22886.4
Lemons and limes,1992,22886.4,22310.4,410673.0,17944.0,19691.2,-0.018112175102599215,0.007235304361049133,18118.8
Lemons and limes,1993,18118.8,22886.4,308871.0,17047.0,21105.2,-0.04998885421310739,-0.24789065753044393,19547.6
Lemons and limes,1994,19547.6,18118.8,321539.0,16449.0,20184.266666666666,-0.035079486126591175,0.04101388605599099,20157.2
Lemons and limes,1995,20157.2,19547.6,296149.0,14692.0,19274.53333333333,-0.10681500395160803,-0.07896398259620141,21317.5
Lemons and limes,1996,21317.5,20157.2,307547.0,14427.0,20340.766666666666,-0.018037026953444002,0.038487383040293865,22073.6
Lemons and limes,1997,22073.6,21317.5,312407.0,14153.0,21182.766666666666,-0.018992167463783183,0.01580246271301622,18840.7
Lemons and limes,1998,18840.7,22073.6,263770.0,14000.0,20743.933333333334,-0.010810428884335477,-0.1556847317761766,17894.3
Lemons and limes,1999,17894.3,18840.7,252525.0,14112.0,19602.86666666667,0.008000000000000007,-0.04263183834401185,18080.4
Lemons and limes,2000,18080.4,17894.3,278637.0,15411.0,18271.8,0.0920493197278911,0.1034036234036233,17955.4
Lemons and limes,2001,17955.4,18080.4,274484.0,15287.0,17976.7,-0.00804620076568685,-0.014904696791883332,18703.7
Lemons and limes,2002,18703.7,17955.4,296267.0,15840.0,18246.5,0.03617452737620197,0.07935981696565197,22138.8
Lemons and limes,2003,22138.8,18703.7,326592.0,14752.0,19599.300000000003,-0.06868686868686869,0.10235699554793487,22347.8
Lemons and limes,2004,22347.8,22138.8,331440.0,14831.0,21063.43333333333,0.005355206073752727,0.01484420928865382,22361.4
Lemons and limes,2005,22361.4,22347.8,338127.0,15121.0,22282.666666666668,0.019553637650866484,0.020175597393193412,22533.3
Lemons and limes,2006,22533.3,22361.4,338000.0,15000.0,22414.166666666668,-0.00800211626215197,-0.00037559851771673536,8695.0
Lemons and limes,2007,8695.0,22533.3,316011.0,36344.0,17863.233333333334,1.4229333333333334,-0.06505621301775144,8667.4
Lemons and limes,2008,8667.4,8695.0,324509.0,37440.0,13298.566666666666,0.03015628439357254,0.026891468967852328,20612.7
Lemons and limes,2009,20612.7,8667.4,329741.0,15997.0,12658.366666666669,-0.5727297008547009,0.016122819397921262,20013.9
Lemons and limes,2010,20013.9,20612.7,309795.0,15479.0,16431.333333333332,-0.03238107145089708,-0.060489899648512035,20478.4
Lemons and limes,2011,20478.4,20013.9,318111.0,15534.0,20368.333333333332,0.0035532011111829576,0.026843557836633947,21170.9
Lemons and limes,2012,21170.9,20478.4,296773.0,14018.0,20554.400000000005,-0.09759237800952747,-0.06707721518589427,21758.7
Lemons and limes,2013,21758.7,21170.9,303752.0,13960.0,21136.000000000004,-0.004137537451847639,0.02351629022855861,21771.5
"Lentils, dry",1964,1431.8,1680.0,47035.0,32850.0,1468.2,-0.013898478071623699,-0.15957903012543329,1584.5
"Lentils, dry",1965,1584.5,1431.8,52460.0,33109.0,1565.4333333333332,0.007884322678843203,0.11533964069310088,1642.2
"Lentils, dry",1966,1642.2,1584.5,61476.0,37436.0,1552.8333333333333,0.13068954060829374,0.17186427754479605,1398.3
"Lentils, dry",1967,1398.3,1642.2,44119.0,31553.0,1541.6666666666667,-0.15714819959397375,-0.28233782289023357,1227.2
"Lentils, dry",1968,1227.2,1398.3,33986.0,27695.0,1422.5666666666666,-0.12227046556587329,-0.2296742899884403,1602.3
"Lentils, dry",1969,1602.3,1227.2,35000.0,21844.0,1409.2666666666667,-0.21126557140278024,0.029835814747248834,1242.0
"Lentils, dry",1970,1242.0,1602.3,24000.0,19324.0,1357.1666666666667,-0.11536348654092654,-0.3142857142857143,1671.4
"Lentils, dry",1971,1671.4,1242.0,33000.0,19744.0,1505.2333333333336,0.021734630511281328,0.375,1818.3
"Lentils, dry",1972,1818.3,1671.4,49838.0,27409.0,1577.2333333333333,0.38821920583468406,0.5102424242424242,1918.6
"Lentils, dry",1973,1918.6,1818.3,54000.0,28145.0,1802.7666666666667,0.026852493706446712,0.08351057426060438,1994.5
"Lentils, dry",1974,1994.5,1918.6,62000.0,31086.0,1910.4666666666665,0.10449458163084024,0.14814814814814814,1825.3
"Lentils, dry",1975,1825.3,1994.5,50607.0,27725.0,1912.8,-0.10811941066718134,-0.18375806451612908,1609.5
"Lentils, dry",1976,1609.5,1825.3,39216.0,24365.0,1809.7666666666667,-0.12119026149684398,-0.2250874384966507,1422.6
"Lentils, dry",1977,1422.6,1609.5,37998.0,26710.0,1619.1333333333332,0.09624461317463573,-0.031058751529987716,1186.2
"Lentils, dry",1978,1186.2,1422.6,24069.0,20290.0,1406.1000000000001,-0.24035941594908272,-0.3665719248381494,1052.0
"Lentils, dry",1979,1052.0,1186.2,15730.0,14952.0,1220.2666666666667,-0.26308526367668805,-0.3464622543520711,974.0
"Lentils, dry",1980,974.0,1052.0,9113.0,9356.0,1070.7333333333333,-0.37426431246655967,-0.42066115702479334,1019.9
"Lentils, dry",1981,1019.9,974.0,6517.0,6390.0,1015.3000000000001,-0.3170158187259513,-0.28486777131570284,1018.3
"Lentils, dry",1982,1018.3,1019.9,4960.0,4871.0,1004.0666666666666,-0.23771517996870106,-0.23891361055700477,1186.0
"Lentils, dry",1983,1186.0,1018.3,6108.0,5150.0,1074.7333333333333,0.05727776637240822,0.2314516129032258,1167.3
"Lentils, dry",1984,1167.3,1186.0,7150.0,6125.0,1123.8666666666666,0.18932038834951448,0.17059593975114606,1404.7
"Lentils, dry",1985,1404.7,1167.3,10465.0,7450.0,1252.6666666666667,0.21632653061224483,0.4636363636363636,1547.6
"Lentils, dry",1986,1547.6,1404.7,13000.0,8400.0,1373.2,0.12751677852348986,0.2422360248447204,1555.6
"Lentils, dry",1987,1555.6,1547.6,14000.0,9000.0,1502.6333333333332,0.0714285714285714,0.07692307692307687,1800.0
"Lentils, dry",1988,1800.0,1555.6,18000.0,10000.0,1634.3999999999999,0.11111111111111116,0.2857142857142858,1879.2
"Lentils, dry",1989,1879.2,1800.0,15000.0,7982.0,1744.9333333333334,-0.20179999999999998,-0.16666666666666663,1960.8
"Lentils, dry",1990,1960.8,1879.2,14000.0,7140.0,1880.0,-0.10548734652969183,-0.06666666666666665,2039.1
"Lentils, dry",1991,2039.1,1960.8,12000.0,5885.0,1959.7,-0.17577030812324934,-0.1428571428571429,1765.2
"Lentils, dry",1992,1765.2,2039.1,12000.0,6798.0,1921.7,0.15514018691588793,0.0,1723.4
"Lentils, dry",1993,1723.4,1765.2,10549.0,6121.0,1842.5666666666666,-0.09958811415122093,-0.12091666666666667,1875.0
"Lentils, dry",1994,1875.0,1723.4,15000.0,8000.0,1787.8666666666668,0.30697598431628825,0.42193572850507155,1347.5
"Lentils, dry",1995,1347.5,1875.0,8790.0,6523.0,1648.6333333333334,-0.18462500000000004,-0.41400000000000003,1288.3
"Lentils, dry",1996,1288.3,1347.5,5925.0,4599.0,1503.5999999999997,-0.2949563084470336,-0.325938566552901,1715.1
"Lentils, dry",1997,1715.1,1288.3,5593.0,3261.0,1450.3,-0.29093281148075667,-0.056033755274261576,1693.4
"Lentils, dry",1998,1693.4,1715.1,6445.0,3806.0,1565.5999999999997,0.16712664826740253,0.15233327373502603,1707.4
"Lentils, dry",1999,1707.4,1693.4,7651.0,4481.0,1705.3,0.17735155018392024,0.1871217998448409,1745.1
"Lentils, dry",2000,1745.1,1707.4,3684.0,2111.0,1715.3,-0.528899799151975,-0.5184943144686969,1674.5
"Lentils, dry",2001,1674.5,1745.1,3354.0,2003.0,1709.0,-0.05116058739933682,-0.0895765472312704,1678.8
"Lentils, dry",2002,1678.8,1674.5,3779.0,2251.0,1699.4666666666665,0.12381427858212679,0.12671437090041748,1703.1
"Lentils, dry",2003,1703.1,1678.8,3539.0,2078.0,1685.4666666666665,-0.07685473123056419,-0.06350886477904205,1625.0
"Lentils, dry",2004,1625.0,1703.1,2834.0,1744.0,1668.9666666666665,-0.1607314725697786,-0.1992088160497315,1760.6
"Lentils, dry",2005,1760.6,1625.0,2618.0,1487.0,1696.2333333333333,-0.1473623853211009,-0.07621736062103035,1770.7
"Lentils, dry",2006,1770.7,1760.6,1884.0,1064.0,1718.7666666666667,-0.2844653665097512,-0.280366692131398,1953.1
"Lentils, dry",2007,1953.1,1770.7,1250.0,640.0,1828.1333333333332,-0.3984962406015038,-0.33651804670912955,1949.4
"Lentils, dry",2008,1949.4,1953.1,1540.0,790.0,1891.0666666666666,0.234375,0.23199999999999998,2027.8
"Lentils, dry",2009,2027.8,1949.4,1241.0,612.0,1976.7666666666667,-0.2253164556962025,-0.1941558441558442,1852.7
"Lentils, dry",2010,1852.7,2027.8,1484.0,801.0,1943.3,0.3088235294117647,0.19580983078162761,1578.3
"Lentils, dry",2011,1578.3,1852.7,2178.0,1380.0,1819.6000000000001,0.7228464419475655,0.46765498652291115,1693.4
"Lentils, dry",2012,1693.4,1578.3,1795.0,1060.0,1708.1333333333332,-0.23188405797101452,-0.17584940312213038,2120.9
"Lentils, dry",2013,2120.9,1693.4,719.0,339.0,1797.5333333333335,-0.680188679245283,-0.5994428969359331,2030.4
Lettuce and chicory,1964,22023.8,19642.9,37000.0,1680.0,20238.100000000002,0.0,0.1212121212121211,22619.0
Lettuce and chicory,1965,22619.0,22023.8,38000.0,1680.0,21428.566666666666,0.0,0.027027027027026973,21021.7
Lettuce and chicory,1966,21021.7,22619.0,43641.0,2076.0,21888.166666666668,0.23571428571428577,0.14844736842105255,23726.9
Lettuce and chicory,1967,23726.9,21021.7,48213.0,2032.0,22455.86666666667,-0.021194605009633882,0.10476386883893585,22290.4
Lettuce and chicory,1968,22290.4,23726.9,49663.0,2228.0,22346.333333333332,0.09645669291338588,0.030074876070769196,23412.7
Lettuce and chicory,1969,23412.7,22290.4,59000.0,2520.0,23143.333333333332,0.13105924596050267,0.1880071683144393,20061.2
Lettuce and chicory,1970,20061.2,23412.7,59000.0,2941.0,21921.433333333334,0.16706349206349214,0.0,23461.4
Lettuce and chicory,1971,23461.4,20061.2,69000.0,2941.0,22311.766666666666,0.0,0.1694915254237288,23461.4
Lettuce and chicory,1972,23461.4,23461.4,69000.0,2941.0,22328.0,0.0,0.0,19721.2
Lettuce and chicory,1973,19721.2,23461.4,58000.0,2941.0,22214.666666666668,0.0,-0.1594202898550725,19381.2
Lettuce and chicory,1974,19381.2,19721.2,57000.0,2941.0,20854.600000000002,0.0,-0.017241379310344862,18249.1
Lettuce and chicory,1975,18249.1,19381.2,69000.0,3781.0,19117.166666666668,0.28561713702822167,0.21052631578947367,20232.1
Lettuce and chicory,1976,20232.1,18249.1,68000.0,3361.0,19287.466666666667,-0.1110817244115313,-0.01449275362318836,20696.8
Lettuce and chicory,1977,20696.8,20232.1,86223.0,4166.0,19726.0,0.23951204998512354,0.26798529411764704,20942.3
Lettuce and chicory,1978,20942.3,20696.8,93612.0,4470.0,20623.733333333334,0.07297167546807493,0.08569639191399037,20215.9
Lettuce and chicory,1979,20215.9,20942.3,105224.0,5205.0,20618.333333333332,0.16442953020134232,0.12404392599239422,20903.5
Lettuce and chicory,1980,20903.5,20215.9,127867.0,6117.0,20687.233333333334,0.17521613832853022,0.2151885501406523,17352.2
Lettuce and chicory,1981,17352.2,20903.5,108000.0,6224.0,19490.533333333336,0.017492234755599245,-0.15537237911267177,20611.0
Lettuce and chicory,1982,20611.0,17352.2,130550.0,6334.0,19622.233333333334,0.017673521850899654,0.20879629629629637,20439.8
Lettuce and chicory,1983,20439.8,20611.0,107023.0,5236.0,19467.666666666668,-0.17335017366592986,-0.1802144772117963,19597.1
Lettuce and chicory,1984,19597.1,20439.8,107000.0,5460.0,20215.966666666667,0.04278074866310155,-0.00021490707604909787,19697.0
Lettuce and chicory,1985,19697.0,19597.1,91000.0,4620.0,19911.3,-0.15384615384615385,-0.14953271028037385,21062.3
Lettuce and chicory,1986,21062.3,19697.0,115000.0,5460.0,20118.8,0.18181818181818188,0.2637362637362637,20068.0
Lettuce and chicory,1987,20068.0,21062.3,118000.0,5880.0,20275.766666666666,0.07692307692307687,0.026086956521739202,22372.9
Lettuce and chicory,1988,22372.9,20068.0,132000.0,5900.0,21167.733333333334,0.00340136054421758,0.11864406779661008,21088.4
Lettuce and chicory,1989,21088.4,22372.9,124000.0,5880.0,21176.433333333334,-0.003389830508474523,-0.06060606060606055,22023.8
Lettuce and chicory,1990,22023.8,21088.4,111000.0,5040.0,21828.366666666665,-0.1428571428571429,-0.10483870967741937,21772.8
Lettuce and chicory,1991,21772.8,22023.8,121253.0,5569.0,21628.333333333332,0.10496031746031753,0.09236936936936946,21409.1
Lettuce and chicory,1992,21409.1,21772.8,117964.0,5510.0,21735.233333333334,-0.010594361644819528,-0.027125102059330497,23572.3
Lettuce and chicory,1993,23572.3,21409.1,125098.0,5307.0,22251.399999999998,-0.0368421052631579,0.060476077447356724,22545.5
Lettuce and chicory,1994,22545.5,23572.3,124000.0,5500.0,22508.966666666664,0.03636706237045417,-0.00877711873890874,23472.1
Lettuce and chicory,1995,23472.1,22545.5,126749.3,5400.0,23196.63333333333,-0.018181818181818188,0.02217177419354832,24054.7
Lettuce and chicory,1996,24054.7,23472.1,123112.0,5118.0,23357.433333333334,-0.05222222222222217,-0.02869680542614439,23935.0
Lettuce and chicory,1997,23935.0,24054.7,132289.0,5527.0,23820.600000000002,0.07991402891754595,0.07454188056403921,26751.2
Lettuce and chicory,1998,26751.2,23935.0,134933.0,5044.0,24913.63333333333,-0.08738918038719012,0.01998654461066307,25864.2
Lettuce and chicory,1999,25864.2,26751.2,165531.0,6400.0,25516.800000000003,0.2688342585249801,0.22676439418081573,25396.5
Lettuce and chicory,2000,25396.5,25864.2,159617.0,6285.0,26003.96666666667,-0.017968749999999978,-0.0357274468226495,28753.0
Lettuce and chicory,2001,28753.0,25396.5,174588.0,6072.0,26671.233333333334,-0.03389021479713605,0.09379326763439977,27780.7
Lettuce and chicory,2002,27780.7,28753.0,179602.0,6465.0,27310.06666666667,0.06472332015810278,0.02871904140032533,25949.2
Lettuce and chicory,2003,25949.2,27780.7,144485.0,5568.0,27494.300000000003,-0.13874709976798139,-0.1955267758710928,23987.7
Lettuce and chicory,2004,23987.7,25949.2,142415.0,5937.0,25905.86666666667,0.0662715517241379,-0.014326746721112893,23844.3
Lettuce and chicory,2005,23844.3,23987.7,136008.0,5704.0,24593.733333333334,-0.03924541013980121,-0.04498823859846224,23333.3
Lettuce and chicory,2006,23333.3,23844.3,140000.0,6000.0,23721.766666666666,0.05189340813464227,0.029351214634433243,22727.3
Lettuce and chicory,2007,22727.3,23333.3,125000.0,5500.0,23301.63333333333,-0.08333333333333337,-0.1071428571428571,23669.6
Lettuce and chicory,2008,23669.6,22727.3,115413.0,4876.0,23243.399999999998,-0.11345454545454547,-0.07669599999999999,22567.9
Lettuce and chicory,2009,22567.9,23669.6,111666.0,4948.0,22988.266666666666,0.014766201804758072,-0.03246601336071331,20267.1
Lettuce and chicory,2010,20267.1,22567.9,80116.0,3953.0,22168.199999999997,-0.20109135004042034,-0.2825390002328372,23193.9
Lettuce and chicory,2011,23193.9,20267.1,97739.0,4214.0,22009.633333333335,0.06602580318745255,0.21996854560886714,22473.6
Lettuce and chicory,2012,22473.6,23193.9,94344.0,4198.0,21978.199999999997,-0.0037968675842430244,-0.03473536663972421,22022.3
Lettuce and chicory,2013,22022.3,22473.6,93661.0,4253.0,22563.266666666666,0.013101476893758957,-0.007239464088866332,22641.1
Linseed,1964,981.4,974.8,10740.0,10944.0,973.1666666666666,-0.03746701846965694,-0.030948299196968287,1012.9
Linseed,1965,1012.9,981.4,14095.0,13916.0,989.6999999999999,0.27156432748538006,0.31238361266294223,946.8
Linseed,1966,946.8,1012.9,10279.0,10857.0,980.3666666666667,-0.21981891348088534,-0.27073430294430645,891.7
Linseed,1967,891.7,946.8,8990.0,10082.0,950.4666666666666,-0.07138251819102881,-0.12540130362875768,912.0
Linseed,1968,912.0,891.7,9219.0,10108.0,916.8333333333334,0.002578853402102732,0.025472747497219173,991.9
Linseed,1969,991.9,912.0,15000.0,15123.0,931.8666666666667,0.4961416699643846,0.6270745200130166,1037.7
Linseed,1970,1037.7,991.9,17000.0,16383.0,980.5333333333334,0.0833168022217814,0.1333333333333333,1188.1
Linseed,1971,1188.1,1037.7,10000.0,8417.0,1072.5666666666666,-0.4862357321613868,-0.4117647058823529,1138.5
Linseed,1972,1138.5,1188.1,11000.0,9662.0,1121.4333333333334,0.1479149340620174,0.10000000000000009,1156.2
Linseed,1973,1156.2,1138.5,17000.0,14703.0,1160.9333333333334,0.5217346305112813,0.5454545454545454,1133.6
Linseed,1974,1133.6,1156.2,20000.0,17643.0,1142.7666666666667,0.19995919200163237,0.17647058823529416,1164.9
Linseed,1975,1164.9,1133.6,23000.0,19744.0,1151.5666666666668,0.11908405599954652,0.1499999999999999,1190.3
Linseed,1976,1190.3,1164.9,27000.0,22684.0,1162.9333333333334,0.1489059967585089,0.17391304347826098,1211.9
Linseed,1977,1211.9,1190.3,24178.0,19950.0,1189.0333333333335,-0.12052548051490042,-0.10451851851851857,1200.1
Linseed,1978,1200.1,1211.9,29569.0,24638.0,1200.7666666666667,0.2349874686716793,0.2229712962197039,1236.9
Linseed,1979,1236.9,1200.1,31183.0,25211.0,1216.3000000000002,0.023256757853721943,0.054584192904731266,1197.9
Linseed,1980,1197.9,1236.9,34476.0,28781.0,1211.6333333333334,0.14160485502360087,0.10560241157040706,1198.6
Linseed,1981,1198.6,1197.9,34047.0,28406.0,1211.1333333333334,-0.013029429137278115,-0.012443438914027105,1225.6
Linseed,1982,1225.6,1198.6,26840.0,21900.0,1207.3666666666668,-0.2290361191297613,-0.2116779745645725,1158.0
Linseed,1983,1158.0,1225.6,18175.0,15695.0,1194.0666666666666,-0.2833333333333333,-0.32283904619970194,1270.1
Linseed,1984,1270.1,1158.0,20557.0,16185.0,1217.8999999999999,0.031220133800573535,0.13105914718019251,1956.5
Linseed,1985,1956.5,1270.1,36000.0,18400.0,1461.5333333333335,0.1368551127587272,0.751228292065963,1282.1
Linseed,1986,1282.1,1956.5,21000.0,16380.0,1502.8999999999999,-0.10978260869565215,-0.41666666666666663,1661.1
Linseed,1987,1661.1,1282.1,30000.0,18060.0,1633.2333333333333,0.10256410256410264,0.4285714285714286,1632.7
Linseed,1988,1632.7,1661.1,24000.0,14700.0,1525.3,-0.18604651162790697,-0.19999999999999996,1684.1
Linseed,1989,1684.1,1632.7,29000.0,17220.0,1659.3,0.17142857142857149,0.20833333333333326,1626.0
Linseed,1990,1626.0,1684.1,28000.0,17220.0,1647.6000000000001,0.0,-0.03448275862068961,1612.9
Linseed,1991,1612.9,1626.0,21000.0,13020.0,1641.0,-0.24390243902439024,-0.25,1515.2
Linseed,1992,1515.2,1612.9,28000.0,18480.0,1584.7,0.4193548387096775,0.33333333333333326,1312.5
Linseed,1993,1312.5,1515.2,21000.0,16000.0,1480.2,-0.1341991341991342,-0.25,1692.3
Linseed,1994,1692.3,1312.5,22000.0,13000.0,1506.6666666666667,-0.1875,0.04761904761904767,1533.3
Linseed,1995,1533.3,1692.3,23000.0,15000.0,1512.7,0.15384615384615374,0.045454545454545414,1432.7
Linseed,1996,1432.7,1533.3,22514.0,15714.0,1552.7666666666667,0.04760000000000009,-0.021130434782608676,1642.9
Linseed,1997,1642.9,1432.7,23000.0,14000.0,1536.3,-0.10907471044928085,0.02158656835746653,1600.0
Linseed,1998,1600.0,1642.9,24000.0,15000.0,1558.5333333333335,0.0714285714285714,0.04347826086956519,1741.9
Linseed,1999,1741.9,1600.0,27000.0,15500.0,1661.6000000000004,0.03333333333333344,0.125,1875.0
Linseed,2000,1875.0,1741.9,30000.0,16000.0,1738.9666666666665,0.032258064516129004,0.11111111111111116,1875.0
Linseed,2001,1875.0,1875.0,30000.0,16000.0,1830.6333333333332,0.0,0.0,1875.0
Linseed,2002,1875.0,1875.0,30000.0,16000.0,1875.0,0.0,0.0,1692.8
Linseed,2003,1692.8,1875.0,15127.0,8936.0,1814.2666666666667,-0.4415,-0.4957666666666667,1724.8
Linseed,2004,1724.8,1692.8,22439.0,13010.0,1764.2,0.4559086839749329,0.4833740992926556,1778.9
Linseed,2005,1778.9,1724.8,30486.0,17138.0,1732.1666666666667,0.3172943889315911,0.35861669414858066,1866.7
Linseed,2006,1866.7,1778.9,28000.0,15000.0,1790.1333333333334,-0.12475201307036998,-0.08154562750114802,1687.5
Linseed,2007,1687.5,1866.7,27000.0,16000.0,1777.7,0.06666666666666665,-0.0357142857142857,1687.5
Linseed,2008,1687.5,1687.5,27000.0,16000.0,1747.2333333333336,0.0,0.0,1407.0
Linseed,2009,1407.0,1687.5,11879.0,8443.0,1594.0,-0.4723125,-0.5600370370370371,1469.2
Linseed,2010,1469.2,1407.0,7888.0,5369.0,1521.2333333333336,-0.36408859410162264,-0.3359710413334456,1363.3
Linseed,2011,1363.3,1469.2,4552.0,3339.0,1413.1666666666667,-0.37809647979139505,-0.42292089249492903,1338.4
Linseed,2012,1338.4,1363.3,4536.0,3389.0,1390.3000000000002,0.014974543276430108,-0.0035149384885764245,1338.9
Linseed,2013,1338.9,1338.4,5725.0,4276.0,1346.8666666666668,0.26172912363529055,0.2621252204585538,1357.3
Lupins,1964,1653.1,1586.3,12856.0,7777.0,1588.6333333333332,0.011313394018205525,0.053856873514222414,1706.7
Lupins,1965,1706.7,1653.1,13353.0,7824.0,1648.7,0.006043461489006141,0.038658991910392126,1724.8
Lupins,1966,1724.8,1706.7,11827.0,6857.0,1694.8666666666666,-0.12359406952965235,-0.1142814348835468,1579.3
Lupins,1967,1579.3,1724.8,7298.0,4621.0,1670.2666666666667,-0.32609012687764327,-0.3829373467489642,1521.3
Lupins,1968,1521.3,1579.3,7030.0,4621.0,1608.4666666666665,0.0,-0.0367223896958071,1514.8
Lupins,1969,1514.8,1521.3,7000.0,4621.0,1538.4666666666665,0.0,-0.004267425320056861,1388.6
Lupins,1970,1388.6,1514.8,7000.0,5041.0,1474.8999999999999,0.09088941787491889,0.0,1578.9
Lupins,1971,1578.9,1388.6,6000.0,3800.0,1494.0999999999997,-0.24618131323150172,-0.1428571428571429,1298.4
Lupins,1972,1298.4,1578.9,6000.0,4621.0,1421.9666666666665,0.21605263157894727,0.0,1298.4
Lupins,1973,1298.4,1298.4,6000.0,4621.0,1391.9000000000003,0.0,0.0,952.2
Lupins,1974,952.2,1298.4,6000.0,6301.0,1183.0,0.36355767149967533,0.0,1487.7
Lupins,1975,1487.7,952.2,5000.0,3361.0,1246.1000000000001,-0.4665926043485161,-0.16666666666666663,1547.2
Lupins,1976,1547.2,1487.7,5200.0,3361.0,1329.0333333333335,0.0,0.040000000000000036,1585.5
Lupins,1977,1585.5,1547.2,6618.0,4174.0,1540.1333333333334,0.2418922939601309,0.2726923076923078,1677.5
Lupins,1978,1677.5,1585.5,6782.0,4043.0,1603.3999999999999,-0.03138476281744129,0.02478090057419169,1586.1
Lupins,1979,1586.1,1677.5,4330.0,2730.0,1616.3666666666668,-0.3247588424437299,-0.36154526688292543,1660.7
Lupins,1980,1660.7,1586.1,4748.0,2859.0,1641.4333333333334,0.04725274725274731,0.09653579676674373,1685.7
Lupins,1981,1685.7,1660.7,7545.0,4476.0,1644.1666666666667,0.565582371458552,0.5890901432181972,1711.6
Lupins,1982,1711.6,1685.7,6600.0,3856.0,1686.0,-0.13851653261840935,-0.1252485089463221,1788.2
Lupins,1983,1788.2,1711.6,6525.0,3649.0,1728.5,-0.053682572614107915,-0.011363636363636354,1578.9
Lupins,1984,1578.9,1788.2,6000.0,3800.0,1692.9000000000003,0.04138120032885717,-0.08045977011494254,1666.7
Lupins,1985,1666.7,1578.9,7000.0,4200.0,1677.9333333333334,0.10526315789473695,0.16666666666666674,1791.0
Lupins,1986,1791.0,1666.7,12000.0,6700.0,1678.8666666666668,0.5952380952380953,0.7142857142857142,1785.7
Lupins,1987,1785.7,1791.0,9000.0,5040.0,1747.8,-0.24776119402985075,-0.25,2083.3
Lupins,1988,2083.3,1785.7,7000.0,3360.0,1886.6666666666667,-0.33333333333333337,-0.2222222222222222,1739.8
Lupins,1989,1739.8,2083.3,6124.0,3520.0,1869.6000000000001,0.04761904761904767,-0.1251428571428571,1899.8
Lupins,1990,1899.8,1739.8,6311.0,3322.0,1907.6333333333332,-0.05625000000000002,0.030535597648595703,1914.8
Lupins,1991,1914.8,1899.8,6110.0,3191.0,1851.4666666666665,-0.03943407585791692,-0.03184915227380769,1920.7
Lupins,1992,1920.7,1914.8,5597.0,2914.0,1911.7666666666664,-0.08680664368536506,-0.08396072013093292,1871.4
Lupins,1993,1871.4,1920.7,5575.0,2979.0,1902.3,0.022306108442004202,-0.003930677148472395,2000.0
Lupins,1994,2000.0,1871.4,6000.0,3000.0,1930.7,0.007049345417925457,0.07623318385650224,1798.8
Lupins,1995,1798.8,2000.0,7413.0,4121.0,1890.0666666666666,0.3736666666666666,0.23550000000000004,1916.9
Lupins,1996,1916.9,1798.8,7154.0,3732.0,1905.2333333333333,-0.09439456442611016,-0.034938621340887654,1838.0
Lupins,1997,1838.0,1916.9,6931.0,3771.0,1851.2333333333333,0.010450160771704242,-0.031171372658652552,1620.9
Lupins,1998,1620.9,1838.0,5049.0,3115.0,1791.9333333333334,-0.17395916202598782,-0.27153368922233445,1929.4
Lupins,1999,1929.4,1620.9,5244.0,2718.0,1796.1000000000001,-0.12744783306581065,0.03862150920974461,1624.8
Lupins,2000,1624.8,1929.4,4673.0,2876.0,1725.0333333333335,0.058130978660779986,-0.10888634630053395,1597.0
Lupins,2001,1597.0,1624.8,4264.0,2670.0,1717.0666666666666,-0.07162726008344922,-0.0875240744703617,1606.5
Lupins,2002,1606.5,1597.0,4005.0,2493.0,1609.4333333333334,-0.06629213483146068,-0.06074108818011259,1434.7
Lupins,2003,1434.7,1606.5,5383.0,3752.0,1546.0666666666666,0.5050140393100682,0.34406991260923836,1634.5
Lupins,2004,1634.5,1434.7,3944.0,2413.0,1558.5666666666666,-0.3568763326226013,-0.26732305405907486,1431.8
Lupins,2005,1431.8,1634.5,3309.0,2311.0,1500.3333333333333,-0.04227103191048487,-0.16100405679513186,1885.0
Lupins,2006,1885.0,1431.8,2786.0,1478.0,1650.4333333333334,-0.36045002163565554,-0.15805379268661224,1866.7
Lupins,2007,1866.7,1885.0,2800.0,1500.0,1727.8333333333333,0.014884979702300516,0.005025125628140614,1832.9
Lupins,2008,1832.9,1866.7,2885.0,1574.0,1861.5333333333335,0.04933333333333323,0.03035714285714275,1831.0
Lupins,2009,1831.0,1832.9,2384.0,1302.0,1843.5333333333335,-0.1728081321473952,-0.1736568457538995,1944.0
Lupins,2010,1944.0,1831.0,2881.0,1482.0,1869.3000000000002,0.13824884792626735,0.2084731543624161,2047.2
Lupins,2011,2047.2,1944.0,3077.0,1503.0,1940.7333333333333,0.014170040485830038,0.0680319333564734,2068.6
Lupins,2012,2068.6,2047.2,3167.0,1531.0,2019.9333333333332,0.018629407850964785,0.029249268768280823,2030.1
Lupins,2013,2030.1,2068.6,1551.0,764.0,2048.633333333333,-0.5009797517962116,-0.510262077676034,2460.6
Maize (corn),1964,2582.4,2604.0,1867000.0,722958.0,2529.266666666667,-0.06043947475125544,-0.06821913569464333,2771.6
Maize (corn),1965,2771.6,2582.4,1934212.0,697858.0,2652.6666666666665,-0.03471847603871869,0.03600000000000003,4070.3
Maize (corn),1966,4070.3,2771.6,2141000.0,526000.0,3141.433333333333,-0.24626499946980618,0.10691072126530088,3589.1
Maize (corn),1967,3589.1,4070.3,2376000.0,662000.0,3477.0,0.2585551330798479,0.10976179355441373,3450.6
Maize (corn),1968,3450.6,3589.1,2167000.0,628000.0,3703.3333333333335,-0.051359516616314216,-0.08796296296296291,3511.5
Maize (corn),1969,3511.5,3450.6,2300000.0,655000.0,3517.066666666667,0.04299363057324834,0.06137517305030005,3782.7
Maize (corn),1970,3782.7,3511.5,2368000.0,626000.0,3581.6,-0.04427480916030535,0.029565217391304355,3783.9
Maize (corn),1971,3783.9,3782.7,2397000.0,633481.0,3692.6999999999994,0.011950479233226785,0.012246621621621712,3656.5
Maize (corn),1972,3656.5,3783.9,2344000.0,641042.0,3741.033333333333,0.011935638164364937,-0.02211097204839385,3747.2
Maize (corn),1973,3747.2,3656.5,2421000.0,646083.0,3729.2000000000003,0.007863759316862229,0.0328498293515358,3605.3
Maize (corn),1974,3605.3,3747.2,2508031.0,695652.0,3669.6666666666665,0.07672234062806171,0.035948368442792145,3579.2
Maize (corn),1975,3579.2,3605.3,2641307.0,737950.0,3643.9,0.060803390200847574,0.05313969404684382,3617.5
Maize (corn),1976,3617.5,3579.2,2780519.0,768640.0,3600.6666666666665,0.041588183481265695,0.05270572485515701,3834.3
Maize (corn),1977,3834.3,3617.5,3047000.0,794677.0,3677.0,0.03387411532056617,0.09583858265309453,3674.9
Maize (corn),1978,3674.9,3834.3,2724844.0,741467.0,3708.9,-0.06695802193847311,-0.10572891368559234,3909.9
Maize (corn),1979,3909.9,3674.9,3117045.0,797222.0,3806.366666666667,0.07519552454795697,0.14393521243784968,3711.9
Maize (corn),1980,3711.9,3909.9,2938208.0,791554.0,3765.566666666667,-0.007109688392944458,-0.057373890976870734,4036.6
Maize (corn),1981,4036.6,3711.9,3231075.0,800440.0,3886.1333333333337,0.01122601869234452,0.0996753803678978,4093.6
Maize (corn),1982,4093.6,4036.6,3307640.0,808009.0,3947.366666666667,0.00945604917295495,0.023696447776668794,4118.1
Maize (corn),1983,4118.1,4093.6,3347293.0,812832.0,4082.766666666667,0.005968992919633376,0.011988305861581061,4279.3
Maize (corn),1984,4279.3,4118.1,3509000.0,820000.0,4163.666666666667,0.008818550450769624,0.04830978345785675,4455.4
Maize (corn),1985,4455.4,4279.3,3698000.0,830000.0,4284.266666666666,0.012195121951219523,0.05386149900256476,4584.6
Maize (corn),1986,4584.6,4455.4,3686000.0,804000.0,4439.766666666666,-0.031325301204819245,-0.0032449972958356055,4990.3
Maize (corn),1987,4990.3,4584.6,3608000.0,723000.0,4676.766666666667,-0.10074626865671643,-0.021161150298426468,4757.1
Maize (corn),1988,4757.1,4990.3,3619000.0,760765.0,4777.333333333334,0.05223374827109262,0.0030487804878047697,4965.0
Maize (corn),1989,4965.0,4757.1,4088000.0,823357.0,4904.133333333334,0.08227507837505676,0.12959381044487417,5380.4
Maize (corn),1990,5380.4,4965.0,4529470.0,841840.0,5034.166666666667,0.022448342578006875,0.10799168297455974,5780.3
Maize (corn),1991,5780.3,5380.4,4798635.0,830174.0,5375.233333333334,-0.013857740188159218,0.05942527492179006,5895.1
Maize (corn),1992,5895.1,5780.3,5121709.0,868808.0,5685.266666666666,0.04653723195378312,0.0673262292297705,6134.6
Maize (corn),1993,6134.6,5895.1,5069000.0,826297.0,5936.666666666667,-0.04893025846907484,-0.010291291441977712,6078.0
Maize (corn),1994,6078.0,6134.6,5039080.0,829065.0,6035.900000000001,0.003349885089743765,-0.00590254488064712,5906.5
Maize (corn),1995,5906.5,6078.0,5112000.0,865482.0,6039.7,0.04392538582620187,0.014470895480921175,6163.0
Maize (corn),1996,6163.0,5906.5,4535175.0,735874.0,6049.166666666667,-0.1497523923085633,-0.11283744131455398,6952.3
Maize (corn),1997,6952.3,6163.0,5165338.0,742966.0,6340.600000000001,0.009637519466647815,0.1389500956412928,7129.8
Maize (corn),1998,7129.8,6952.3,5806070.0,814336.0,6748.366666666668,0.09606092338007399,0.12404454461644132,7225.7
Maize (corn),1999,7225.7,7129.8,6336802.0,876987.0,7102.600000000001,0.0769350734831813,0.09140985210305774,7517.4
Maize (corn),2000,7517.4,7225.7,6143360.0,817224.0,7290.966666666667,-0.06814582200192254,-0.030526754662683175,7680.0
Maize (corn),2001,7680.0,7517.4,6474450.0,843029.0,7474.366666666666,0.03157640989496158,0.05389396030836546,6979.8
Maize (corn),2002,6979.8,7680.0,6093578.0,873035.0,7392.400000000001,0.03559308161403707,-0.05882692738379325,7765.6
Maize (corn),2003,7765.6,6979.8,6430962.0,828132.0,7475.133333333334,-0.051433218599483466,0.055367142260261515,7829.3
Maize (corn),2004,7829.3,7765.6,6530427.0,834103.0,7524.900000000001,0.007210203204319976,0.015466581827104475,7908.7
Maize (corn),2005,7908.7,7829.3,6236140.0,788520.0,7834.533333333334,-0.05464912606716432,-0.0450639751428199,8160.7
Maize (corn),2006,8160.7,7908.7,7085190.0,868210.0,7966.233333333333,0.10106275046923341,0.13614992607606635,8370.5
Maize (corn),2007,8370.5,8160.7,6374300.0,761524.0,8146.633333333334,-0.12288040911760978,-0.10033464169627071,8046.3
Maize (corn),2008,8046.3,8370.5,6243220.0,775910.0,8192.5,0.018891065810138663,-0.020563826616255887,7905.3
Maize (corn),2009,7905.3,8046.3,7401412.0,936254.0,8107.366666666668,0.20665283344717822,0.18551196337787235,7818.4
Maize (corn),2010,7818.4,7905.3,7686091.0,983081.0,7923.333333333333,0.05001527363300995,0.03846279601784097,7270.0
Maize (corn),2011,7270.0,7818.4,7041099.0,968519.0,7664.566666666667,-0.014812614626872,-0.0839167790233033,7740.9
Maize (corn),2012,7740.9,7270.0,6876473.0,888329.0,7609.766666666666,-0.08279651715660719,-0.02338072508283151,7772.3
Maize (corn),2013,7772.3,7740.9,8093646.0,1041345.0,7594.400000000001,0.17225149691161712,0.17700542123847507,7722.3
"Mangoes, guavas and mangosteens",1964,11275.4,10774.2,90000.0,7982.0,9590.433333333334,0.0,0.04651162790697683,10995.2
"Mangoes, guavas and mangosteens",1965,10995.2,11275.4,97000.0,8822.0,11014.933333333334,0.10523678276121262,0.07777777777777772,8439.7
"Mangoes, guavas and mangosteens",1966,8439.7,10995.2,78000.0,9242.0,10236.766666666668,0.047608252097030235,-0.19587628865979378,10362.1
"Mangoes, guavas and mangosteens",1967,10362.1,8439.7,103600.0,9998.0,9932.333333333334,0.08180047608742691,0.32820512820512815,7538.2
"Mangoes, guavas and mangosteens",1968,7538.2,10362.1,76000.0,10082.0,8780.000000000002,0.008401680336067141,-0.26640926640926643,5455.3
"Mangoes, guavas and mangosteens",1969,5455.3,7538.2,55000.0,10082.0,7785.200000000001,0.0,-0.2763157894736842,5998.9
"Mangoes, guavas and mangosteens",1970,5998.9,5455.3,63000.0,10502.0,6330.8,0.0416584011108907,0.1454545454545455,4669.5
"Mangoes, guavas and mangosteens",1971,4669.5,5998.9,51000.0,10922.0,5374.566666666667,0.03999238240335168,-0.19047619047619047,6317.5
"Mangoes, guavas and mangosteens",1972,6317.5,4669.5,69000.0,10922.0,5661.966666666667,0.0,0.3529411764705883,7141.5
"Mangoes, guavas and mangosteens",1973,7141.5,6317.5,75000.0,10502.0,6042.833333333333,-0.03845449551364222,0.08695652173913038,7427.2
"Mangoes, guavas and mangosteens",1974,7427.2,7141.5,78000.0,10502.0,6962.066666666667,0.0,0.040000000000000036,8629.2
"Mangoes, guavas and mangosteens",1975,8629.2,7427.2,87000.0,10082.0,7732.633333333334,-0.03999238240335179,0.11538461538461542,9542.5
"Mangoes, guavas and mangosteens",1976,9542.5,8629.2,92200.0,9662.0,8532.966666666667,-0.0416584011108907,0.05977011494252871,7690.9
"Mangoes, guavas and mangosteens",1977,7690.9,9542.5,85615.0,11132.0,8620.866666666667,0.15214241357896907,-0.07142082429501084,5169.9
"Mangoes, guavas and mangosteens",1978,5169.9,7690.9,57918.0,11203.0,7467.766666666666,0.006378009342436153,-0.3235063949074345,7768.5
"Mangoes, guavas and mangosteens",1979,7768.5,5169.9,90938.0,11706.0,6876.433333333333,0.04489868785146833,0.570116371421665,10168.0
"Mangoes, guavas and mangosteens",1980,10168.0,7768.5,115407.0,11350.0,7702.133333333334,-0.030411754655732093,0.2690734346477821,8298.9
"Mangoes, guavas and mangosteens",1981,8298.9,10168.0,98491.0,11868.0,8745.133333333333,0.04563876651982368,-0.14657689741523483,10246.5
"Mangoes, guavas and mangosteens",1982,10246.5,8298.9,122917.0,11996.0,9571.133333333333,0.010785305021907554,0.2480023555451767,10396.8
"Mangoes, guavas and mangosteens",1983,10396.8,10246.5,131000.0,12600.0,9647.4,0.05035011670556844,0.0657598216682802,12142.9
"Mangoes, guavas and mangosteens",1984,12142.9,10396.8,153000.0,12600.0,10928.733333333332,0.0,0.16793893129770998,10675.9
"Mangoes, guavas and mangosteens",1985,10675.9,12142.9,139000.0,13020.0,11071.866666666667,0.03333333333333344,-0.09150326797385622,8854.2
"Mangoes, guavas and mangosteens",1986,8854.2,10675.9,119000.0,13440.0,10557.666666666666,0.032258064516129004,-0.14388489208633093,7017.5
"Mangoes, guavas and mangosteens",1987,7017.5,8854.2,112000.0,15960.0,8849.199999999999,0.1875,-0.05882352941176472,6309.5
"Mangoes, guavas and mangosteens",1988,6309.5,7017.5,106000.0,16800.0,7393.733333333334,0.05263157894736836,-0.0535714285714286,5238.1
"Mangoes, guavas and mangosteens",1989,5238.1,6309.5,99000.0,18900.0,6188.366666666666,0.125,-0.06603773584905659,6824.3
"Mangoes, guavas and mangosteens",1990,6824.3,5238.1,129000.0,18903.0,6123.966666666667,0.00015873015873024698,0.303030303030303,7566.0
"Mangoes, guavas and mangosteens",1991,7566.0,6824.3,144451.0,19092.0,6542.8,0.009998412950325442,0.1197751937984497,8131.2
"Mangoes, guavas and mangosteens",1992,8131.2,7566.0,149184.0,18347.0,7507.166666666667,-0.03902157971925413,0.03276543603021098,7929.4
"Mangoes, guavas and mangosteens",1993,7929.4,8131.2,178817.0,22551.0,7875.533333333333,0.22913827873766834,0.19863390175890183,8692.6
"Mangoes, guavas and mangosteens",1994,8692.6,7929.4,196775.0,22637.0,8251.066666666668,0.0038135781118353584,0.10042669321149544,9165.1
"Mangoes, guavas and mangosteens",1995,9165.1,8692.6,180286.0,19671.0,8595.699999999999,-0.13102442903211553,-0.08379621394994285,11034.8
"Mangoes, guavas and mangosteens",1996,11034.8,9165.1,232315.0,21053.0,9630.833333333334,0.07025570636978284,0.28859146023540383,9341.2
"Mangoes, guavas and mangosteens",1997,9341.2,11034.8,203265.0,21760.0,9847.033333333333,0.0335819123165344,-0.12504573531627317,9937.7
"Mangoes, guavas and mangosteens",1998,9937.7,9341.2,230873.0,23232.0,10104.566666666668,0.0676470588235294,0.13582269451209017,8755.9
"Mangoes, guavas and mangosteens",1999,8755.9,9937.7,222733.0,25438.0,9344.933333333332,0.09495523415977969,-0.0352574792201773,7951.3
"Mangoes, guavas and mangosteens",2000,7951.3,8755.9,287226.0,36123.0,8881.633333333333,0.42004088371727333,0.28955296251565765,7692.4
"Mangoes, guavas and mangosteens",2001,7692.4,7951.3,298880.0,38854.0,8133.2,0.07560280153918564,0.04057432126618066,7568.1
"Mangoes, guavas and mangosteens",2002,7568.1,7692.4,325467.0,43005.0,7737.266666666666,0.10683584701703808,0.08895543361884362,9975.2
"Mangoes, guavas and mangosteens",2003,9975.2,7568.1,287317.0,28803.0,8411.9,-0.330240669689571,-0.11721618474376816,10389.5
"Mangoes, guavas and mangosteens",2004,10389.5,9975.2,318791.0,30684.0,9310.933333333332,0.06530569732319558,0.10954451007075816,10981.3
"Mangoes, guavas and mangosteens",2005,10981.3,10389.5,375461.0,34191.0,10448.666666666666,0.11429409464215867,0.17776536978772928,9984.4
"Mangoes, guavas and mangosteens",2006,9984.4,10981.3,416950.0,41760.0,10451.733333333332,0.22137404580152675,0.11050149016808675,12877.9
"Mangoes, guavas and mangosteens",2007,12877.9,9984.4,596760.0,46340.0,11281.199999999999,0.1096743295019158,0.4312507494903466,10973.2
"Mangoes, guavas and mangosteens",2008,10973.2,12877.9,532422.0,48520.0,11278.5,0.04704359085023735,-0.10781218580333807,8408.3
"Mangoes, guavas and mangosteens",2009,8408.3,10973.2,466436.0,55473.0,10753.133333333333,0.14330173124484746,-0.12393552482804993,8777.0
"Mangoes, guavas and mangosteens",2010,8777.0,8408.3,534434.0,60890.0,9386.166666666666,0.09765110954878953,0.14578205798866306,7927.8
"Mangoes, guavas and mangosteens",2011,7927.8,8777.0,505741.0,63793.0,8371.033333333333,0.047676137296764676,-0.053688575202924915,8422.7
"Mangoes, guavas and mangosteens",2012,8422.7,7927.8,598084.0,71009.0,8375.833333333334,0.11311585910679844,0.1825895072774404,10214.3
"Mangoes, guavas and mangosteens",2013,10214.3,8422.7,786528.0,77003.0,8854.933333333332,0.0844118351194918,0.31507948716233836,8445.4
Okra,1964,16666.7,15000.0,10000.0,600.0,15555.566666666666,0.5,0.6666666666666667,12000.0
Okra,1965,12000.0,16666.7,12000.0,1000.0,14555.566666666666,0.6666666666666667,0.19999999999999996,13636.4
Okra,1966,13636.4,12000.0,15000.0,1100.0,14101.033333333333,0.10000000000000009,0.25,15000.0
Okra,1967,15000.0,13636.4,18000.0,1200.0,13545.466666666667,0.09090909090909083,0.19999999999999996,13333.3
Okra,1968,13333.3,15000.0,20000.0,1500.0,13989.9,0.25,0.11111111111111116,13750.0
Okra,1969,13750.0,13333.3,22000.0,1600.0,14027.766666666665,0.06666666666666665,0.10000000000000009,13888.9
Okra,1970,13888.9,13750.0,25000.0,1800.0,13657.4,0.125,0.13636363636363646,13500.0
Okra,1971,13500.0,13888.9,27000.0,2000.0,13712.966666666667,0.11111111111111116,0.08000000000000007,13636.4
Okra,1972,13636.4,13500.0,30000.0,2200.0,13675.1,0.10000000000000009,0.11111111111111116,14666.7
Okra,1973,14666.7,13636.4,33000.0,2250.0,13934.366666666667,0.022727272727272707,0.10000000000000009,15217.4
Okra,1974,15217.4,14666.7,35000.0,2300.0,14506.833333333334,0.022222222222222143,0.06060606060606055,15833.3
Okra,1975,15833.3,15217.4,38000.0,2400.0,15239.133333333331,0.04347826086956519,0.08571428571428563,15384.6
Okra,1976,15384.6,15833.3,40000.0,2600.0,15478.433333333334,0.08333333333333326,0.05263157894736836,14827.6
Okra,1977,14827.6,15384.6,43000.0,2900.0,15348.5,0.11538461538461542,0.07499999999999996,13636.4
Okra,1978,13636.4,14827.6,45000.0,3300.0,14616.199999999999,0.13793103448275867,0.04651162790697683,14285.7
Okra,1979,14285.7,13636.4,50000.0,3500.0,14249.900000000001,0.06060606060606055,0.11111111111111116,13750.0
Okra,1980,13750.0,14285.7,55000.0,4000.0,13890.699999999999,0.1428571428571428,0.10000000000000009,14285.7
Okra,1981,14285.7,13750.0,66000.0,4620.0,14107.133333333333,0.15500000000000003,0.19999999999999996,13571.4
Okra,1982,13571.4,14285.7,57000.0,4200.0,13869.033333333335,-0.09090909090909094,-0.13636363636363635,13203.5
Okra,1983,13203.5,13571.4,61000.0,4620.0,13686.866666666669,0.10000000000000009,0.07017543859649122,13293.7
Okra,1984,13293.7,13203.5,67000.0,5040.0,13356.199999999999,0.09090909090909083,0.09836065573770503,13636.4
Okra,1985,13636.4,13293.7,63000.0,4620.0,13377.866666666667,-0.08333333333333337,-0.05970149253731338,13571.4
Okra,1986,13571.4,13636.4,57000.0,4200.0,13500.5,-0.09090909090909094,-0.09523809523809523,14718.6
Okra,1987,14718.6,13571.4,68000.0,4620.0,13975.466666666667,0.10000000000000009,0.1929824561403508,13852.8
Okra,1988,13852.8,14718.6,64000.0,4620.0,14047.599999999999,0.0,-0.05882352941176472,14285.7
Okra,1989,14285.7,13852.8,60000.0,4200.0,14285.699999999999,-0.09090909090909094,-0.0625,13333.3
Okra,1990,13333.3,14285.7,56000.0,4200.0,13823.933333333334,0.0,-0.06666666666666665,13852.8
Okra,1991,13852.8,13333.3,64000.0,4620.0,13823.933333333332,0.10000000000000009,0.1428571428571428,13293.7
Okra,1992,13293.7,13852.8,67000.0,5040.0,13493.266666666668,0.09090909090909083,0.046875,13237.9
Okra,1993,13237.9,13293.7,64601.0,4880.0,13461.466666666665,-0.031746031746031744,-0.035805970149253685,13400.0
Okra,1994,13400.0,13237.9,67000.0,5000.0,13310.533333333335,0.024590163934426146,0.037135648054983594,13235.3
Okra,1995,13235.3,13400.0,67500.0,5100.0,13291.066666666666,0.020000000000000018,0.00746268656716409,13583.3
Okra,1996,13583.3,13235.3,75591.0,5565.0,13406.199999999999,0.09117647058823519,0.11986666666666657,13527.8
Okra,1997,13527.8,13583.3,72888.0,5388.0,13448.799999999997,-0.03180592991913744,-0.03575822518553795,13703.7
Okra,1998,13703.7,13527.8,74000.0,5400.0,13604.933333333334,0.00222717149220486,0.01525628361321485,13636.4
Okra,1999,13636.4,13703.7,75000.0,5500.0,13622.633333333333,0.0185185185185186,0.013513513513513598,15057.4
Okra,2000,15057.4,13636.4,97120.0,6450.0,14132.5,0.17272727272727262,0.29493333333333327,12666.7
Okra,2001,12666.7,15057.4,76000.0,6000.0,13786.833333333334,-0.06976744186046513,-0.21746293245469517,14037.5
Okra,2002,14037.5,12666.7,85236.0,6072.0,13920.533333333333,0.01200000000000001,0.1215263157894737,14822.3
Okra,2003,14822.3,14037.5,94270.0,6360.0,13842.166666666666,0.04743083003952564,0.10598808015392547,15641.3
Okra,2004,15641.3,14822.3,104640.0,6690.0,14833.699999999999,0.05188679245283012,0.1100031823485732,15917.8
Okra,2005,15917.8,15641.3,112380.0,7060.0,15460.466666666665,0.05530642750373693,0.07396788990825698,16052.3
Okra,2006,16052.3,15917.8,113490.0,7070.0,15870.466666666665,0.0014164305949009304,0.009877202349172443,15708.8
Okra,2007,15708.8,16052.3,109490.0,6970.0,15892.966666666665,-0.014144271570014189,-0.035245396070138324,15641.9
Okra,2008,15641.9,15708.8,117940.0,7540.0,15801.0,0.0817790530846485,0.07717599780801909,14540.3
Okra,2009,14540.3,15641.9,104690.0,7200.0,15297.0,-0.04509283819628651,-0.11234526030184844,14441.3
Okra,2010,14441.3,14540.3,134665.0,9325.0,14874.5,0.29513888888888884,0.2863215206801031,12524.6
Okra,2011,12524.6,14441.3,86232.0,6885.0,13835.4,-0.2616621983914209,-0.3596554412802139,12496.8
Okra,2012,12496.8,12524.6,84041.0,6725.0,13154.233333333332,-0.023238925199709493,-0.0254082011318304,13958.3
Okra,2013,13958.3,12496.8,97108.0,6957.0,12993.233333333332,0.03449814126394046,0.1554836329886602,13282.2
Olives,1964,2890.7,2931.3,7805.0,2700.0,2960.2000000000003,-0.32499999999999996,-0.33432835820895523,2951.1
Olives,1965,2951.1,2890.7,10329.0,3500.0,2924.3666666666663,0.2962962962962963,0.32338244714926323,2962.9
Olives,1966,2962.9,2951.1,10370.0,3500.0,2934.9,0.0,0.003969406525317076,3022.6
Olives,1967,3022.6,2962.9,6952.0,2300.0,2978.8666666666663,-0.34285714285714286,-0.32960462873674057,2973.0
Olives,1968,2973.0,3022.6,11000.0,3700.0,2986.1666666666665,0.6086956521739131,0.5822784810126582,3200.0
Olives,1969,3200.0,2973.0,8000.0,2500.0,3065.2000000000003,-0.32432432432432434,-0.2727272727272727,3200.0
Olives,1970,3200.0,3200.0,8000.0,2500.0,3124.3333333333335,0.0,0.0,3043.5
Olives,1971,3043.5,3200.0,7000.0,2300.0,3147.8333333333335,-0.07999999999999996,-0.125,2937.5
Olives,1972,2937.5,3043.5,5875.0,2000.0,3060.3333333333335,-0.13043478260869568,-0.1607142857142857,3200.0
Olives,1973,3200.0,2937.5,8000.0,2500.0,3060.3333333333335,0.25,0.36170212765957444,3200.0
Olives,1974,3200.0,3200.0,8000.0,2500.0,3112.5,0.0,0.0,3200.0
Olives,1975,3200.0,3200.0,8000.0,2500.0,3200.0,0.0,0.0,3200.0
Olives,1976,3200.0,3200.0,8000.0,2500.0,3200.0,0.0,0.0,2821.1
Olives,1977,2821.1,3200.0,7617.0,2700.0,3073.7000000000003,0.08000000000000007,-0.047875,3272.6
Olives,1978,3272.6,2821.1,5498.0,1680.0,3097.9,-0.37777777777777777,-0.2781935145070238,3367.5
Olives,1979,3367.5,3272.6,5590.0,1660.0,3153.7333333333336,-0.011904761904761862,0.01673335758457628,3595.1
Olives,1980,3595.1,3367.5,6108.0,1699.0,3411.733333333333,0.02349397590361435,0.09266547406082282,1947.5
Olives,1981,1947.5,3595.1,4191.0,2152.0,2970.0333333333333,0.2666274278987639,-0.3138506876227898,2424.1
Olives,1982,2424.1,1947.5,5396.0,2226.0,2655.5666666666666,0.03438661710037172,0.2875208780720593,3304.3
Olives,1983,3304.3,2424.1,7600.0,2300.0,2558.6333333333337,0.03324348607367478,0.408450704225352,3600.0
Olives,1984,3600.0,3304.3,9000.0,2500.0,3109.4666666666667,0.08695652173913038,0.18421052631578938,3174.6
Olives,1985,3174.6,3600.0,8000.0,2520.0,3359.633333333333,0.008000000000000007,-0.11111111111111116,3571.4
Olives,1986,3571.4,3174.6,9000.0,2520.0,3448.6666666666665,0.0,0.125,3383.5
Olives,1987,3383.5,3571.4,27000.0,7980.0,3376.5,2.1666666666666665,2.0,3002.1
Olives,1988,3002.1,3383.5,29000.0,9660.0,3319.0,0.21052631578947367,0.07407407407407418,3312.7
Olives,1989,3312.7,3002.1,30609.0,9240.0,3232.7666666666664,-0.04347826086956519,0.05548275862068963,3343.4
Olives,1990,3343.4,3312.7,32297.0,9660.0,3219.4,0.045454545454545414,0.05514717893430032,4636.7
Olives,1991,4636.7,3343.4,41962.0,9050.0,3764.2666666666664,-0.06314699792960665,0.2992538006626002,4553.7
Olives,1992,4553.7,4636.7,48725.0,10700.0,4177.933333333333,0.18232044198895037,0.16116962966493498,4187.8
Olives,1993,4187.8,4553.7,94991.0,22683.0,4459.4,1.119906542056075,0.9495330938943047,4166.6
Olives,1994,4166.6,4187.8,111687.0,26805.0,4302.7,0.1817219944451791,0.1757640197492394,6475.2
Olives,1995,6475.2,4166.6,130287.0,20121.0,4943.200000000001,-0.2493564633463906,0.16653683956055754,9421.2
Olives,1996,9421.2,6475.2,207982.0,22076.0,6687.666666666667,0.09716216887828644,0.5963373168466539,8877.5
Olives,1997,8877.5,9421.2,208133.0,23445.0,8257.966666666667,0.062013045841637915,0.0007260243674933609,8333.3
Olives,1998,8333.3,8877.5,200000.0,24000.0,8877.333333333334,0.023672424824056293,-0.039075975458000456,8000.0
Olives,1999,8000.0,8333.3,200000.0,25000.0,8403.6,0.04166666666666674,0.0,6574.0
Olives,2000,6574.0,8000.0,287080.0,43669.0,7635.766666666666,0.7467600000000001,0.4354,6190.4
Olives,2001,6190.4,6574.0,281745.0,45513.0,6921.466666666667,0.04222675124230002,-0.01858367005712691,6185.0
Olives,2002,6185.0,6190.4,293903.0,47519.0,6316.466666666667,0.0440753191395864,0.04315249605139404,6792.4
Olives,2003,6792.4,6185.0,336442.0,49532.0,6389.266666666666,0.042362002567394086,0.1447382299602249,4104.9
Olives,2004,4104.9,6792.4,204722.0,49873.0,5694.099999999999,0.006884438342889432,-0.39150878903347386,6421.2
Olives,2005,6421.2,4104.9,315193.0,49086.0,5772.833333333333,-0.015780081406773228,0.5396146970037417,6326.5
Olives,2006,6326.5,6421.2,310000.0,49000.0,5617.533333333333,-0.001752027054557348,-0.016475619699676036,10204.1
Olives,2007,10204.1,6326.5,500000.0,49000.0,7650.600000000001,0.0,0.6129032258064515,10895.0
Olives,2008,10895.0,10204.1,507053.0,46540.0,9141.866666666667,-0.05020408163265311,0.014105999999999952,10391.1
Olives,2009,10391.1,10895.0,480071.0,46200.0,10496.733333333334,-0.007305543618392751,-0.05321337217213984,9703.3
Olives,2010,9703.3,10391.1,449009.0,46274.0,10329.800000000001,0.0016017316017316041,-0.06470292935836575,7793.5
Olives,2011,7793.5,9703.3,390932.0,50161.0,9295.966666666667,0.08399965423347888,-0.129344846094399,8727.3
Olives,2012,8727.3,7793.5,459650.0,52668.0,8741.366666666667,0.04997906740296254,0.17577993103659972,9783.8
Olives,2013,9783.8,8727.3,563070.0,57551.0,8768.2,0.09271284271284275,0.22499728053954104,8779.5
"Onions and shallots, dry (excluding dehydrated)",1964,24121.7,23281.5,694705.0,28800.0,22242.333333333332,0.11627906976744184,0.1565655892998059,25865.2
"Onions and shallots, dry (excluding dehydrated)",1965,25865.2,24121.7,675083.0,26100.0,24422.8,-0.09375,-0.028245082445066627,29026.1
"Onions and shallots, dry (excluding dehydrated)",1966,29026.1,25865.2,690820.0,23800.0,26337.666666666668,-0.08812260536398464,0.02331120765891015,26814.8
"Onions and shallots, dry (excluding dehydrated)",1967,26814.8,29026.1,724000.0,27000.0,27235.36666666667,0.134453781512605,0.04802987753684018,27092.5
"Onions and shallots, dry (excluding dehydrated)",1968,27092.5,26814.8,615000.0,22700.0,27644.466666666664,-0.1592592592592592,-0.15055248618784534,22476.2
"Onions and shallots, dry (excluding dehydrated)",1969,22476.2,27092.5,472000.0,21000.0,25461.166666666668,-0.07488986784140972,-0.23252032520325205,19966.0
"Onions and shallots, dry (excluding dehydrated)",1970,19966.0,22476.2,587000.0,29400.0,23178.233333333334,0.3999999999999999,0.24364406779661008,21237.9
"Onions and shallots, dry (excluding dehydrated)",1971,21237.9,19966.0,455000.0,21424.0,21226.7,-0.2712925170068027,-0.2248722316865417,24208.2
"Onions and shallots, dry (excluding dehydrated)",1972,24208.2,21237.9,600000.0,24785.0,21804.033333333336,0.1568801344286781,0.31868131868131866,22879.6
"Onions and shallots, dry (excluding dehydrated)",1973,22879.6,24208.2,519000.0,22684.0,22775.233333333337,-0.08476901351623967,-0.135,26730.8
"Onions and shallots, dry (excluding dehydrated)",1974,26730.8,22879.6,539000.0,20164.0,24606.199999999997,-0.11109151825074948,0.038535645472061564,26185.9
"Onions and shallots, dry (excluding dehydrated)",1975,26185.9,26730.8,748000.0,28565.0,25265.433333333334,0.4166336044435628,0.3877551020408163,28146.0
"Onions and shallots, dry (excluding dehydrated)",1976,28146.0,26185.9,603000.0,21424.0,27020.899999999998,-0.24999124803080697,-0.19385026737967914,24770.2
"Onions and shallots, dry (excluding dehydrated)",1977,24770.2,28146.0,671000.0,27089.0,26367.36666666667,0.26442307692307687,0.11276948590381419,24946.0
"Onions and shallots, dry (excluding dehydrated)",1978,24946.0,24770.2,723734.0,29012.0,25954.06666666667,0.07098822400236249,0.0785901639344262,26336.9
"Onions and shallots, dry (excluding dehydrated)",1979,26336.9,24946.0,600771.0,22811.0,25351.033333333336,-0.21373914242382464,-0.169900819914499,32743.6
"Onions and shallots, dry (excluding dehydrated)",1980,32743.6,26336.9,561192.0,17139.0,28008.833333333332,-0.24865196615667884,-0.06588034375827068,33117.2
"Onions and shallots, dry (excluding dehydrated)",1981,33117.2,32743.6,710000.0,21439.0,30732.566666666666,0.25088978353462865,0.2651641505937361,38232.2
"Onions and shallots, dry (excluding dehydrated)",1982,38232.2,33117.2,654000.0,17106.0,34697.666666666664,-0.20210830729045193,-0.07887323943661972,39468.0
"Onions and shallots, dry (excluding dehydrated)",1983,39468.0,38232.2,635000.0,16089.0,36939.13333333333,-0.05945282357067694,-0.02905198776758411,31160.0
"Onions and shallots, dry (excluding dehydrated)",1984,31160.0,39468.0,779000.0,25000.0,36286.73333333333,0.5538566722605507,0.22677165354330708,47793.1
"Onions and shallots, dry (excluding dehydrated)",1985,47793.1,31160.0,693000.0,14500.0,39473.700000000004,-0.42000000000000004,-0.11039794608472397,46335.7
"Onions and shallots, dry (excluding dehydrated)",1986,46335.7,47793.1,784000.0,16920.0,41762.93333333333,0.16689655172413786,0.13131313131313127,41403.5
"Onions and shallots, dry (excluding dehydrated)",1987,41403.5,46335.7,826000.0,19950.0,45177.43333333333,0.17907801418439706,0.0535714285714286,42000.0
"Onions and shallots, dry (excluding dehydrated)",1988,42000.0,41403.5,777000.0,18500.0,43246.399999999994,-0.07268170426065168,-0.05932203389830504,41478.7
"Onions and shallots, dry (excluding dehydrated)",1989,41478.7,42000.0,662000.0,15960.0,41627.4,-0.13729729729729734,-0.14800514800514797,44146.8
"Onions and shallots, dry (excluding dehydrated)",1990,44146.8,41478.7,445000.0,10080.0,42541.833333333336,-0.368421052631579,-0.32779456193353473,54952.4
"Onions and shallots, dry (excluding dehydrated)",1991,54952.4,44146.8,577000.0,10500.0,46859.30000000001,0.04166666666666674,0.2966292134831461,45648.6
"Onions and shallots, dry (excluding dehydrated)",1992,45648.6,54952.4,556000.0,12180.0,48249.26666666666,0.15999999999999992,-0.036395147313691534,45082.6
"Onions and shallots, dry (excluding dehydrated)",1993,45082.6,45648.6,606000.0,13442.0,48561.200000000004,0.10361247947454855,0.08992805755395694,50469.3
"Onions and shallots, dry (excluding dehydrated)",1994,50469.3,45082.6,742000.0,14702.0,47066.833333333336,0.09373605118285977,0.22442244224422447,44047.6
"Onions and shallots, dry (excluding dehydrated)",1995,44047.6,50469.3,481000.0,10920.0,46533.166666666664,-0.2572439123928717,-0.3517520215633423,22505.1
"Onions and shallots, dry (excluding dehydrated)",1996,22505.1,44047.6,386345.0,17167.0,39007.333333333336,0.572069597069597,-0.1967879417879418,23208.3
"Onions and shallots, dry (excluding dehydrated)",1997,23208.3,22505.1,447734.0,19292.0,29920.333333333332,0.12378400419409341,0.15889684090644374,25891.0
"Onions and shallots, dry (excluding dehydrated)",1998,25891.0,23208.3,396132.0,15300.0,23868.13333333333,-0.2069251503213767,-0.11525146627238492,23831.7
"Onions and shallots, dry (excluding dehydrated)",1999,23831.7,25891.0,722672.0,30324.0,24310.333333333332,0.9819607843137255,0.8243211858673372,25593.1
"Onions and shallots, dry (excluding dehydrated)",2000,25593.1,23831.7,889797.0,34767.0,25105.266666666663,0.14651760981400863,0.2312598246507407,26677.1
"Onions and shallots, dry (excluding dehydrated)",2001,26677.1,25593.1,762993.0,28601.0,25367.3,-0.17735208674892855,-0.1425089093355001,27700.1
"Onions and shallots, dry (excluding dehydrated)",2002,27700.1,26677.1,628376.0,22685.0,26656.766666666663,-0.20684591447851475,-0.1764328113101955,27989.8
"Onions and shallots, dry (excluding dehydrated)",2003,27989.8,27700.1,754856.0,26969.0,27455.666666666668,0.1888472558959664,0.20128076183686194,29516.4
"Onions and shallots, dry (excluding dehydrated)",2004,29516.4,27989.8,686345.0,23253.0,28402.100000000002,-0.13778783047202348,-0.09076035694225126,30816.3
"Onions and shallots, dry (excluding dehydrated)",2005,30816.3,29516.4,895491.0,29059.0,29440.833333333332,0.2496882122736852,0.3047243004611384,30567.0
"Onions and shallots, dry (excluding dehydrated)",2006,30567.0,30816.3,1302125.0,42599.0,30299.899999999998,0.46594858735675704,0.454090549207083,30774.7
"Onions and shallots, dry (excluding dehydrated)",2007,30774.7,30567.0,1119890.0,36390.0,30719.333333333332,-0.1457545951782906,-0.1399520015359509,31978.2
"Onions and shallots, dry (excluding dehydrated)",2008,31978.2,30774.7,1485933.0,46467.0,31106.63333333333,0.2769167353668591,0.32685620909196444,36888.6
"Onions and shallots, dry (excluding dehydrated)",2009,36888.6,31978.2,1948937.0,52833.0,33213.833333333336,0.1370004519336303,0.3115914378373723,35606.3
"Onions and shallots, dry (excluding dehydrated)",2010,35606.3,36888.6,2128580.0,59781.0,34824.36666666667,0.1315087161433195,0.09217486250196893,35883.3
"Onions and shallots, dry (excluding dehydrated)",2011,35883.3,35606.3,2208078.0,61535.0,36126.066666666666,0.029340425887823818,0.037347903297033636,36159.7
"Onions and shallots, dry (excluding dehydrated)",2012,36159.7,35883.3,2304207.0,63723.0,35883.1,0.03555700008125462,0.04353514685622528,34858.3
"Onions and shallots, dry (excluding dehydrated)",2013,34858.3,36159.7,2024881.0,58089.0,35633.76666666667,-0.08841391648227481,-0.12122435180519808,20737.3
Oranges,1964,12481.5,11200.0,337000.0,27000.0,10385.9,0.08000000000000007,0.20357142857142851,10281.3
Oranges,1965,10281.3,12481.5,329000.0,32000.0,11320.933333333334,0.18518518518518512,-0.023738872403560873,9635.3
Oranges,1966,9635.3,10281.3,340000.0,35287.0,10799.366666666667,0.10271874999999997,0.033434650455927084,11970.2
Oranges,1967,11970.2,9635.3,487760.0,40748.0,10628.933333333332,0.1547595431745401,0.4345882352941177,11685.1
Oranges,1968,11685.1,11970.2,532000.0,45528.0,11096.866666666667,0.11730637086482765,0.09070034443168762,10520.9
Oranges,1969,10520.9,11685.1,495000.0,47049.0,11392.066666666666,0.03340801265155502,-0.06954887218045114,13092.8
Oranges,1970,13092.8,10520.9,627000.0,47889.0,11766.266666666668,0.017853726965504135,0.2666666666666666,11438.6
Oranges,1971,11438.6,13092.8,567000.0,49569.0,11684.1,0.03508112510179795,-0.09569377990430628,14226.3
Oranges,1972,14226.3,11438.6,707202.0,49711.0,12919.233333333332,0.002864693659343498,0.2472698412698413,13436.9
Oranges,1973,13436.9,14226.3,683000.0,50830.0,13033.933333333334,0.02251010842670631,-0.03422218828566659,14965.9
Oranges,1974,14965.9,13436.9,767000.0,51250.0,14209.699999999999,0.00826283690733809,0.12298682284040985,14997.3
Oranges,1975,14997.3,14965.9,819000.0,54610.0,14466.699999999999,0.06556097560975616,0.06779661016949157,14249.8
Oranges,1976,14249.8,14997.3,856000.0,60071.0,14737.666666666666,0.10000000000000009,0.04517704517704524,11715.5
Oranges,1977,11715.5,14249.8,781503.0,66707.0,13654.199999999999,0.11046927802100837,-0.08702920560747662,9701.3
Oranges,1978,9701.3,11715.5,671000.0,69166.0,11888.866666666667,0.03686269806766895,-0.14139804965559954,12110.9
Oranges,1979,12110.9,9701.3,843000.0,69607.0,11175.9,0.006375965069542744,0.25633383010432187,15656.1
Oranges,1980,15656.1,12110.9,1050587.0,67104.0,12489.433333333332,-0.0359590271093424,0.24624792408066432,13525.3
Oranges,1981,13525.3,15656.1,920881.0,68086.0,13764.1,0.014634000953743342,-0.12346050350899074,13179.2
Oranges,1982,13179.2,13525.3,895435.0,67943.0,14120.199999999999,-0.0021002849337602436,-0.027632234783864562,17017.8
Oranges,1983,17017.8,13179.2,1201000.0,70573.0,14574.1,0.03870891776930652,0.341247550073428,17412.8
Oranges,1984,17412.8,17017.8,1243168.0,71394.0,15869.933333333334,0.011633344196789075,0.035110741049125815,15897.8
Oranges,1985,15897.8,17412.8,1182000.0,74350.0,16776.133333333335,0.04140403955514471,-0.04920332569692909,15278.0
Oranges,1986,15278.0,15897.8,1168000.0,76450.0,16196.199999999999,0.02824478816408882,-0.011844331641285955,14911.5
Oranges,1987,14911.5,15278.0,1234000.0,82755.0,15362.433333333334,0.08247220405493794,0.05650684931506844,16426.8
Oranges,1988,16426.8,14911.5,1387000.0,84435.0,15538.766666666668,0.02030088816385711,0.12398703403565636,14129.8
Oranges,1989,14129.8,16426.8,1199000.0,84856.0,15156.033333333333,0.004986083969917621,-0.13554434030281182,16475.0
Oranges,1990,16475.0,14129.8,1398000.0,84856.0,15677.199999999999,0.0,0.16597164303586331,18117.7
Oranges,1991,18117.7,16475.0,1574287.0,86892.0,16240.833333333334,0.023993589139247762,0.12609942775393423,18810.4
Oranges,1992,18810.4,18117.7,1624238.0,86348.0,17801.033333333333,-0.006260645398885933,0.03172928443161882,17966.8
Oranges,1993,17966.8,18810.4,1771457.0,98596.0,18298.300000000003,0.14184462871172454,0.0906388103221325,13642.8
Oranges,1994,13642.8,17966.8,1324170.0,97060.0,16806.666666666668,-0.015578725303257768,-0.2524966736420924,16909.9
Oranges,1995,16909.9,13642.8,1513050.0,89477.0,16173.166666666666,-0.07812693179476615,0.14264029543034495,18097.7
Oranges,1996,18097.7,16909.9,1555024.0,85924.0,16216.800000000001,-0.03970852844865158,0.027741317206966043,19165.0
Oranges,1997,19165.0,18097.7,1613256.0,84177.0,18057.533333333336,-0.02033192123271732,0.03744765354103863,17753.1
Oranges,1998,17753.1,19165.0,1522098.0,85737.0,18338.6,0.018532378203072186,-0.056505601094928526,17155.6
Oranges,1999,17155.6,17753.1,1441652.0,84034.0,18024.566666666666,-0.019863069619884044,-0.052852050262203853,17531.9
Oranges,2000,17531.9,17155.6,1636600.0,93350.0,17480.2,0.1108598900445057,0.13522542194648923,18363.1
Oranges,2001,18363.1,17531.9,1610520.0,87704.0,17683.533333333333,-0.06048205677557583,-0.015935475986801895,20288.9
Oranges,2002,20288.9,18363.1,1696290.0,83607.0,18727.966666666667,-0.04671394691234154,0.05325609120035768,21639.9
Oranges,2003,21639.9,20288.9,1808579.0,83576.0,20097.3,-0.0003707823507601571,0.06619681776111386,21284.4
Oranges,2004,21284.4,21639.9,1767710.0,83052.0,21071.06666666667,-0.006269742509811382,-0.022597298763283202,22232.1
Oranges,2005,22232.1,21284.4,1850025.0,83214.0,21718.8,0.0019505851755525772,0.046565895989726824,22958.1
Oranges,2006,22958.1,22232.1,1940420.0,84520.0,22158.2,0.01569447448746608,0.048861501871596325,24138.1
Oranges,2007,24138.1,22958.1,2120050.0,87830.0,23109.43333333333,0.03916232844297207,0.09257274198369436,22997.8
Oranges,2008,22997.8,24138.1,2054626.0,89340.0,23364.666666666668,0.017192303313218638,-0.0308596495365675,22910.3
Oranges,2009,22910.3,22997.8,2138425.0,93339.0,23348.733333333334,0.04476158495634652,0.04078552495685339,24079.2
Oranges,2010,24079.2,22910.3,2372257.0,98519.0,23329.100000000002,0.05549663056171594,0.10934776763272036,23710.7
Oranges,2011,23710.7,24079.2,2401015.0,101263.0,23566.733333333334,0.027852495457729054,0.012122632581545778,23344.5
Oranges,2012,23344.5,23710.7,2577720.0,110421.0,23711.466666666664,0.0904377709528652,0.07359595837593691,23468.2
Oranges,2013,23468.2,23344.5,2786397.0,118731.0,23507.800000000003,0.075257423859592,0.08095409897118389,22731.6
"Other beans, green",1964,6856.8,9934.9,84202.0,12280.0,8336.333333333334,0.48488512696493347,0.024828996373019052,8771.2
"Other beans, green",1965,8771.2,6856.8,103316.0,11779.0,8520.966666666667,-0.040798045602605915,0.2270017339255599,7097.7
"Other beans, green",1966,7097.7,8771.2,116487.0,16412.0,7575.233333333334,0.39332710756430944,0.1274826745131441,8214.8
"Other beans, green",1967,8214.8,7097.7,96162.0,11706.0,8027.900000000001,-0.28674140872532294,-0.17448298951814367,6979.8
"Other beans, green",1968,6979.8,8214.8,87136.0,12484.0,7430.766666666666,0.06646164360157192,-0.09386244046504855,8240.2
"Other beans, green",1969,8240.2,6979.8,135000.0,16383.0,7811.599999999999,0.31231976930470995,0.5493022401762762,8401.6
"Other beans, green",1970,8401.6,8240.2,120000.0,14283.0,7873.866666666666,-0.1281816517121407,-0.11111111111111116,8206.5
"Other beans, green",1971,8206.5,8401.6,131000.0,15963.0,8282.766666666668,0.11762234824616669,0.09166666666666656,8492.6
"Other beans, green",1972,8492.6,8206.5,132000.0,15543.0,8366.9,-0.026310843826348407,0.007633587786259444,9786.4
"Other beans, green",1973,9786.4,8492.6,148000.0,15123.0,8828.5,-0.02702181046130092,0.1212121212121211,8146.4
"Other beans, green",1974,8146.4,9786.4,154000.0,18904.0,8808.466666666665,0.25001653111155187,0.04054054054054057,8182.9
"Other beans, green",1975,8182.9,8146.4,165000.0,20164.0,8705.233333333332,0.06665256030469746,0.0714285714285714,8015.9
"Other beans, green",1976,8015.9,8182.9,165000.0,20584.0,8115.066666666666,0.02082920055544535,0.0,8452.3
"Other beans, green",1977,8452.3,8015.9,202711.0,23983.0,8217.033333333333,0.16512825495530503,0.22855151515151517,8852.0
"Other beans, green",1978,8852.0,8452.3,210713.0,23804.0,8440.066666666666,-0.007463620064212195,0.03947491749337728,8571.4
"Other beans, green",1979,8571.4,8852.0,90000.0,10500.0,8625.233333333332,-0.5588976642581078,-0.5728787497686427,8615.7
"Other beans, green",1980,8615.7,8571.4,109868.0,12752.0,8679.699999999999,0.2144761904761905,0.2207555555555556,8642.1
"Other beans, green",1981,8642.1,8615.7,108510.0,12556.0,8609.733333333334,-0.015370138017565926,-0.012360286889722238,8820.5
"Other beans, green",1982,8820.5,8642.1,106516.0,12076.0,8692.766666666668,-0.03822873526600823,-0.018376186526587457,8724.2
"Other beans, green",1983,8724.2,8820.5,117811.0,13504.0,8728.933333333332,0.11825107651540234,0.1060404070749934,8692.3
"Other beans, green",1984,8692.3,8724.2,113000.0,13000.0,8745.666666666666,-0.037322274881516626,-0.040836594205973964,8730.2
"Other beans, green",1985,8730.2,8692.3,110000.0,12600.0,8715.566666666668,-0.03076923076923077,-0.026548672566371723,9277.5
"Other beans, green",1986,9277.5,8730.2,113000.0,12180.0,8900.0,-0.033333333333333326,0.027272727272727337,10434.2
"Other beans, green",1987,10434.2,9277.5,149000.0,14280.0,9480.633333333333,0.17241379310344818,0.31858407079646023,10383.6
"Other beans, green",1988,10383.6,10434.2,157000.0,15120.0,10031.766666666668,0.05882352941176472,0.05369127516778516,9682.5
"Other beans, green",1989,9682.5,10383.6,122000.0,12600.0,10166.766666666668,-0.16666666666666663,-0.22292993630573243,10439.6
"Other beans, green",1990,10439.6,9682.5,114000.0,10920.0,10168.566666666668,-0.1333333333333333,-0.06557377049180324,10098.5
"Other beans, green",1991,10098.5,10439.6,123000.0,12180.0,10073.533333333333,0.11538461538461542,0.07894736842105265,10899.1
"Other beans, green",1992,10899.1,10098.5,147628.0,13545.0,10479.066666666666,0.11206896551724133,0.20022764227642287,10205.3
"Other beans, green",1993,10205.3,10899.1,128832.0,12624.0,10400.966666666667,-0.06799557032115167,-0.12732002059229952,8480.0
"Other beans, green",1994,8480.0,10205.3,106000.0,12500.0,9861.466666666667,-0.009822560202788377,-0.17722305017386986,9071.4
"Other beans, green",1995,9071.4,8480.0,127000.0,14000.0,9252.233333333334,0.1200000000000001,0.19811320754716988,9798.0
"Other beans, green",1996,9798.0,9071.4,165067.0,16847.0,9116.466666666667,0.2033571428571428,0.2997401574803149,9717.7
"Other beans, green",1997,9717.7,9798.0,201797.0,20766.0,9529.033333333335,0.23262301893512194,0.22251570574372836,11343.3
"Other beans, green",1998,11343.3,9717.7,219527.0,19353.0,10286.333333333334,-0.06804391794279108,0.0878605727538071,11884.6
"Other beans, green",1999,11884.6,11343.3,179410.0,15096.0,10981.866666666667,-0.21996589676019218,-0.18274289722904247,10338.1
"Other beans, green",2000,10338.1,11884.6,200021.0,19348.0,11188.666666666666,0.2816640169581346,0.11488211359455991,9280.5
"Other beans, green",2001,9280.5,10338.1,201628.0,21726.0,10501.066666666668,0.12290676038867066,0.008034156413576632,10085.8
"Other beans, green",2002,10085.8,9280.5,214887.0,21306.0,9901.466666666665,-0.019331676332504877,0.06575971591247254,10093.9
"Other beans, green",2003,10093.9,10085.8,215000.0,21300.0,9820.066666666666,-0.00028161081385524867,0.0005258577764126748,10302.4
"Other beans, green",2004,10302.4,10093.9,281050.0,27280.0,10160.699999999999,0.2807511737089201,0.3072093023255813,11588.0
"Other beans, green",2005,11588.0,10302.4,250070.0,21580.0,10661.433333333332,-0.20894428152492672,-0.11022949653086644,11254.5
"Other beans, green",2006,11254.5,11588.0,245910.0,21850.0,11048.300000000001,0.012511584800741327,-0.016635342104210804,11795.1
"Other beans, green",2007,11795.1,11254.5,259610.0,22010.0,11545.866666666667,0.007322654462242673,0.055711439144402464,10768.4
"Other beans, green",2008,10768.4,11795.1,330257.0,30669.0,11272.666666666666,0.39341208541572015,0.27212742190208394,10603.0
"Other beans, green",2009,10603.0,10768.4,247336.0,23327.0,11055.5,-0.23939482865434147,-0.2510802193443288,9943.5
"Other beans, green",2010,9943.5,10603.0,282297.0,28390.0,10438.300000000001,0.2170446263985939,0.1413502280298864,10288.0
"Other beans, green",2011,10288.0,9943.5,270740.0,26316.0,10278.166666666666,-0.0730538922155689,-0.04093915273630255,10404.9
"Other beans, green",2012,10404.9,10288.0,305561.0,29367.0,10212.133333333333,0.11593707250341989,0.12861416857501662,10337.7
"Other beans, green",2013,10337.7,10404.9,251279.0,24307.0,10343.533333333333,-0.1723022440153914,-0.17764701647134284,10723.9
Other berries and fruits of the genus vaccinium n.e.c.,1988,4500.0,5200.0,90.0,20.0,4900.0,-0.19999999999999996,-0.3076923076923077,4750.0
Other berries and fruits of the genus vaccinium n.e.c.,1989,4750.0,4500.0,95.0,20.0,4816.666666666667,0.0,0.05555555555555558,5000.0
Other berries and fruits of the genus vaccinium n.e.c.,1990,5000.0,4750.0,150.0,30.0,4750.0,0.5,0.5789473684210527,4717.0
Other berries and fruits of the genus vaccinium n.e.c.,1991,4717.0,5000.0,250.0,53.0,4822.333333333333,0.7666666666666666,0.6666666666666667,4444.4
Other berries and fruits of the genus vaccinium n.e.c.,1992,4444.4,4717.0,400.0,90.0,4720.466666666666,0.6981132075471699,0.6000000000000001,4500.0
Other berries and fruits of the genus vaccinium n.e.c.,1993,4500.0,4444.4,450.0,100.0,4553.8,0.11111111111111116,0.125,4720.5
Other berries and fruits of the genus vaccinium n.e.c.,1994,4720.5,4500.0,500.0,106.0,4554.966666666666,0.06000000000000005,0.11111111111111116,5038.9
Other berries and fruits of the genus vaccinium n.e.c.,1995,5038.9,4720.5,494.43,98.0,4753.133333333333,-0.07547169811320753,-0.011140000000000039,5227.7
Other berries and fruits of the genus vaccinium n.e.c.,1996,5227.7,5038.9,550.0,105.0,4995.7,0.0714285714285714,0.11239204740812658,5477.7
Other berries and fruits of the genus vaccinium n.e.c.,1997,5477.7,5227.7,580.0,106.0,5248.099999999999,0.00952380952380949,0.05454545454545445,5714.3
Other berries and fruits of the genus vaccinium n.e.c.,1998,5714.3,5477.7,600.0,105.0,5473.233333333334,-0.009433962264150941,0.034482758620689724,5849.1
Other berries and fruits of the genus vaccinium n.e.c.,1999,5849.1,5714.3,620.0,106.0,5680.366666666666,0.00952380952380949,0.03333333333333344,5909.1
Other berries and fruits of the genus vaccinium n.e.c.,2000,5909.1,5849.1,650.0,110.0,5824.166666666667,0.037735849056603765,0.048387096774193505,5996.9
Other berries and fruits of the genus vaccinium n.e.c.,2001,5996.9,5909.1,568.11,95.0,5918.366666666668,-0.13636363636363635,-0.12598461538461536,6118.1
Other berries and fruits of the genus vaccinium n.e.c.,2002,6118.1,5996.9,576.57,94.0,6008.033333333333,-0.010526315789473717,0.01489148228336079,6240.5
Other berries and fruits of the genus vaccinium n.e.c.,2003,6240.5,6118.1,586.25,94.0,6118.5,0.0,0.016788941498863785,6359.7
Other berries and fruits of the genus vaccinium n.e.c.,2004,6359.7,6240.5,596.58,94.0,6239.433333333333,0.0,0.01762046908315562,6458.1
Other berries and fruits of the genus vaccinium n.e.c.,2005,6458.1,6359.7,606.97,94.0,6352.766666666667,0.0,0.01741593751047632,6705.9
Other berries and fruits of the genus vaccinium n.e.c.,2006,6705.9,6458.1,616.66,92.0,6507.900000000001,-0.021276595744680882,0.015964545199927516,6849.6
Other berries and fruits of the genus vaccinium n.e.c.,2007,6849.6,6705.9,625.41,91.0,6671.2,-0.010869565217391353,0.014189342587487497,6993.5
Other berries and fruits of the genus vaccinium n.e.c.,2008,6993.5,6849.6,635.11,91.0,6849.666666666667,0.0,0.015509825554436363,7138.2
Other berries and fruits of the genus vaccinium n.e.c.,2009,7138.2,6993.5,654.42,92.0,6993.766666666666,0.01098901098901095,0.030404181952732534,7283.6
Other berries and fruits of the genus vaccinium n.e.c.,2010,7283.6,7138.2,659.13,90.0,7138.433333333333,-0.021739130434782594,0.007197212799119779,7429.5
Other berries and fruits of the genus vaccinium n.e.c.,2011,7429.5,7283.6,652.35,88.0,7283.766666666666,-0.022222222222222254,-0.010286286468526695,7575.8
Other berries and fruits of the genus vaccinium n.e.c.,2012,7575.8,7429.5,637.65,84.0,7429.633333333334,-0.045454545454545414,-0.022533915842722574,7692.3
Other berries and fruits of the genus vaccinium n.e.c.,2013,7692.3,7575.8,1000.0,130.0,7565.866666666668,0.5476190476190477,0.5682584489923941,7873.4
"Other citrus fruit, n.e.c.",1981,9292.1,9189.5,827.0,89.0,8207.199999999999,-0.06315789473684208,-0.05269186712485685,11978.5
"Other citrus fruit, n.e.c.",1982,11978.5,9292.1,1114.0,93.0,10153.366666666667,0.04494382022471921,0.347037484885127,14000.0
"Other citrus fruit, n.e.c.",1983,14000.0,11978.5,1400.0,100.0,11756.866666666667,0.07526881720430101,0.25673249551166966,12777.8
"Other citrus fruit, n.e.c.",1984,12777.8,14000.0,2300.0,180.0,12918.766666666668,0.8,0.6428571428571428,12000.0
"Other citrus fruit, n.e.c.",1985,12000.0,12777.8,2100.0,175.0,12925.933333333334,-0.02777777777777779,-0.08695652173913049,12000.0
"Other citrus fruit, n.e.c.",1986,12000.0,12000.0,1800.0,150.0,12259.266666666668,-0.1428571428571429,-0.1428571428571429,12083.3
"Other citrus fruit, n.e.c.",1987,12083.3,12000.0,1450.0,120.0,12027.766666666665,-0.19999999999999996,-0.19444444444444442,11680.0
"Other citrus fruit, n.e.c.",1988,11680.0,12083.3,1460.0,125.0,11921.099999999999,0.04166666666666674,0.006896551724137945,11307.7
"Other citrus fruit, n.e.c.",1989,11307.7,11680.0,1470.0,130.0,11690.333333333334,0.040000000000000036,0.006849315068493178,14814.8
"Other citrus fruit, n.e.c.",1990,14814.8,11307.7,2000.0,135.0,12600.833333333334,0.03846153846153855,0.3605442176870748,16911.8
"Other citrus fruit, n.e.c.",1991,16911.8,14814.8,2300.0,136.0,14344.766666666668,0.007407407407407307,0.1499999999999999,17142.9
"Other citrus fruit, n.e.c.",1992,17142.9,16911.8,2400.0,140.0,16289.833333333334,0.02941176470588225,0.04347826086956519,17241.4
"Other citrus fruit, n.e.c.",1993,17241.4,17142.9,2500.0,145.0,17098.7,0.03571428571428581,0.04166666666666674,17567.6
"Other citrus fruit, n.e.c.",1994,17567.6,17241.4,2600.0,148.0,17317.3,0.020689655172413834,0.040000000000000036,16666.7
"Other citrus fruit, n.e.c.",1995,16666.7,17567.6,2500.0,150.0,17158.566666666666,0.013513513513513598,-0.038461538461538436,17343.8
"Other citrus fruit, n.e.c.",1996,17343.8,16666.7,2775.0,160.0,17192.7,0.06666666666666665,0.1100000000000001,16969.7
"Other citrus fruit, n.e.c.",1997,16969.7,17343.8,2800.0,165.0,16993.399999999998,0.03125,0.009009009009008917,17559.5
"Other citrus fruit, n.e.c.",1998,17559.5,16969.7,2950.0,168.0,17291.0,0.018181818181818077,0.0535714285714286,17647.1
"Other citrus fruit, n.e.c.",1999,17647.1,17559.5,3000.0,170.0,17392.100000000002,0.011904761904761862,0.016949152542372836,18023.3
"Other citrus fruit, n.e.c.",2000,18023.3,17647.1,3100.0,172.0,17743.3,0.0117647058823529,0.03333333333333344,18023.3
"Other citrus fruit, n.e.c.",2001,18023.3,18023.3,3100.0,172.0,17897.899999999998,0.0,0.0,13306.7
"Other citrus fruit, n.e.c.",2002,13306.7,18023.3,2169.0,163.0,16451.100000000002,-0.05232558139534882,-0.30032258064516126,14723.9
"Other citrus fruit, n.e.c.",2003,14723.9,13306.7,2400.0,163.0,15351.300000000001,0.0,0.10650069156293229,14723.9
"Other citrus fruit, n.e.c.",2004,14723.9,14723.9,2400.0,163.0,14251.5,0.0,0.0,14881.0
"Other citrus fruit, n.e.c.",2005,14881.0,14723.9,2500.0,168.0,14776.266666666668,0.030674846625766916,0.04166666666666674,14736.8
"Other citrus fruit, n.e.c.",2006,14736.8,14881.0,2800.0,190.0,14780.566666666666,0.13095238095238093,0.1200000000000001,14545.5
"Other citrus fruit, n.e.c.",2007,14545.5,14736.8,3200.0,220.0,14721.1,0.1578947368421053,0.1428571428571428,15200.0
"Other citrus fruit, n.e.c.",2008,15200.0,14545.5,3800.0,250.0,14827.433333333334,0.13636363636363646,0.1875,16142.9
"Other citrus fruit, n.e.c.",2009,16142.9,15200.0,4972.0,308.0,15296.133333333333,0.23199999999999998,0.30842105263157893,16562.1
"Other citrus fruit, n.e.c.",2010,16562.1,16142.9,5333.0,322.0,15968.333333333334,0.045454545454545414,0.07260659694288019,14098.5
"Other citrus fruit, n.e.c.",2011,14098.5,16562.1,4723.0,335.0,15601.166666666666,0.04037267080745344,-0.11438214888430531,16719.7
"Other citrus fruit, n.e.c.",2012,16719.7,14098.5,5785.0,346.0,15793.433333333334,0.032835820895522394,0.22485708236290503,12256.5
"Other citrus fruit, n.e.c.",2013,12256.5,16719.7,5160.0,421.0,14358.233333333332,0.2167630057803469,-0.10803802938634399,13788.7
"Other fruits, n.e.c.",1964,15476.2,13988.1,52000.0,3360.0,14107.133333333333,0.0,0.1063829787234043,11471.9
"Other fruits, n.e.c.",1965,11471.9,15476.2,53000.0,4620.0,13645.400000000001,0.375,0.019230769230769162,16666.7
"Other fruits, n.e.c.",1966,16666.7,11471.9,77000.0,4620.0,14538.266666666668,0.0,0.4528301886792452,12177.6
"Other fruits, n.e.c.",1967,12177.6,16666.7,55871.0,4588.0,13438.733333333332,-0.006926406926406892,-0.2744025974025974,11657.2
"Other fruits, n.e.c.",1968,11657.2,12177.6,60256.0,5169.0,13500.5,0.12663469921534443,0.07848436577115137,11873.1
"Other fruits, n.e.c.",1969,11873.1,11657.2,76000.0,6401.0,11902.633333333333,0.2383439736893016,0.26128518321826877,10952.4
"Other fruits, n.e.c.",1970,10952.4,11873.1,69000.0,6300.0,11494.233333333335,-0.015778784564911774,-0.09210526315789469,14455.8
"Other fruits, n.e.c.",1971,14455.8,10952.4,85000.0,5880.0,12427.099999999999,-0.06666666666666665,0.2318840579710144,15646.3
"Other fruits, n.e.c.",1972,15646.3,14455.8,92000.0,5880.0,13684.833333333334,0.0,0.08235294117647052,14550.3
"Other fruits, n.e.c.",1973,14550.3,15646.3,110000.0,7560.0,14884.133333333331,0.2857142857142858,0.19565217391304346,14285.7
"Other fruits, n.e.c.",1974,14285.7,14550.3,102000.0,7140.0,14827.433333333334,-0.05555555555555558,-0.07272727272727275,16666.7
"Other fruits, n.e.c.",1975,16666.7,14285.7,126000.0,7560.0,15167.566666666666,0.05882352941176472,0.23529411764705888,16917.3
"Other fruits, n.e.c.",1976,16917.3,16666.7,135000.0,7980.0,15956.566666666666,0.05555555555555558,0.0714285714285714,17229.7
"Other fruits, n.e.c.",1977,17229.7,16917.3,152000.0,8822.0,16937.899999999998,0.10551378446115289,0.125925925925926,15828.8
"Other fruits, n.e.c.",1978,15828.8,17229.7,130097.0,8219.0,16658.600000000002,-0.06835184765359326,-0.1440986842105263,15796.8
"Other fruits, n.e.c.",1979,15796.8,15828.8,139280.0,8817.0,16285.099999999999,0.07275824309526713,0.07058579367702555,17566.7
"Other fruits, n.e.c.",1980,17566.7,15796.8,161034.0,9167.0,16397.433333333334,0.03969604173755248,0.1561889718552556,15010.3
"Other fruits, n.e.c.",1981,15010.3,17566.7,151019.0,10061.0,16124.599999999999,0.09752372640994866,-0.06219183526460248,14823.8
"Other fruits, n.e.c.",1982,14823.8,15010.3,155843.0,10513.0,15800.266666666668,0.044925951694662514,0.031943000549599754,15845.6
"Other fruits, n.e.c.",1983,15845.6,14823.8,193000.0,12180.0,15226.566666666666,0.15856558546561406,0.2384258516583997,12639.4
"Other fruits, n.e.c.",1984,12639.4,15845.6,170000.0,13450.0,14436.266666666668,0.10426929392446627,-0.11917098445595853,13129.3
"Other fruits, n.e.c.",1985,13129.3,12639.4,193000.0,14700.0,13871.433333333334,0.09293680297397766,0.1352941176470588,13469.4
"Other fruits, n.e.c.",1986,13469.4,13129.3,198000.0,14700.0,13079.366666666667,0.0,0.02590673575129543,8569.9
"Other fruits, n.e.c.",1987,8569.9,13469.4,234000.0,27305.0,11722.866666666667,0.8574829931972789,0.18181818181818188,9596.4
"Other fruits, n.e.c.",1988,9596.4,8569.9,258000.0,26885.0,10545.233333333332,-0.015381798205456931,0.10256410256410264,9323.5
"Other fruits, n.e.c.",1989,9323.5,9596.4,235000.0,25205.0,9163.266666666665,-0.06248837641807703,-0.08914728682170547,11983.1
"Other fruits, n.e.c.",1990,11983.1,9323.5,297000.0,24785.0,10301.0,-0.016663360444356234,0.2638297872340425,12280.4
"Other fruits, n.e.c.",1991,12280.4,11983.1,325000.0,26465.0,11195.666666666666,0.06778293322574136,0.09427609427609429,12911.0
"Other fruits, n.e.c.",1992,12911.0,12280.4,320000.0,24785.0,12391.5,-0.06348006801435857,-0.01538461538461533,12500.0
"Other fruits, n.e.c.",1993,12500.0,12911.0,325000.0,26000.0,12563.800000000001,0.04902158563647374,0.015625,13200.0
"Other fruits, n.e.c.",1994,13200.0,12500.0,330000.0,25000.0,12870.333333333334,-0.038461538461538436,0.01538461538461533,12884.6
"Other fruits, n.e.c.",1995,12884.6,13200.0,335000.0,26000.0,12861.533333333333,0.040000000000000036,0.015151515151515138,12679.2
"Other fruits, n.e.c.",1996,12679.2,12884.6,336000.0,26500.0,12921.266666666668,0.019230769230769162,0.0029850746268655914,12518.5
"Other fruits, n.e.c.",1997,12518.5,12679.2,338000.0,27000.0,12694.1,0.018867924528301883,0.005952380952380931,12142.9
"Other fruits, n.e.c.",1998,12142.9,12518.5,340000.0,28000.0,12446.866666666667,0.03703703703703698,0.00591715976331364,11793.1
"Other fruits, n.e.c.",1999,11793.1,12142.9,342000.0,29000.0,12151.5,0.03571428571428581,0.00588235294117645,11627.1
"Other fruits, n.e.c.",2000,11627.1,11793.1,343000.0,29500.0,11854.366666666667,0.01724137931034475,0.0029239766081872176,11666.7
"Other fruits, n.e.c.",2001,11666.7,11627.1,350000.0,30000.0,11695.633333333333,0.016949152542372836,0.020408163265306145,12977.7
"Other fruits, n.e.c.",2002,12977.7,11666.7,348792.04,26876.0,12090.5,-0.1041333333333333,-0.003451314285714324,14355.2
"Other fruits, n.e.c.",2003,14355.2,12977.7,344262.13,23982.0,12999.866666666669,-0.107679714243191,-0.012987423680884347,15427.6
"Other fruits, n.e.c.",2004,15427.6,14355.2,341408.49,22130.0,14253.5,-0.07722458510549579,-0.008289148736749019,16921.9
"Other fruits, n.e.c.",2005,16921.9,15427.6,334033.01,19740.0,15568.233333333335,-0.10799819249887033,-0.02160309487324108,19000.0
"Other fruits, n.e.c.",2006,19000.0,16921.9,323000.0,17000.0,17116.5,-0.13880445795339413,-0.033029699669502754,16777.8
"Other fruits, n.e.c.",2007,16777.8,19000.0,302000.0,18000.0,17566.566666666666,0.05882352941176472,-0.06501547987616096,19705.3
"Other fruits, n.e.c.",2008,19705.3,16777.8,374400.0,19000.0,18494.366666666665,0.05555555555555558,0.23973509933774828,20443.6
"Other fruits, n.e.c.",2009,20443.6,19705.3,361504.0,17683.0,18975.566666666666,-0.06931578947368422,-0.0344444444444445,22763.5
"Other fruits, n.e.c.",2010,22763.5,20443.6,409811.0,18003.0,20970.8,0.018096476842164755,0.133627843675312,19097.4
"Other fruits, n.e.c.",2011,19097.4,22763.5,465155.0,24357.0,20768.166666666668,0.3529411764705883,0.1350476195124093,19638.4
"Other fruits, n.e.c.",2012,19638.4,19097.4,461574.03,23504.0,20499.766666666666,-0.03502073325943256,-0.007698444604486654,18846.2
"Other fruits, n.e.c.",2013,18846.2,19638.4,490000.0,26000.0,19194.0,0.10619469026548667,0.061584855629767565,20110.2
"Other nuts (excluding wild edible nuts and groundnuts), in shell, n.e.c.",1964,2500.0,2500.0,2000.0,800.0,2500.0,0.0,0.0,2500.0
"Other nuts (excluding wild edible nuts and groundnuts), in shell, n.e.c.",1965,2500.0,2500.0,2000.0,800.0,2500.0,0.0,0.0,2500.0
"Other nuts (excluding wild edible nuts and groundnuts), in shell, n.e.c.",1966,2500.0,2500.0,2000.0,800.0,2500.0,0.0,0.0,2500.0
"Other nuts (excluding wild edible nuts and groundnuts), in shell, n.e.c.",1967,2500.0,2500.0,2000.0,800.0,2500.0,0.0,0.0,2500.0
"Other nuts (excluding wild edible nuts and groundnuts), in shell, n.e.c.",1968,2500.0,2500.0,2000.0,800.0,2500.0,0.0,0.0,2500.0
"Other nuts (excluding wild edible nuts and groundnuts), in shell, n.e.c.",1969,2500.0,2500.0,2000.0,800.0,2500.0,0.0,0.0,2500.0
"Other nuts (excluding wild edible nuts and groundnuts), in shell, n.e.c.",1970,2500.0,2500.0,2000.0,800.0,2500.0,0.0,0.0,2500.0
"Other nuts (excluding wild edible nuts and groundnuts), in shell, n.e.c.",1971,2500.0,2500.0,2000.0,800.0,2500.0,0.0,0.0,2500.0
"Other nuts (excluding wild edible nuts and groundnuts), in shell, n.e.c.",1972,2500.0,2500.0,2000.0,800.0,2500.0,0.0,0.0,2500.0
"Other nuts (excluding wild edible nuts and groundnuts), in shell, n.e.c.",1973,2500.0,2500.0,2000.0,800.0,2500.0,0.0,0.0,2500.0
"Other nuts (excluding wild edible nuts and groundnuts), in shell, n.e.c.",1974,2500.0,2500.0,2000.0,800.0,2500.0,0.0,0.0,2500.0
"Other nuts (excluding wild edible nuts and groundnuts), in shell, n.e.c.",1975,2500.0,2500.0,2000.0,800.0,2500.0,0.0,0.0,2500.0
"Other nuts (excluding wild edible nuts and groundnuts), in shell, n.e.c.",1976,2500.0,2500.0,2000.0,800.0,2500.0,0.0,0.0,2500.0
"Other nuts (excluding wild edible nuts and groundnuts), in shell, n.e.c.",1977,2500.0,2500.0,2000.0,800.0,2500.0,0.0,0.0,2500.0
"Other nuts (excluding wild edible nuts and groundnuts), in shell, n.e.c.",1978,2500.0,2500.0,2000.0,800.0,2500.0,0.0,0.0,2500.0
"Other nuts (excluding wild edible nuts and groundnuts), in shell, n.e.c.",1979,2500.0,2500.0,2000.0,800.0,2500.0,0.0,0.0,2500.0
"Other nuts (excluding wild edible nuts and groundnuts), in shell, n.e.c.",1980,2500.0,2500.0,2000.0,800.0,2500.0,0.0,0.0,2500.0
"Other nuts (excluding wild edible nuts and groundnuts), in shell, n.e.c.",1981,2500.0,2500.0,2000.0,800.0,2500.0,0.0,0.0,2500.0
"Other nuts (excluding wild edible nuts and groundnuts), in shell, n.e.c.",1982,2500.0,2500.0,3000.0,1200.0,2500.0,0.5,0.5,2500.0
"Other nuts (excluding wild edible nuts and groundnuts), in shell, n.e.c.",1983,2500.0,2500.0,3000.0,1200.0,2500.0,0.0,0.0,2500.0
"Other nuts (excluding wild edible nuts and groundnuts), in shell, n.e.c.",1984,2500.0,2500.0,3000.0,1200.0,2500.0,0.0,0.0,2583.3
"Other nuts (excluding wild edible nuts and groundnuts), in shell, n.e.c.",1985,2583.3,2500.0,3100.0,1200.0,2527.766666666667,0.0,0.03333333333333344,2625.0
"Other nuts (excluding wild edible nuts and groundnuts), in shell, n.e.c.",1986,2625.0,2583.3,3150.0,1200.0,2569.4333333333334,0.0,0.016129032258064502,2692.3
"Other nuts (excluding wild edible nuts and groundnuts), in shell, n.e.c.",1987,2692.3,2625.0,3500.0,1300.0,2633.5333333333333,0.08333333333333326,0.11111111111111116,2500.0
"Other nuts (excluding wild edible nuts and groundnuts), in shell, n.e.c.",1988,2500.0,2692.3,4000.0,1600.0,2605.766666666667,0.23076923076923084,0.1428571428571428,2647.1
"Other nuts (excluding wild edible nuts and groundnuts), in shell, n.e.c.",1989,2647.1,2500.0,4500.0,1700.0,2613.133333333333,0.0625,0.125,2941.2
"Other nuts (excluding wild edible nuts and groundnuts), in shell, n.e.c.",1990,2941.2,2647.1,5000.0,1700.0,2696.1,0.0,0.11111111111111116,3000.0
"Other nuts (excluding wild edible nuts and groundnuts), in shell, n.e.c.",1991,3000.0,2941.2,5700.0,1900.0,2862.7666666666664,0.11764705882352944,0.1399999999999999,2923.6
"Other nuts (excluding wild edible nuts and groundnuts), in shell, n.e.c.",1992,2923.6,3000.0,5600.0,1915.0,2954.933333333333,0.007894736842105177,-0.01754385964912286,2891.4
"Other nuts (excluding wild edible nuts and groundnuts), in shell, n.e.c.",1993,2891.4,2923.6,5400.0,1868.0,2938.3333333333335,-0.024543080939947726,-0.0357142857142857,2857.1
"Other nuts (excluding wild edible nuts and groundnuts), in shell, n.e.c.",1994,2857.1,2891.4,6000.0,2100.0,2890.7000000000003,0.12419700214132767,0.11111111111111116,2854.5
"Other nuts (excluding wild edible nuts and groundnuts), in shell, n.e.c.",1995,2854.5,2857.1,6100.0,2137.0,2867.6666666666665,0.017619047619047645,0.016666666666666607,2856.8
"Other nuts (excluding wild edible nuts and groundnuts), in shell, n.e.c.",1996,2856.8,2854.5,6200.0,2170.0,2856.1333333333337,0.015442208703790428,0.016393442622950838,2840.9
"Other nuts (excluding wild edible nuts and groundnuts), in shell, n.e.c.",1997,2840.9,2856.8,6250.0,2200.0,2850.7333333333336,0.01382488479262678,0.008064516129032251,2852.7
"Other nuts (excluding wild edible nuts and groundnuts), in shell, n.e.c.",1998,2852.7,2840.9,6350.0,2226.0,2850.133333333333,0.011818181818181728,0.016000000000000014,2826.1
"Other nuts (excluding wild edible nuts and groundnuts), in shell, n.e.c.",1999,2826.1,2852.7,6500.0,2300.0,2839.9,0.03324348607367478,0.023622047244094446,2895.1
"Other nuts (excluding wild edible nuts and groundnuts), in shell, n.e.c.",2000,2895.1,2826.1,6600.0,2280.0,2857.9666666666667,-0.008695652173912993,0.01538461538461533,2926.6
"Other nuts (excluding wild edible nuts and groundnuts), in shell, n.e.c.",2001,2926.6,2895.1,6650.0,2272.0,2882.6,-0.0035087719298245723,0.007575757575757569,2891.3
"Other nuts (excluding wild edible nuts and groundnuts), in shell, n.e.c.",2002,2891.3,2926.6,6650.0,2300.0,2904.3333333333335,0.012323943661971759,0.0,2858.9
"Other nuts (excluding wild edible nuts and groundnuts), in shell, n.e.c.",2003,2858.9,2891.3,6575.5,2300.0,2892.2666666666664,0.0,-0.011203007518796992,2816.4
"Other nuts (excluding wild edible nuts and groundnuts), in shell, n.e.c.",2004,2816.4,2858.9,6618.48,2350.0,2855.5333333333333,0.021739130434782705,0.006536385065774475,2823.9
"Other nuts (excluding wild edible nuts and groundnuts), in shell, n.e.c.",2005,2823.9,2816.4,6636.26,2350.0,2833.066666666667,0.0,0.002686417425149079,2791.7
"Other nuts (excluding wild edible nuts and groundnuts), in shell, n.e.c.",2006,2791.7,2823.9,6700.0,2400.0,2810.6666666666665,0.02127659574468077,0.00960480752713111,3694.6
"Other nuts (excluding wild edible nuts and groundnuts), in shell, n.e.c.",2007,3694.6,2791.7,9236.54,2500.0,3103.4,0.04166666666666674,0.37858805970149256,4615.4
"Other nuts (excluding wild edible nuts and groundnuts), in shell, n.e.c.",2008,4615.4,3694.6,12000.0,2600.0,3700.566666666667,0.040000000000000036,0.2991877910992644,5000.0
"Other nuts (excluding wild edible nuts and groundnuts), in shell, n.e.c.",2009,5000.0,4615.4,17000.0,3400.0,4436.666666666667,0.3076923076923077,0.41666666666666674,4867.7
"Other nuts (excluding wild edible nuts and groundnuts), in shell, n.e.c.",2010,4867.7,5000.0,22445.0,4611.0,4827.7,0.3561764705882353,0.32029411764705884,5328.1
"Other nuts (excluding wild edible nuts and groundnuts), in shell, n.e.c.",2011,5328.1,4867.7,20865.0,3916.0,5065.266666666667,-0.1507265235306875,-0.0703942971708621,7332.1
"Other nuts (excluding wild edible nuts and groundnuts), in shell, n.e.c.",2012,7332.1,5328.1,18389.0,2508.0,5842.633333333334,-0.3595505617977528,-0.11866762520968133,7721.8
"Other nuts (excluding wild edible nuts and groundnuts), in shell, n.e.c.",2013,7721.8,7332.1,19544.0,2531.0,6794.0,0.009170653907496051,0.06280928816140086,7682.8
Other pulses n.e.c.,1964,1514.9,1745.7,42000.0,27725.0,1510.6000000000001,0.09998016266613763,-0.045454545454545414,1612.7
Other pulses n.e.c.,1965,1612.7,1514.9,42000.0,26044.0,1624.4333333333334,-0.060631199278629366,0.0,1693.8
Other pulses n.e.c.,1966,1693.8,1612.7,37000.0,21844.0,1607.1333333333332,-0.1612655506066657,-0.11904761904761907,1700.4
Other pulses n.e.c.,1967,1700.4,1693.8,30000.0,17643.0,1668.9666666666665,-0.19231825672953673,-0.18918918918918914,1315.5
Other pulses n.e.c.,1968,1315.5,1700.4,21000.0,15963.0,1569.9000000000003,-0.0952219010372386,-0.30000000000000004,1292.3
Other pulses n.e.c.,1969,1292.3,1315.5,19000.0,14702.0,1436.0666666666666,-0.07899517634529851,-0.09523809523809523,1190.2
Other pulses n.e.c.,1970,1190.2,1292.3,22000.0,18484.0,1266.0,0.2572439123928718,0.1578947368421053,1309.3
Other pulses n.e.c.,1971,1309.3,1190.2,22000.0,16803.0,1263.9333333333334,-0.09094351871889206,0.0,1459.1
Other pulses n.e.c.,1972,1459.1,1309.3,19000.0,13022.0,1319.533333333333,-0.22501934178420524,-0.13636363636363635,1618.7
Other pulses n.e.c.,1973,1618.7,1459.1,17000.0,10502.0,1462.3666666666668,-0.19351866072799873,-0.10526315789473684,1587.3
Other pulses n.e.c.,1974,1587.3,1618.7,20000.0,12600.0,1555.033333333333,0.19977147210055235,0.17647058823529416,1523.2
Other pulses n.e.c.,1975,1523.2,1587.3,23000.0,15100.0,1576.4000000000003,0.19841269841269837,0.1499999999999999,1785.3
Other pulses n.e.c.,1976,1785.3,1523.2,24000.0,13443.0,1631.9333333333334,-0.10973509933774839,0.04347826086956519,1635.8
Other pulses n.e.c.,1977,1635.8,1785.3,19800.0,12104.0,1648.0999999999997,-0.09960574276575174,-0.17500000000000004,1592.9
Other pulses n.e.c.,1978,1592.9,1635.8,13941.0,8752.0,1671.3333333333333,-0.2769332452081956,-0.2959090909090909,1749.2
Other pulses n.e.c.,1979,1749.2,1592.9,15783.0,9023.0,1659.3,0.030964351005484447,0.13212825478803536,1773.7
Other pulses n.e.c.,1980,1773.7,1749.2,22120.0,12471.0,1705.2666666666667,0.382134545051535,0.40150795159348673,1768.1
Other pulses n.e.c.,1981,1768.1,1773.7,16671.0,9429.0,1763.6666666666667,-0.2439259081068078,-0.24633815551537075,1831.6
Other pulses n.e.c.,1982,1831.6,1768.1,13845.0,7559.0,1791.1333333333332,-0.19832431859157917,-0.16951592585927655,1433.1
Other pulses n.e.c.,1983,1433.1,1831.6,12468.0,8700.0,1677.5999999999997,0.15094589231379807,-0.09945828819068259,1485.1
Other pulses n.e.c.,1984,1485.1,1433.1,15000.0,10100.0,1583.2666666666664,0.16091954022988508,0.20307988450433112,1653.4
Other pulses n.e.c.,1985,1653.4,1485.1,25000.0,15120.0,1523.8666666666668,0.497029702970297,0.6666666666666667,1653.4
Other pulses n.e.c.,1986,1653.4,1653.4,25000.0,15120.0,1597.3,0.0,0.0,1927.9
Other pulses n.e.c.,1987,1927.9,1653.4,22379.0,11608.0,1744.9000000000003,-0.2322751322751323,-0.10484000000000004,2077.2
Other pulses n.e.c.,1988,2077.2,1927.9,21536.0,10368.0,1886.1666666666667,-0.10682288077188151,-0.0376692434871978,2039.0
Other pulses n.e.c.,1989,2039.0,2077.2,19099.0,9367.0,2014.7,-0.09654706790123457,-0.1131593610698366,2381.0
Other pulses n.e.c.,1990,2381.0,2039.0,26000.0,10920.0,2165.7333333333336,0.16579481157254183,0.3613278182103774,2381.0
Other pulses n.e.c.,1991,2381.0,2381.0,16000.0,6720.0,2267.0,-0.3846153846153846,-0.3846153846153846,2083.3
Other pulses n.e.c.,1992,2083.3,2381.0,7000.0,3360.0,2281.7666666666664,-0.5,-0.5625,1964.7
Other pulses n.e.c.,1993,1964.7,2083.3,8969.0,4565.0,2143.0,0.35863095238095233,0.28128571428571436,1833.3
Other pulses n.e.c.,1994,1833.3,1964.7,11000.0,6000.0,1960.4333333333334,0.31434830230010946,0.22644664957074356,1825.6
Other pulses n.e.c.,1995,1825.6,1833.3,15700.0,8600.0,1874.5333333333335,0.43333333333333335,0.42727272727272725,1895.5
Other pulses n.e.c.,1996,1895.5,1825.6,18500.0,9760.0,1851.4666666666665,0.1348837209302325,0.17834394904458595,1792.5
Other pulses n.e.c.,1997,1792.5,1895.5,9500.0,5300.0,1837.8666666666668,-0.4569672131147541,-0.4864864864864865,2032.3
Other pulses n.e.c.,1998,2032.3,1792.5,6300.0,3100.0,1906.7666666666667,-0.41509433962264153,-0.33684210526315794,2031.3
Other pulses n.e.c.,1999,2031.3,2032.3,6500.0,3200.0,1952.0333333333335,0.032258064516129004,0.031746031746031855,2030.3
Other pulses n.e.c.,2000,2030.3,2031.3,6700.0,3300.0,2031.3,0.03125,0.03076923076923066,2029.9
Other pulses n.e.c.,2001,2029.9,2030.3,8166.4,4023.0,2030.5,0.219090909090909,0.21886567164179094,2032.0
Other pulses n.e.c.,2002,2032.0,2029.9,8057.48,3965.0,2030.7333333333333,-0.01441710166542376,-0.013337578369906011,2029.9
Other pulses n.e.c.,2003,2029.9,2032.0,6800.0,3350.0,2030.6000000000001,-0.15510718789407318,-0.1560636824416567,2026.3
Other pulses n.e.c.,2004,2026.3,2029.9,7868.02,3883.0,2029.4000000000003,0.15910447761194035,0.1570617647058825,2024.7
Other pulses n.e.c.,2005,2024.7,2026.3,7787.89,3846.0,2026.966666666667,-0.009528714911151148,-0.01018426491035862,2027.0
Other pulses n.e.c.,2006,2027.0,2024.7,7710.05,3804.0,2026.0,-0.010920436817472678,-0.00999500506555695,2014.7
Other pulses n.e.c.,2007,2014.7,2027.0,6850.0,3400.0,2022.1333333333332,-0.10620399579390116,-0.1115492117431145,2081.4
Other pulses n.e.c.,2008,2081.4,2014.7,7662.56,3682.0,2041.0333333333335,0.0829411764705883,0.11862189781021915,2142.9
Other pulses n.e.c.,2009,2142.9,2081.4,7500.0,3500.0,2079.6666666666665,-0.049429657794676785,-0.02121484203712598,2105.3
Other pulses n.e.c.,2010,2105.3,2142.9,8000.0,3800.0,2109.866666666667,0.08571428571428563,0.06666666666666665,2166.7
Other pulses n.e.c.,2011,2166.7,2105.3,7800.0,3600.0,2138.2999999999997,-0.052631578947368474,-0.025000000000000022,2205.9
Other pulses n.e.c.,2012,2205.9,2166.7,7500.0,3400.0,2159.3,-0.05555555555555558,-0.038461538461538436,2235.3
Other pulses n.e.c.,2013,2235.3,2205.9,7600.0,3400.0,2202.6333333333337,0.0,0.01333333333333342,2202.9
Other stone fruits,1989,6000.0,6666.7,150.0,25.0,6305.566666666667,0.6666666666666667,0.5,7142.9
Other stone fruits,1990,7142.9,6000.0,300.0,42.0,6603.2,0.6799999999999999,1.0,6520.8
Other stone fruits,1991,6520.8,7142.9,313.0,48.0,6554.566666666666,0.1428571428571428,0.043333333333333224,7476.6
Other stone fruits,1992,7476.6,6520.8,565.09,76.0,7046.766666666666,0.5833333333333333,0.8053993610223644,7692.3
Other stone fruits,1993,7692.3,7476.6,500.0,65.0,7229.900000000001,-0.14473684210526316,-0.11518519173936903,7000.0
Other stone fruits,1994,7000.0,7692.3,700.0,100.0,7389.633333333334,0.5384615384615385,0.3999999999999999,7402.6
Other stone fruits,1995,7402.6,7000.0,750.0,101.0,7364.966666666667,0.010000000000000009,0.0714285714285714,7425.2
Other stone fruits,1996,7425.2,7402.6,760.0,102.0,7275.933333333334,0.00990099009900991,0.01333333333333342,7454.4
Other stone fruits,1997,7454.4,7425.2,780.0,105.0,7427.400000000001,0.02941176470588225,0.026315789473684292,7490.2
Other stone fruits,1998,7490.2,7454.4,785.0,105.0,7456.599999999999,0.0,0.0064102564102563875,7529.9
Other stone fruits,1999,7529.9,7490.2,800.0,106.0,7491.5,0.00952380952380949,0.019108280254777066,7714.3
Other stone fruits,2000,7714.3,7529.9,810.0,105.0,7578.133333333334,-0.009433962264150941,0.012499999999999956,7581.8
Other stone fruits,2001,7581.8,7714.3,827.55,109.0,7608.666666666667,0.03809523809523818,0.0216666666666665,7727.3
Other stone fruits,2002,7727.3,7581.8,850.0,110.0,7674.466666666667,0.00917431192660545,0.027128270195154514,7597.3
Other stone fruits,2003,7597.3,7727.3,866.39,114.0,7635.466666666667,0.036363636363636376,0.019282352941176528,7601.9
Other stone fruits,2004,7601.9,7597.3,888.19,117.0,7642.166666666667,0.026315789473684292,0.025161878599706977,7601.6
Other stone fruits,2005,7601.6,7601.9,908.98,120.0,7600.266666666666,0.02564102564102555,0.02340715387473402,7596.3
Other stone fruits,2006,7596.3,7601.6,935.18,123.0,7599.933333333334,0.02499999999999991,0.02882351646900916,7591.6
Other stone fruits,2007,7591.6,7596.3,986.9,130.0,7596.5,0.05691056910569103,0.05530486109625965,7589.1
Other stone fruits,2008,7589.1,7591.6,986.58,130.0,7592.333333333333,0.0,-0.00032424764413818696,7500.0
Other stone fruits,2009,7500.0,7589.1,900.0,120.0,7560.233333333334,-0.07692307692307687,-0.08775770844736364,7622.2
Other stone fruits,2010,7622.2,7500.0,1000.0,131.0,7570.433333333333,0.09166666666666656,0.11111111111111116,7628.6
Other stone fruits,2011,7628.6,7622.2,999.74,131.0,7583.599999999999,0.0,-0.000260000000000038,7635.7
Other stone fruits,2012,7635.7,7628.6,1009.35,132.0,7628.833333333333,0.007633587786259444,0.009612499249805007,7692.3
Other stone fruits,2013,7692.3,7635.7,1000.0,130.0,7652.2,-0.015151515151515138,-0.009263387328478756,7642.0
"Other tropical fruits, n.e.c.",1980,7500.0,5000.0,3000.0,400.0,6583.333333333333,0.0,0.5,8000.0
"Other tropical fruits, n.e.c.",1981,8000.0,7500.0,4000.0,500.0,6833.333333333333,0.25,0.33333333333333326,7000.0
"Other tropical fruits, n.e.c.",1982,7000.0,8000.0,3500.0,500.0,7500.0,0.0,-0.125,8000.0
"Other tropical fruits, n.e.c.",1983,8000.0,7000.0,4000.0,500.0,7666.666666666667,0.0,0.1428571428571428,7692.3
"Other tropical fruits, n.e.c.",1984,7692.3,8000.0,5000.0,650.0,7564.099999999999,0.30000000000000004,0.25,7692.3
"Other tropical fruits, n.e.c.",1985,7692.3,7692.3,5000.0,650.0,7794.866666666666,0.0,0.0,7142.9
"Other tropical fruits, n.e.c.",1986,7142.9,7692.3,5000.0,700.0,7509.166666666667,0.07692307692307687,0.0,7333.3
"Other tropical fruits, n.e.c.",1987,7333.3,7142.9,5500.0,750.0,7389.5,0.0714285714285714,0.10000000000000009,7000.0
"Other tropical fruits, n.e.c.",1988,7000.0,7333.3,5600.0,800.0,7158.733333333334,0.06666666666666665,0.018181818181818077,7125.0
"Other tropical fruits, n.e.c.",1989,7125.0,7000.0,5700.0,800.0,7152.766666666666,0.0,0.017857142857142794,7250.0
"Other tropical fruits, n.e.c.",1990,7250.0,7125.0,5800.0,800.0,7125.0,0.0,0.01754385964912286,7444.2
"Other tropical fruits, n.e.c.",1991,7444.2,7250.0,6000.0,806.0,7273.066666666667,0.007500000000000062,0.034482758620689724,7762.1
"Other tropical fruits, n.e.c.",1992,7762.1,7444.2,6200.0,799.0,7485.433333333334,-0.008684863523573227,0.03333333333333344,7770.2
"Other tropical fruits, n.e.c.",1993,7770.2,7762.1,6400.0,824.0,7658.833333333333,0.031289111389236623,0.032258064516129004,7778.4
"Other tropical fruits, n.e.c.",1994,7778.4,7770.2,6500.0,836.0,7770.233333333334,0.014563106796116498,0.015625,7786.5
"Other tropical fruits, n.e.c.",1995,7786.5,7778.4,6400.0,822.0,7778.366666666666,-0.01674641148325362,-0.01538461538461533,7799.9
"Other tropical fruits, n.e.c.",1996,7799.9,7786.5,6500.0,833.0,7788.266666666666,0.01338199513381988,0.015625,7811.2
"Other tropical fruits, n.e.c.",1997,7811.2,7799.9,6600.0,845.0,7799.2,0.014405762304922076,0.01538461538461533,7823.5
"Other tropical fruits, n.e.c.",1998,7823.5,7811.2,6650.0,850.0,7811.533333333333,0.00591715976331364,0.007575757575757569,7790.7
"Other tropical fruits, n.e.c.",1999,7790.7,7823.5,6700.0,860.0,7808.466666666666,0.0117647058823529,0.007518796992481258,7804.0
"Other tropical fruits, n.e.c.",2000,7804.0,7790.7,6750.0,865.0,7806.066666666667,0.005813953488372103,0.00746268656716409,7804.9
"Other tropical fruits, n.e.c.",2001,7804.9,7804.0,7535.6,965.0,7799.866666666666,0.11560693641618491,0.11638518518518515,7807.0
"Other tropical fruits, n.e.c.",2002,7807.0,7804.9,7783.32,997.0,7805.299999999999,0.033160621761658016,0.03287329476086831,7777.8
"Other tropical fruits, n.e.c.",2003,7777.8,7807.0,7000.0,900.0,7796.566666666666,-0.09729187562688069,-0.10064085762887809,7836.2
"Other tropical fruits, n.e.c.",2004,7836.2,7777.8,8911.01,1137.0,7807.0,0.2633333333333334,0.2730014285714286,7860.2
"Other tropical fruits, n.e.c.",2005,7860.2,7836.2,9849.1,1253.0,7824.733333333334,0.10202286719437126,0.10527313963288121,7882.9
"Other tropical fruits, n.e.c.",2006,7882.9,7860.2,10779.46,1367.0,7859.766666666666,0.09098164405426967,0.09446142287112513,7912.3
"Other tropical fruits, n.e.c.",2007,7912.3,7882.9,10972.86,1387.0,7885.133333333332,0.014630577907827291,0.017941529538585632,8000.0
"Other tropical fruits, n.e.c.",2008,8000.0,7912.3,12000.0,1500.0,7931.733333333334,0.08147080028839215,0.09360731842017489,8000.0
"Other tropical fruits, n.e.c.",2009,8000.0,8000.0,12000.0,1500.0,7970.766666666666,0.0,0.0,8000.0
"Other tropical fruits, n.e.c.",2010,8000.0,8000.0,27600.0,3450.0,8000.0,1.2999999999999998,1.2999999999999998,7714.3
"Other tropical fruits, n.e.c.",2011,7714.3,8000.0,27000.0,3500.0,7904.766666666667,0.01449275362318847,-0.021739130434782594,7714.3
"Other tropical fruits, n.e.c.",2012,7714.3,7714.3,27000.0,3500.0,7809.533333333334,0.0,0.0,7798.1
"Other tropical fruits, n.e.c.",2013,7798.1,7714.3,25756.38,3303.0,7742.233333333334,-0.05628571428571427,-0.04605999999999999,7857.8
"Other vegetables, fresh n.e.c.",1964,16107.8,15765.5,318000.0,19742.0,15650.366666666667,0.04443974182626187,0.06711409395973145,16095.6
"Other vegetables, fresh n.e.c.",1965,16095.6,16107.8,311000.0,19322.0,15989.633333333333,-0.0212744402796069,-0.022012578616352196,16566.9
"Other vegetables, fresh n.e.c.",1966,16566.9,16095.6,306487.0,18500.0,16256.766666666668,-0.04254217989856124,-0.014511254019292652,16444.6
"Other vegetables, fresh n.e.c.",1967,16444.6,16566.9,299982.0,18242.0,16369.033333333335,-0.013945945945945892,-0.021224391246610796,16445.2
"Other vegetables, fresh n.e.c.",1968,16445.2,16444.6,334002.0,20310.0,16485.56666666667,0.11336476263567596,0.11340680440826456,17458.1
"Other vegetables, fresh n.e.c.",1969,17458.1,16445.2,418000.0,23943.0,16782.633333333335,0.17887740029542099,0.25148951203885006,17696.7
"Other vegetables, fresh n.e.c.",1970,17696.7,17458.1,394000.0,22264.0,17200.0,-0.07012487992315086,-0.0574162679425837,17931.3
"Other vegetables, fresh n.e.c.",1971,17931.3,17696.7,354000.0,19742.0,17695.36666666667,-0.11327703916636722,-0.10152284263959388,17522.1
"Other vegetables, fresh n.e.c.",1972,17522.1,17931.3,368000.0,21002.0,17716.7,0.06382332083882081,0.039548022598870025,16610.2
"Other vegetables, fresh n.e.c.",1973,16610.2,17522.1,314000.0,18904.0,17354.533333333336,-0.09989524807161221,-0.1467391304347826,15255.3
"Other vegetables, fresh n.e.c.",1974,15255.3,16610.2,314000.0,20583.0,16462.533333333333,0.08881718154887852,0.0,15042.5
"Other vegetables, fresh n.e.c.",1975,15042.5,15255.3,297000.0,19744.0,15636.0,-0.0407617937132585,-0.05414012738853502,15731.7
"Other vegetables, fresh n.e.c.",1976,15731.7,15042.5,304000.0,19324.0,15343.166666666666,-0.021272285251215606,0.023569023569023573,16013.8
"Other vegetables, fresh n.e.c.",1977,16013.8,15731.7,296000.0,18484.0,15596.0,-0.043469261022562655,-0.02631578947368418,16789.4
"Other vegetables, fresh n.e.c.",1978,16789.4,16013.8,286024.0,17036.0,16178.300000000003,-0.07833802207314433,-0.0337027027027027,13623.2
"Other vegetables, fresh n.e.c.",1979,13623.2,16789.4,262928.0,19300.0,15475.466666666669,0.13289504578539568,-0.08074846865997254,11742.3
"Other vegetables, fresh n.e.c.",1980,11742.3,13623.2,265962.0,22650.0,14051.633333333337,0.1735751295336787,0.011539280715633149,18016.1
"Other vegetables, fresh n.e.c.",1981,18016.1,11742.3,342000.0,18983.0,14460.533333333335,-0.16189845474613684,0.2858979854264896,19330.5
"Other vegetables, fresh n.e.c.",1982,19330.5,18016.1,328000.0,16968.0,16362.966666666667,-0.10614760575251536,-0.040935672514619936,18427.5
"Other vegetables, fresh n.e.c.",1983,18427.5,19330.5,356000.0,19319.0,18591.36666666667,0.1385549269212636,0.08536585365853666,18537.1
"Other vegetables, fresh n.e.c.",1984,18537.1,18427.5,370000.0,19960.0,18765.033333333333,0.03317977120968996,0.0393258426966292,16710.8
"Other vegetables, fresh n.e.c.",1985,16710.8,18537.1,379000.0,22680.0,17891.800000000003,0.13627254509018027,0.024324324324324298,16531.9
"Other vegetables, fresh n.e.c.",1986,16531.9,16710.8,368000.0,22260.0,17259.933333333334,-0.01851851851851849,-0.02902374670184693,18883.5
"Other vegetables, fresh n.e.c.",1987,18883.5,16531.9,389000.0,20600.0,17375.399999999998,-0.07457322551662171,0.057065217391304435,21092.8
"Other vegetables, fresh n.e.c.",1988,21092.8,18883.5,381000.0,18063.0,18836.06666666667,-0.12315533980582527,-0.020565552699228773,18945.8
"Other vegetables, fresh n.e.c.",1989,18945.8,21092.8,390000.0,20585.0,19640.7,0.13962243259702145,0.023622047244094446,18378.1
"Other vegetables, fresh n.e.c.",1990,18378.1,18945.8,332000.0,18065.0,19472.233333333334,-0.12241923730871995,-0.14871794871794874,22251.0
"Other vegetables, fresh n.e.c.",1991,22251.0,18378.1,430000.0,19325.0,19858.3,0.06974813174647099,0.29518072289156616,20055.7
"Other vegetables, fresh n.e.c.",1992,20055.7,22251.0,396000.0,19745.0,20228.266666666666,0.021733505821474708,-0.07906976744186045,21761.7
"Other vegetables, fresh n.e.c.",1993,21761.7,20055.7,420000.0,19300.0,21356.133333333335,-0.02253735122815903,0.06060606060606055,21641.0
"Other vegetables, fresh n.e.c.",1994,21641.0,21761.7,422000.0,19500.0,21152.800000000003,0.010362694300518172,0.004761904761904745,21250.0
"Other vegetables, fresh n.e.c.",1995,21250.0,21641.0,425000.0,20000.0,21550.900000000005,0.02564102564102555,0.007109004739336511,20454.5
"Other vegetables, fresh n.e.c.",1996,20454.5,21250.0,450000.0,22000.0,21115.166666666668,0.10000000000000009,0.05882352941176472,20869.6
"Other vegetables, fresh n.e.c.",1997,20869.6,20454.5,480000.0,23000.0,20858.033333333336,0.045454545454545414,0.06666666666666665,20416.7
"Other vegetables, fresh n.e.c.",1998,20416.7,20869.6,490000.0,24000.0,20580.266666666666,0.04347826086956519,0.02083333333333326,20000.0
"Other vegetables, fresh n.e.c.",1999,20000.0,20416.7,500000.0,25000.0,20428.766666666666,0.04166666666666674,0.020408163265306145,20000.0
"Other vegetables, fresh n.e.c.",2000,20000.0,20000.0,520000.0,26000.0,20138.9,0.040000000000000036,0.040000000000000036,15669.5
"Other vegetables, fresh n.e.c.",2001,15669.5,20000.0,550000.0,35100.0,18556.5,0.3500000000000001,0.05769230769230771,11350.3
"Other vegetables, fresh n.e.c.",2002,11350.3,15669.5,580000.0,51100.0,15673.266666666668,0.45584045584045585,0.05454545454545445,7001.2
"Other vegetables, fresh n.e.c.",2003,7001.2,11350.3,600000.0,85700.0,11340.333333333334,0.6771037181996087,0.034482758620689724,6997.7
"Other vegetables, fresh n.e.c.",2004,6997.7,7001.2,620000.0,88600.0,8449.733333333335,0.03383897316219375,0.03333333333333344,7274.8
"Other vegetables, fresh n.e.c.",2005,7274.8,6997.7,630000.0,86600.0,7091.2333333333345,-0.02257336343115124,0.016129032258064502,7497.1
"Other vegetables, fresh n.e.c.",2006,7497.1,7274.8,650000.0,86700.0,7256.533333333334,0.0011547344110853786,0.031746031746031855,7142.9
"Other vegetables, fresh n.e.c.",2007,7142.9,7497.1,580000.0,81200.0,7304.933333333334,-0.06343713956170705,-0.10769230769230764,7858.1
"Other vegetables, fresh n.e.c.",2008,7858.1,7142.9,598000.0,76100.0,7499.366666666669,-0.06280788177339902,0.03103448275862064,7711.3
"Other vegetables, fresh n.e.c.",2009,7711.3,7858.1,564665.0,73226.0,7570.766666666667,-0.037766097240473084,-0.05574414715719067,5544.9
"Other vegetables, fresh n.e.c.",2010,5544.9,7711.3,542389.0,97817.0,7038.100000000001,0.33582334143610204,-0.039449939344567087,4373.8
"Other vegetables, fresh n.e.c.",2011,4373.8,5544.9,574952.0,131454.0,5876.666666666668,0.34387683122565615,0.0600362470477831,4964.3
"Other vegetables, fresh n.e.c.",2012,4964.3,4373.8,605000.0,121869.0,4961.000000000001,-0.07291524031220042,0.05226175402468369,5696.2
"Other vegetables, fresh n.e.c.",2013,5696.2,4964.3,675000.0,118500.0,5011.433333333334,-0.02764443788001869,0.11570247933884303,5967.1
Peaches and nectarines,1964,13260.7,12456.7,5291.0,399.0,11458.6,0.19104477611940296,0.2679127725856698,9467.8
Peaches and nectarines,1965,9467.8,13260.7,5586.0,590.0,11728.4,0.4786967418546366,0.05575505575505568,6716.9
Peaches and nectarines,1966,6716.9,9467.8,5172.0,770.0,9815.133333333333,0.30508474576271194,-0.07411385606874332,8802.6
Peaches and nectarines,1967,8802.6,6716.9,8204.0,932.0,8329.1,0.21038961038961035,0.5862335653518949,11425.0
Peaches and nectarines,1968,11425.0,8802.6,9597.0,840.0,8981.5,-0.09871244635193133,0.16979522184300344,11111.1
Peaches and nectarines,1969,11111.1,11425.0,14000.0,1260.0,10446.233333333332,0.5,0.4587892049598834,11111.1
Peaches and nectarines,1970,11111.1,11111.1,14000.0,1260.0,11215.733333333332,0.0,0.0,7936.5
Peaches and nectarines,1971,7936.5,11111.1,10000.0,1260.0,10052.9,0.0,-0.2857142857142857,11111.1
Peaches and nectarines,1972,11111.1,7936.5,14000.0,1260.0,10052.9,0.0,0.3999999999999999,11904.8
Peaches and nectarines,1973,11904.8,11111.1,10000.0,840.0,10317.466666666667,-0.33333333333333337,-0.2857142857142857,13095.2
Peaches and nectarines,1974,13095.2,11904.8,11000.0,840.0,12037.033333333333,0.0,0.10000000000000009,11547.6
Peaches and nectarines,1975,11547.6,13095.2,9700.0,840.0,12182.533333333335,0.0,-0.11818181818181817,12381.0
Peaches and nectarines,1976,12381.0,11547.6,10400.0,840.0,12341.266666666668,0.0,0.07216494845360821,13155.2
Peaches and nectarines,1977,13155.2,12381.0,10169.0,773.0,12361.266666666668,-0.07976190476190481,-0.02221153846153845,12869.3
Peaches and nectarines,1978,12869.3,13155.2,10437.0,811.0,12801.833333333334,0.04915912031047864,0.02635460713934501,12417.8
Peaches and nectarines,1979,12417.8,12869.3,11027.0,888.0,12814.1,0.09494451294697903,0.056529654115167194,10456.8
Peaches and nectarines,1980,10456.8,12417.8,9798.0,937.0,11914.633333333331,0.055180180180180116,-0.11145370454339354,9122.5
Peaches and nectarines,1981,9122.5,10456.8,9752.0,1069.0,10665.699999999999,0.14087513340448243,-0.0046948356807511304,10491.8
Peaches and nectarines,1982,10491.8,9122.5,11499.0,1096.0,10023.699999999999,0.025257249766136525,0.17914273995077923,7500.0
Peaches and nectarines,1983,7500.0,10491.8,9000.0,1200.0,9038.1,0.0948905109489051,-0.21732324549960869,8800.0
Peaches and nectarines,1984,8800.0,7500.0,11000.0,1250.0,8930.6,0.04166666666666674,0.22222222222222232,10317.5
Peaches and nectarines,1985,10317.5,8800.0,13000.0,1260.0,8872.5,0.008000000000000007,0.18181818181818188,10317.5
Peaches and nectarines,1986,10317.5,10317.5,13000.0,1260.0,9811.666666666666,0.0,0.0,7381.0
Peaches and nectarines,1987,7381.0,10317.5,31000.0,4200.0,9338.666666666666,2.3333333333333335,1.3846153846153846,6926.4
Peaches and nectarines,1988,6926.4,7381.0,32000.0,4620.0,8208.300000000001,0.10000000000000009,0.032258064516129004,3416.1
Peaches and nectarines,1989,3416.1,6926.4,33000.0,9660.0,5907.833333333333,1.0909090909090908,0.03125,3416.1
Peaches and nectarines,1990,3416.1,3416.1,33000.0,9660.0,4586.2,0.0,0.0,3934.6
Peaches and nectarines,1991,3934.6,3416.1,37442.0,9516.0,3588.933333333333,-0.014906832298136607,0.13460606060606062,4168.5
Peaches and nectarines,1992,4168.5,3934.6,52381.0,12566.0,3839.733333333333,0.3205128205128205,0.3989904385449494,6250.0
Peaches and nectarines,1993,6250.0,4168.5,105000.0,16800.0,4784.366666666666,0.33694095177463,1.0045436322330614,7571.4
Peaches and nectarines,1994,7571.4,6250.0,159000.0,21000.0,5996.633333333332,0.25,0.5142857142857142,8352.9
Peaches and nectarines,1995,8352.9,7571.4,213000.0,25500.0,7391.433333333333,0.2142857142857142,0.3396226415094339,9206.9
Peaches and nectarines,1996,9206.9,8352.9,267000.0,29000.0,8377.066666666666,0.13725490196078427,0.2535211267605635,9876.9
Peaches and nectarines,1997,9876.9,9206.9,321000.0,32500.0,9145.566666666666,0.1206896551724137,0.202247191011236,10578.6
Peaches and nectarines,1998,10578.6,9876.9,376969.0,35635.0,9887.466666666667,0.09646153846153838,0.17435825545171335,12402.7
Peaches and nectarines,1999,12402.7,10578.6,429853.0,34658.0,10952.733333333332,-0.027416865441279636,0.14028739763747144,8338.4
Peaches and nectarines,2000,8338.4,12402.7,301191.0,36121.0,10439.9,0.042212476195972126,-0.29931627789034854,7339.7
Peaches and nectarines,2001,7339.7,8338.4,240193.0,32725.0,9360.266666666666,-0.09401733063868667,-0.20252265173926176,7498.3
Peaches and nectarines,2002,7498.3,7339.7,247300.0,32981.0,7725.466666666667,0.007822765469824189,0.029588705749126643,10815.7
Peaches and nectarines,2003,10815.7,7498.3,339266.0,31368.0,8551.233333333334,-0.04890694642369853,0.37188030731904576,9651.7
Peaches and nectarines,2004,9651.7,10815.7,302667.0,31359.0,9321.9,-0.0002869166029074721,-0.10787700506387321,11364.2
Peaches and nectarines,2005,11364.2,9651.7,360937.0,31761.0,10610.533333333335,0.01281928632928353,0.19252181440328808,11250.0
Peaches and nectarines,2006,11250.0,11364.2,360000.0,32000.0,10755.300000000001,0.007524951985139028,-0.002596020912236763,12986.3
Peaches and nectarines,2007,12986.3,11250.0,427639.0,32930.0,11866.833333333334,0.02906249999999999,0.1878861111111112,12748.0
Peaches and nectarines,2008,12748.0,12986.3,425273.0,33360.0,12328.1,0.01305800182204675,-0.005532703986306231,11886.0
Peaches and nectarines,2009,11886.0,12748.0,399416.0,33604.0,12540.1,0.007314148681055066,-0.06080094433458039,10708.8
Peaches and nectarines,2010,10708.8,11886.0,363209.0,33917.0,11780.933333333334,0.009314367337221796,-0.09064984877921767,8276.2
Peaches and nectarines,2011,8276.2,10708.8,273256.0,33017.0,10290.333333333334,-0.026535365745791184,-0.247661814547547,10637.9
Peaches and nectarines,2012,10637.9,8276.2,332487.0,31255.0,9874.300000000001,-0.053366447587606336,0.21676010773779897,10717.1
Peaches and nectarines,2013,10717.1,10637.9,285194.0,26611.0,9877.066666666668,-0.14858422652375625,-0.1422401477350994,11273.2
Pears,1964,10714.3,13095.2,9000.0,840.0,11507.933333333334,0.0,-0.18181818181818177,10317.5
Pears,1965,10317.5,10714.3,13000.0,1260.0,11375.666666666666,0.5,0.4444444444444444,14168.1
Pears,1966,14168.1,10317.5,16095.0,1136.0,11733.300000000001,-0.0984126984126984,0.23807692307692307,9798.3
Pears,1967,9798.3,14168.1,11366.0,1160.0,11427.966666666667,0.021126760563380254,-0.2938179558869214,14310.4
Pears,1968,14310.4,9798.3,18117.0,1266.0,12758.933333333334,0.09137931034482749,0.5939644553932781,10317.5
Pears,1969,10317.5,14310.4,13000.0,1260.0,11475.4,-0.004739336492891044,-0.28244190539272507,10317.5
Pears,1970,10317.5,10317.5,13000.0,1260.0,11648.466666666665,0.0,0.0,13690.5
Pears,1971,13690.5,10317.5,23000.0,1680.0,11441.833333333334,0.33333333333333326,0.7692307692307692,8928.6
Pears,1972,8928.6,13690.5,15000.0,1680.0,10978.866666666667,0.0,-0.34782608695652173,13690.5
Pears,1973,13690.5,8928.6,23000.0,1680.0,12103.199999999999,0.0,0.5333333333333334,12500.0
Pears,1974,12500.0,13690.5,21000.0,1680.0,11706.366666666667,0.0,-0.08695652173913049,9523.8
Pears,1975,9523.8,12500.0,20000.0,2100.0,11904.766666666668,0.25,-0.04761904761904767,8333.3
Pears,1976,8333.3,9523.8,21000.0,2520.0,10119.033333333333,0.19999999999999996,0.050000000000000044,9223.4
Pears,1977,9223.4,8333.3,26508.0,2874.0,9026.833333333334,0.14047619047619042,0.26228571428571423,9396.3
Pears,1978,9396.3,9223.4,30322.0,3227.0,8984.333333333332,0.12282533054975642,0.14388109250037728,9587.0
Pears,1979,9587.0,9396.3,32011.0,3339.0,9402.233333333332,0.03470715835141003,0.055702130466328104,13652.5
Pears,1980,13652.5,9587.0,50173.0,3675.0,10878.6,0.10062893081761004,0.56736746743307,5723.5
Pears,1981,5723.5,13652.5,25086.0,4383.0,9654.333333333334,0.19265306122448989,-0.5000099655193032,11502.3
Pears,1982,11502.3,5723.5,54682.0,4754.0,10292.766666666666,0.08464522016883413,1.1797815514629675,7800.0
Pears,1983,7800.0,11502.3,39000.0,5000.0,8341.933333333332,0.051745898190997064,-0.28678541384733547,11481.5
Pears,1984,11481.5,7800.0,62000.0,5400.0,10261.266666666666,0.08000000000000007,0.5897435897435896,7777.8
Pears,1985,7777.8,11481.5,49000.0,6300.0,9019.766666666666,0.16666666666666674,-0.20967741935483875,6845.2
Pears,1986,6845.2,7777.8,46000.0,6720.0,8701.5,0.06666666666666665,-0.061224489795918324,3968.3
Pears,1987,3968.3,6845.2,30000.0,7560.0,6197.099999999999,0.125,-0.34782608695652173,8201.1
Pears,1988,8201.1,3968.3,62000.0,7560.0,6338.200000000001,0.0,1.0666666666666669,6878.3
Pears,1989,6878.3,8201.1,52000.0,7560.0,6349.233333333334,0.0,-0.16129032258064513,9656.1
Pears,1990,9656.1,6878.3,73000.0,7560.0,8245.166666666668,0.0,0.40384615384615374,6795.4
Pears,1991,6795.4,9656.1,47459.0,6984.0,7776.600000000001,-0.07619047619047614,-0.34987671232876716,6588.1
Pears,1992,6588.1,6795.4,44028.0,6683.0,7679.866666666668,-0.043098510882015995,-0.07229398006700516,12312.8
Pears,1993,12312.8,6588.1,92925.0,7547.0,8565.433333333332,0.12928325602274438,1.1105887162714638,12213.7
Pears,1994,12213.7,12312.8,80000.0,6550.0,10371.533333333335,-0.13210547237312842,-0.13909066451439334,10833.3
Pears,1995,10833.3,12213.7,65000.0,6000.0,11786.6,-0.08396946564885499,-0.1875,9689.7
Pears,1996,9689.7,10833.3,54272.0,5601.0,10912.233333333334,-0.0665,-0.16504615384615384,10831.7
Pears,1997,10831.7,9689.7,57917.0,5347.0,10451.566666666668,-0.045349044813426165,0.06716170400943389,11599.8
Pears,1998,11599.8,10831.7,56630.0,4882.0,10707.066666666668,-0.08696465307649148,-0.022221454840547716,10291.1
Pears,1999,10291.1,11599.8,41391.0,4022.0,10907.533333333333,-0.17615731257681277,-0.269097651421508,8372.1
Pears,2000,8372.1,10291.1,38336.0,4579.0,10087.666666666666,0.13848831427150676,-0.07380831581744829,11314.9
Pears,2001,11314.9,8372.1,47217.0,4173.0,9992.699999999999,-0.08866564752129291,0.23166214524207018,9932.9
Pears,2002,9932.9,11314.9,40139.0,4041.0,9873.300000000001,-0.03163191948238675,-0.14990363640214333,11942.2
Pears,2003,11942.2,9932.9,34692.0,2905.0,11063.333333333334,-0.2811185350160851,-0.1357034305787389,12225.3
Pears,2004,12225.3,11942.2,35441.0,2899.0,11366.799999999997,-0.002065404475042998,0.02158999192897504,13219.8
Pears,2005,13219.8,12225.3,38192.0,2889.0,12462.433333333334,-0.0034494653328733804,0.07762196326288762,13275.9
Pears,2006,13275.9,13219.8,38500.0,2900.0,12907.0,0.0038075458636206427,0.008064516129032251,13056.3
Pears,2007,13056.3,13275.9,36388.0,2787.0,13184.0,-0.03896551724137931,-0.05485714285714283,16491.3
Pears,2008,16491.3,13056.3,50414.0,3057.0,14274.5,0.0968783638320776,0.3854567439815324,14638.7
Pears,2009,14638.7,16491.3,48908.0,3341.0,14728.766666666665,0.09290153745502128,-0.029872654421390865,33956.8
Pears,2010,33956.8,14638.7,54229.0,1597.0,21695.600000000002,-0.5219994013768332,0.10879610697636388,12314.2
Pears,2011,12314.2,33956.8,44713.0,3631.0,20303.233333333334,1.2736380713838447,-0.17547806524184473,13049.2
Pears,2012,13049.2,12314.2,48817.0,3741.0,19773.4,0.030294684659873283,0.09178538680025938,16748.0
Pears,2013,16748.0,13049.2,64664.0,3861.0,14037.133333333333,0.03207698476343235,0.3246205215396276,14899.2
"Peas, dry",1964,1291.8,1712.8,611.0,473.0,1457.6666666666667,-0.38250652741514357,-0.5342987804878049,1417.6
"Peas, dry",1965,1417.6,1291.8,1307.0,922.0,1474.0666666666666,0.9492600422832982,1.1391162029459903,1606.1
"Peas, dry",1966,1606.1,1417.6,1325.0,825.0,1438.5,-0.10520607375271152,0.01377199693955622,1643.6
"Peas, dry",1967,1643.6,1606.1,1849.0,1125.0,1555.7666666666664,0.36363636363636354,0.3954716981132076,793.7
"Peas, dry",1968,793.7,1643.6,1000.0,1260.0,1347.8,0.1200000000000001,-0.45916711736073557,1587.3
"Peas, dry",1969,1587.3,793.7,2000.0,1260.0,1341.5333333333333,0.0,1.0,1428.6
"Peas, dry",1970,1428.6,1587.3,3000.0,2100.0,1269.8666666666666,0.6666666666666667,0.5,1190.5
"Peas, dry",1971,1190.5,1428.6,3000.0,2520.0,1402.1333333333332,0.19999999999999996,0.0,1666.7
"Peas, dry",1972,1666.7,1190.5,7000.0,4200.0,1428.6000000000001,0.6666666666666667,1.3333333333333335,1428.6
"Peas, dry",1973,1428.6,1666.7,3000.0,2100.0,1428.6000000000001,-0.5,-0.5714285714285714,1904.8
"Peas, dry",1974,1904.8,1428.6,4000.0,2100.0,1666.7,0.0,0.33333333333333326,1904.8
"Peas, dry",1975,1904.8,1904.8,4000.0,2100.0,1746.0666666666666,0.0,0.0,1666.7
"Peas, dry",1976,1666.7,1904.8,4200.0,2520.0,1825.4333333333332,0.19999999999999996,0.050000000000000044,1700.1
"Peas, dry",1977,1700.1,1666.7,5908.0,3475.0,1757.2,0.37896825396825395,0.40666666666666673,1560.6
"Peas, dry",1978,1560.6,1700.1,5086.0,3259.0,1642.4666666666665,-0.06215827338129498,-0.1391333784698714,1753.1
"Peas, dry",1979,1753.1,1560.6,4928.0,2811.0,1671.2666666666664,-0.137465480208653,-0.03106567046795128,1883.4
"Peas, dry",1980,1883.4,1753.1,5377.0,2855.0,1732.3666666666668,0.015652792600498122,0.09111201298701288,1760.6
"Peas, dry",1981,1760.6,1883.4,5625.0,3195.0,1799.0333333333335,0.11908931698774072,0.04612237307048539,2187.6
"Peas, dry",1982,2187.6,1760.6,4618.0,2111.0,1943.8666666666668,-0.3392801251956181,-0.1790222222222222,1855.7
"Peas, dry",1983,1855.7,2187.6,3975.0,2142.0,1934.6333333333332,0.014684983420180098,-0.13923776526634912,1860.5
"Peas, dry",1984,1860.5,1855.7,4000.0,2150.0,1967.9333333333334,0.0037348272642390157,0.0062893081761006275,1785.7
"Peas, dry",1985,1785.7,1860.5,6000.0,3360.0,1833.9666666666665,0.5627906976744186,0.5,1785.7
"Peas, dry",1986,1785.7,1785.7,3000.0,1680.0,1810.6333333333334,-0.5,-0.5,2040.8
"Peas, dry",1987,2040.8,1785.7,6000.0,2940.0,1870.7333333333336,0.75,1.0,2381.0
"Peas, dry",1988,2381.0,2040.8,6000.0,2520.0,2069.1666666666665,-0.1428571428571429,0.0,2493.2
"Peas, dry",1989,2493.2,2381.0,7330.0,2940.0,2305.0,0.16666666666666674,0.22166666666666668,2083.0
"Peas, dry",1990,2083.0,2493.2,6999.0,3360.0,2319.0666666666666,0.1428571428571428,-0.045156889495225117,1590.7
"Peas, dry",1991,1590.7,2083.0,2876.0,1808.0,2055.633333333333,-0.46190476190476193,-0.5890841548792685,2813.4
"Peas, dry",1992,2813.4,1590.7,1131.0,402.0,2162.366666666667,-0.7776548672566371,-0.6067454798331016,2643.4
"Peas, dry",1993,2643.4,2813.4,3143.0,1189.0,2349.1666666666665,1.9577114427860698,1.7789566755083999,2500.0
"Peas, dry",1994,2500.0,2643.4,2000.0,800.0,2652.266666666667,-0.32716568544995794,-0.36366528794145725,2642.9
"Peas, dry",1995,2642.9,2500.0,1850.0,700.0,2595.4333333333334,-0.125,-0.07499999999999996,2770.1
"Peas, dry",1996,2770.1,2642.9,1723.0,622.0,2637.6666666666665,-0.11142857142857143,-0.06864864864864861,2854.0
"Peas, dry",1997,2854.0,2770.1,2600.0,911.0,2755.6666666666665,0.46463022508038576,0.5089959373186304,1903.4
"Peas, dry",1998,1903.4,2854.0,788.0,414.0,2509.1666666666665,-0.5455543358946213,-0.696923076923077,1821.1
"Peas, dry",1999,1821.1,1903.4,346.0,190.0,2192.8333333333335,-0.5410628019323671,-0.5609137055837563,2612.0
"Peas, dry",2000,2612.0,1821.1,653.0,250.0,2112.1666666666665,0.3157894736842106,0.8872832369942196,1829.3
"Peas, dry",2001,1829.3,2612.0,150.0,82.0,2087.4666666666667,-0.6719999999999999,-0.7702909647779479,1902.3
"Peas, dry",2002,1902.3,1829.3,450.22,237.0,2114.5333333333333,1.8902439024390243,2.001466666666667,1857.1
"Peas, dry",2003,1857.1,1902.3,52.0,28.0,1862.8999999999999,-0.8818565400843882,-0.8845009106658966,1818.2
"Peas, dry",2004,1818.2,1857.1,60.0,33.0,1859.1999999999998,0.1785714285714286,0.15384615384615374,1795.1
"Peas, dry",2005,1795.1,1818.2,302.07,168.0,1823.4666666666665,4.090909090909091,4.0344999999999995,1842.1
"Peas, dry",2006,1842.1,1795.1,70.0,38.0,1818.4666666666665,-0.7738095238095238,-0.7682656337934916,1575.2
"Peas, dry",2007,1575.2,1842.1,63.01,40.0,1737.4666666666665,0.05263157894736836,-0.09985714285714287,1000.0
"Peas, dry",2008,1000.0,1575.2,20.0,20.0,1472.4333333333332,-0.5,-0.6825900650690366,1000.0
"Peas, dry",2009,1000.0,1000.0,20.0,20.0,1191.7333333333333,0.0,0.0,1000.0
"Peas, dry",2010,1000.0,1000.0,20.0,20.0,1000.0,0.0,0.0,818.2
"Peas, dry",2011,818.2,1000.0,9.0,11.0,939.4,-0.44999999999999996,-0.55,2171.4
"Peas, dry",2012,2171.4,818.2,608.0,280.0,1329.8666666666668,24.454545454545453,66.55555555555556,1823.5
"Peas, dry",2013,1823.5,2171.4,124.0,68.0,1604.3666666666668,-0.7571428571428571,-0.7960526315789473,2111.1
"Peas, green",1964,7244.4,6963.3,25109.0,3466.0,6746.166666666667,0.050939963614311745,0.09335946004789908,7450.5
"Peas, green",1965,7450.5,7244.4,21912.0,2941.0,7219.400000000001,-0.15147143681477204,-0.12732486359472694,7496.0
"Peas, green",1966,7496.0,7450.5,25584.0,3413.0,7396.966666666667,0.16048962937776268,0.16757940854326403,7659.5
"Peas, green",1967,7659.5,7496.0,32231.0,4208.0,7535.333333333333,0.23293290360386765,0.25981081926203875,4945.1
"Peas, green",1968,4945.1,7659.5,27000.0,5460.0,6700.2,0.2975285171102662,-0.16229716732338428,6347.9
"Peas, green",1969,6347.9,4945.1,32000.0,5041.0,6317.5,-0.07673992673992669,0.18518518518518512,5441.3
"Peas, green",1970,5441.3,6347.9,32000.0,5881.0,5578.099999999999,0.1666336044435628,0.0,5356.3
"Peas, green",1971,5356.3,5441.3,36000.0,6721.0,5715.166666666667,0.1428328515558579,0.125,5101.2
"Peas, green",1972,5101.2,5356.3,30000.0,5881.0,5299.599999999999,-0.12498140157714621,-0.16666666666666663,5271.2
"Peas, green",1973,5271.2,5101.2,31000.0,5881.0,5242.900000000001,0.0,0.03333333333333344,5101.2
"Peas, green",1974,5101.2,5271.2,30000.0,5881.0,5157.866666666666,0.0,-0.032258064516129004,5127.3
"Peas, green",1975,5127.3,5101.2,28000.0,5461.0,5166.566666666667,-0.07141642577792895,-0.06666666666666665,7161.3
"Peas, green",1976,7161.3,5127.3,36100.0,5041.0,5796.599999999999,-0.07690899102728443,0.28928571428571437,5987.8
"Peas, green",1977,5987.8,7161.3,44543.0,7439.0,6092.133333333334,0.4756992660186472,0.2338781163434902,6635.1
"Peas, green",1978,6635.1,5987.8,44800.0,6752.0,6594.733333333334,-0.09235112246269661,0.0057697056776597755,6859.0
"Peas, green",1979,6859.0,6635.1,34583.0,5042.0,6493.966666666667,-0.25325829383886256,-0.22805803571428573,8202.7
"Peas, green",1980,8202.7,6859.0,44721.0,5452.0,7232.266666666667,0.08131693772312576,0.29314981349217817,8408.3
"Peas, green",1981,8408.3,8202.7,48886.0,5814.0,7823.333333333333,0.06639765223771099,0.09313298003175241,8757.1
"Peas, green",1982,8757.1,8408.3,49399.0,5641.0,8456.033333333333,-0.02975576195390439,0.010493801906476197,8735.8
"Peas, green",1983,8735.8,8757.1,59045.0,6759.0,8633.733333333332,0.19819180996277264,0.19526711067025637,9127.0
"Peas, green",1984,9127.0,8735.8,69000.0,7560.0,8873.300000000001,0.118508655126498,0.16860022017105591,8963.6
"Peas, green",1985,8963.6,9127.0,64000.0,7140.0,8942.133333333333,-0.05555555555555558,-0.07246376811594202,9404.8
"Peas, green",1986,9404.8,8963.6,79000.0,8400.0,9165.133333333333,0.17647058823529416,0.234375,10714.3
"Peas, green",1987,10714.3,9404.8,81000.0,7560.0,9694.233333333334,-0.09999999999999998,0.025316455696202445,11152.9
"Peas, green",1988,11152.9,10714.3,89000.0,7980.0,10424.0,0.05555555555555558,0.09876543209876543,10884.4
"Peas, green",1989,10884.4,11152.9,96000.0,8820.0,10917.199999999999,0.10526315789473695,0.0786516853932584,11278.2
"Peas, green",1990,11278.2,10884.4,90000.0,7980.0,11105.166666666666,-0.09523809523809523,-0.0625,11337.9
"Peas, green",1991,11337.9,11278.2,100000.0,8820.0,11166.833333333334,0.10526315789473695,0.11111111111111116,11059.5
"Peas, green",1992,11059.5,11337.9,101006.0,9133.0,11225.199999999999,0.03548752834467117,0.010059999999999958,11087.0
"Peas, green",1993,11087.0,11059.5,102000.0,9200.0,11161.466666666667,0.007336034161830707,0.009840999544581619,11075.3
"Peas, green",1994,11075.3,11087.0,103000.0,9300.0,11073.933333333332,0.010869565217391353,0.009803921568627416,11170.2
"Peas, green",1995,11170.2,11075.3,105000.0,9400.0,11110.833333333334,0.010752688172043001,0.01941747572815533,10454.8
"Peas, green",1996,10454.8,11170.2,218808.0,20929.0,10900.099999999999,1.2264893617021277,1.0838857142857141,11210.4
"Peas, green",1997,11210.4,10454.8,126812.0,11312.0,10945.133333333333,-0.4595059486836447,-0.4204416657526233,8523.6
"Peas, green",1998,8523.6,11210.4,153545.0,18014.0,10062.933333333332,0.5924681753889676,0.21080812541399863,7190.6
"Peas, green",1999,7190.6,8523.6,158818.0,22087.0,8974.866666666667,0.22610192072832236,0.03434172392458246,8262.4
"Peas, green",2000,8262.4,7190.6,189110.0,22888.0,7992.2,0.036265676642368794,0.19073404777795977,9680.4
"Peas, green",2001,9680.4,8262.4,339994.0,35122.0,8377.800000000001,0.5345159035302343,0.7978636772248955,9522.3
"Peas, green",2002,9522.3,9680.4,227135.0,23853.0,9155.033333333333,-0.3208530265930186,-0.3319440931310552,9959.7
"Peas, green",2003,9959.7,9522.3,234331.0,23528.0,9720.800000000001,-0.013625120529912382,0.03168159904902379,9797.7
"Peas, green",2004,9797.7,9959.7,257454.0,26277.0,9759.9,0.11683951037062235,0.09867665823130523,10436.8
"Peas, green",2005,10436.8,9797.7,293358.0,28108.0,10064.733333333335,0.06968070936560489,0.1394579225803445,10011.4
"Peas, green",2006,10011.4,10436.8,245180.0,24490.0,10081.966666666665,-0.12871780276077982,-0.1642293716210228,9841.1
"Peas, green",2007,9841.1,10011.4,222703.0,22630.0,10096.433333333332,-0.07594936708860756,-0.09167550371155886,10158.3
"Peas, green",2008,10158.3,9841.1,262987.0,25889.0,10003.6,0.1440123729562528,0.18088665172898444,10599.1
"Peas, green",2009,10599.1,10158.3,285074.0,26896.0,10199.5,0.03889682876897527,0.08398513994988344,9964.7
"Peas, green",2010,9964.7,10599.1,282897.0,28390.0,10240.7,0.055547293277810716,-0.007636613651192281,10288.0
"Peas, green",2011,10288.0,9964.7,270740.0,26316.0,10283.933333333334,-0.0730538922155689,-0.042973237609447934,9963.8
"Peas, green",2012,9963.8,10288.0,225689.0,22651.0,10072.166666666666,-0.13926888584891317,-0.1663994976730443,8969.2
"Peas, green",2013,8969.2,9963.8,180631.0,20139.0,9740.333333333334,-0.11090018100746102,-0.19964641608585265,10259.4
Plums and sloes,1964,4314.0,5694.2,1044.0,242.0,4672.033333333333,0.0,-0.2423802612481858,7356.4
Plums and sloes,1965,7356.4,4314.0,2023.0,275.0,5788.2,0.13636363636363646,0.9377394636015326,7717.9
Plums and sloes,1966,7717.9,7356.4,2161.0,280.0,6462.766666666666,0.018181818181818077,0.0682155215027187,6798.2
Plums and sloes,1967,6798.2,7717.9,1482.0,218.0,7290.833333333333,-0.22142857142857142,-0.31420638593243866,4385.7
Plums and sloes,1968,4385.7,6798.2,1842.0,420.0,6300.599999999999,0.926605504587156,0.2429149797570851,2381.0
Plums and sloes,1969,2381.0,4385.7,1000.0,420.0,4521.633333333332,0.0,-0.4571118349619978,2381.0
Plums and sloes,1970,2381.0,2381.0,1000.0,420.0,3049.233333333333,0.0,0.0,2381.0
Plums and sloes,1971,2381.0,2381.0,1000.0,420.0,2381.0,0.0,0.0,2381.0
Plums and sloes,1972,2381.0,2381.0,1000.0,420.0,2381.0,0.0,0.0,2381.0
Plums and sloes,1973,2381.0,2381.0,1000.0,420.0,2381.0,0.0,0.0,4761.9
Plums and sloes,1974,4761.9,2381.0,2000.0,420.0,3174.6333333333328,0.0,1.0,4523.8
Plums and sloes,1975,4523.8,4761.9,1900.0,420.0,3888.8999999999996,0.0,-0.050000000000000044,4761.9
Plums and sloes,1976,4761.9,4523.8,2000.0,420.0,4682.533333333333,0.0,0.05263157894736836,2906.6
Plums and sloes,1977,2906.6,4761.9,2334.0,803.0,4064.1,0.911904761904762,0.16700000000000004,2752.4
Plums and sloes,1978,2752.4,2906.6,2634.0,957.0,3473.6333333333328,0.19178082191780832,0.1285347043701799,3698.9
Plums and sloes,1979,3698.9,2752.4,4213.0,1139.0,3119.2999999999997,0.19017763845350055,0.5994684889901292,4052.6
Plums and sloes,1980,4052.6,3698.9,5086.0,1255.0,3501.2999999999993,0.10184372256365237,0.2072157607405649,3075.1
Plums and sloes,1981,3075.1,4052.6,5975.0,1943.0,3608.8666666666663,0.548207171314741,0.17479355092410542,4185.2
Plums and sloes,1982,4185.2,3075.1,8270.0,1976.0,3770.9666666666667,0.016984045290787453,0.38410041841004183,10000.0
Plums and sloes,1983,10000.0,4185.2,21000.0,2100.0,5753.433333333333,0.06275303643724706,1.5392986698911728,8800.0
Plums and sloes,1984,8800.0,10000.0,22000.0,2500.0,7661.733333333333,0.19047619047619047,0.04761904761904767,9127.0
Plums and sloes,1985,9127.0,8800.0,23000.0,2520.0,9309.0,0.008000000000000007,0.045454545454545414,7823.1
Plums and sloes,1986,7823.1,9127.0,23000.0,2940.0,8583.366666666667,0.16666666666666674,0.0,8928.6
Plums and sloes,1987,8928.6,7823.1,30000.0,3360.0,8626.233333333332,0.1428571428571428,0.30434782608695654,10416.7
Plums and sloes,1988,10416.7,8928.6,35000.0,3360.0,9056.133333333333,0.0,0.16666666666666674,10401.2
Plums and sloes,1989,10401.2,10416.7,35000.0,3365.0,9915.5,0.0014880952380953438,0.0,14561.7
Plums and sloes,1990,14561.7,10401.2,49000.0,3365.0,11793.200000000003,0.0,0.3999999999999999,13487.2
Plums and sloes,1991,13487.2,14561.7,46315.0,3434.0,12816.699999999999,0.020505200594353568,-0.054795918367346985,8110.2
Plums and sloes,1992,8110.2,13487.2,27072.0,3338.0,12053.033333333335,-0.02795573675014562,-0.41548094569793803,9031.5
Plums and sloes,1993,9031.5,8110.2,30698.0,3399.0,10209.633333333333,0.01827441581785494,0.13393912529550822,13015.9
Plums and sloes,1994,13015.9,9031.5,41000.0,3150.0,10052.533333333333,-0.07325684024713153,0.3355918952374748,15333.3
Plums and sloes,1995,15333.3,13015.9,46000.0,3000.0,12460.233333333332,-0.04761904761904767,0.12195121951219523,18672.7
Plums and sloes,1996,18672.7,15333.3,51238.0,2744.0,15673.966666666667,-0.08533333333333337,0.11386956521739133,18429.1
Plums and sloes,1997,18429.1,18672.7,47068.0,2554.0,17478.366666666665,-0.06924198250728864,-0.08138490963737854,15286.9
Plums and sloes,1998,15286.9,18429.1,34793.0,2276.0,17462.9,-0.10884886452623332,-0.26079289538539985,11522.1
Plums and sloes,1999,11522.1,15286.9,22203.0,1927.0,15079.366666666667,-0.15333919156414766,-0.3618543959991952,11073.1
Plums and sloes,2000,11073.1,11522.1,20452.0,1847.0,12627.366666666667,-0.041515308770109005,-0.07886321668243035,10337.9
Plums and sloes,2001,10337.9,11073.1,17502.0,1693.0,10977.699999999999,-0.0833784515430428,-0.14424017211030704,9877.9
Plums and sloes,2002,9877.9,10337.9,16180.0,1638.0,10429.633333333333,-0.03248670998227998,-0.0755342246600389,13426.0
Plums and sloes,2003,13426.0,9877.9,19763.0,1472.0,11213.933333333334,-0.10134310134310132,0.2214462299134734,12508.5
Plums and sloes,2004,12508.5,13426.0,15523.0,1241.0,11937.466666666667,-0.15692934782608692,-0.21454232656985273,13784.6
Plums and sloes,2005,13784.6,12508.5,17148.0,1244.0,13239.699999999999,0.00241740531829171,0.10468337305933129,14400.0
Plums and sloes,2006,14400.0,13784.6,18000.0,1250.0,13564.366666666667,0.004823151125401992,0.049685094471658475,13932.2
Plums and sloes,2007,13932.2,14400.0,15423.0,1107.0,14038.933333333334,-0.11439999999999995,-0.14316666666666666,16507.9
Plums and sloes,2008,16507.9,13932.2,16706.0,1012.0,14946.700000000003,-0.08581752484191507,0.08318744731893934,14958.2
Plums and sloes,2009,14958.2,16507.9,15392.0,1029.0,15132.766666666668,0.01679841897233203,-0.07865437567341071,13680.0
Plums and sloes,2010,13680.0,14958.2,13981.0,1022.0,15048.700000000003,-0.006802721088435382,-0.09167099792099798,7133.5
Plums and sloes,2011,7133.5,13680.0,7376.0,1034.0,11923.9,0.011741682974559797,-0.47242686503111364,12214.1
Plums and sloes,2012,12214.1,7133.5,12666.0,1037.0,11009.199999999999,0.0029013539651836506,0.7171908893709327,14251.6
Plums and sloes,2013,14251.6,12214.1,15520.0,1089.0,11199.733333333332,0.05014464802314378,0.22532764882362222,12468.9
Pomelos and grapefruits,1968,8920.0,6240.0,223.0,25.0,8400.0,0.0,0.4294871794871795,10041.7
Pomelos and grapefruits,1969,10041.7,8920.0,241.0,24.0,8400.566666666668,-0.040000000000000036,0.08071748878923768,9458.3
Pomelos and grapefruits,1970,9458.3,10041.7,227.0,24.0,9473.333333333334,0.0,-0.05809128630705396,14285.7
Pomelos and grapefruits,1971,14285.7,9458.3,300.0,21.0,11261.9,-0.125,0.3215859030837005,13087.0
Pomelos and grapefruits,1972,13087.0,14285.7,301.0,23.0,12277.0,0.09523809523809534,0.0033333333333334103,9236.8
Pomelos and grapefruits,1973,9236.8,13087.0,351.0,38.0,12203.166666666666,0.6521739130434783,0.1661129568106312,8550.0
Pomelos and grapefruits,1974,8550.0,9236.8,342.0,40.0,10291.266666666666,0.05263157894736836,-0.02564102564102566,8638.3
Pomelos and grapefruits,1975,8638.3,8550.0,406.0,47.0,8808.366666666667,0.17500000000000004,0.1871345029239766,4576.5
Pomelos and grapefruits,1976,4576.5,8638.3,389.0,85.0,7254.933333333333,0.8085106382978724,-0.041871921182266014,4978.9
Pomelos and grapefruits,1977,4978.9,4576.5,473.0,95.0,6064.566666666666,0.11764705882352944,0.21593830334190223,5411.1
Pomelos and grapefruits,1978,5411.1,4978.9,487.0,90.0,4988.833333333333,-0.052631578947368474,0.029598308668076,4875.0
Pomelos and grapefruits,1979,4875.0,5411.1,780.0,160.0,5088.333333333333,0.7777777777777777,0.6016427104722792,8932.9
Pomelos and grapefruits,1980,8932.9,4875.0,1465.0,164.0,6406.333333333333,0.02499999999999991,0.8782051282051282,5732.6
Pomelos and grapefruits,1981,5732.6,8932.9,1565.0,273.0,6513.5,0.6646341463414633,0.06825938566552892,5532.8
Pomelos and grapefruits,1982,5532.8,5732.6,1516.0,274.0,6732.766666666666,0.00366300366300365,-0.03130990415335466,17391.3
Pomelos and grapefruits,1983,17391.3,5532.8,2000.0,115.0,9552.233333333332,-0.5802919708029197,0.3192612137203166,17440.0
Pomelos and grapefruits,1984,17440.0,17391.3,3488.0,200.0,13454.700000000003,0.7391304347826086,0.744,17391.3
Pomelos and grapefruits,1985,17391.3,17440.0,2000.0,115.0,17407.533333333333,-0.42500000000000004,-0.42660550458715596,19130.4
Pomelos and grapefruits,1986,19130.4,17391.3,2200.0,115.0,17987.233333333334,0.0,0.10000000000000009,16666.7
Pomelos and grapefruits,1987,16666.7,19130.4,2000.0,120.0,17729.466666666664,0.04347826086956519,-0.09090909090909094,14400.0
Pomelos and grapefruits,1988,14400.0,16666.7,1800.0,125.0,16732.36666666667,0.04166666666666674,-0.09999999999999998,11519.1
Pomelos and grapefruits,1989,11519.1,14400.0,1509.0,131.0,14195.266666666668,0.04800000000000004,-0.16166666666666663,14709.7
Pomelos and grapefruits,1990,14709.7,11519.1,1824.0,124.0,13542.933333333334,-0.05343511450381677,0.20874751491053667,19360.4
Pomelos and grapefruits,1991,19360.4,14709.7,2149.0,111.0,15196.400000000001,-0.10483870967741937,0.17817982456140347,20236.4
Pomelos and grapefruits,1992,20236.4,19360.4,2226.0,110.0,18102.166666666668,-0.009009009009009028,0.03583061889250816,19154.9
Pomelos and grapefruits,1993,19154.9,20236.4,1360.0,71.0,19583.9,-0.3545454545454545,-0.3890386343216532,18000.0
Pomelos and grapefruits,1994,18000.0,19154.9,1800.0,100.0,19130.433333333334,0.408450704225352,0.32352941176470584,14852.5
Pomelos and grapefruits,1995,14852.5,18000.0,906.0,61.0,17335.8,-0.39,-0.4966666666666667,13641.4
Pomelos and grapefruits,1996,13641.4,14852.5,1978.0,145.0,15497.966666666667,1.377049180327869,1.183222958057395,13705.5
Pomelos and grapefruits,1997,13705.5,13641.4,2001.0,146.0,14066.466666666667,0.006896551724137945,0.011627906976744207,14455.4
Pomelos and grapefruits,1998,14455.4,13705.5,2920.0,202.0,13934.1,0.3835616438356164,0.4592703648175913,11377.6
Pomelos and grapefruits,1999,11377.6,14455.4,2230.0,196.0,13179.5,-0.02970297029702973,-0.23630136986301364,13666.7
Pomelos and grapefruits,2000,13666.7,11377.6,2993.0,219.0,13166.566666666666,0.11734693877551017,0.3421524663677129,13324.4
Pomelos and grapefruits,2001,13324.4,13666.7,2998.0,225.0,12789.566666666666,0.027397260273972712,0.0016705646508519134,14474.2
Pomelos and grapefruits,2002,14474.2,13324.4,3083.0,213.0,13821.766666666668,-0.053333333333333344,0.028352234823215472,15797.0
Pomelos and grapefruits,2003,15797.0,14474.2,3112.0,197.0,14531.866666666667,-0.07511737089201875,0.009406422315926033,15849.7
Pomelos and grapefruits,2004,15849.7,15797.0,3059.0,193.0,15373.633333333333,-0.02030456852791873,-0.017030848329048887,16026.0
Pomelos and grapefruits,2005,16026.0,15849.7,3077.0,192.0,15890.9,-0.005181347150259086,0.00588427590715912,16578.9
Pomelos and grapefruits,2006,16578.9,16026.0,3150.0,190.0,16151.533333333335,-0.01041666666666663,0.023724406889827687,8860.5
Pomelos and grapefruits,2007,8860.5,16578.9,3810.0,430.0,13821.800000000001,1.263157894736842,0.20952380952380945,11912.2
Pomelos and grapefruits,2008,11912.2,8860.5,3800.0,319.0,12450.533333333335,-0.2581395348837209,-0.002624671916010457,7432.9
Pomelos and grapefruits,2009,7432.9,11912.2,2215.0,298.0,9401.866666666667,-0.0658307210031348,-0.41710526315789476,17677.4
Pomelos and grapefruits,2010,17677.4,7432.9,2192.0,124.0,12340.833333333334,-0.5838926174496644,-0.010383747178329572,16947.0
Pomelos and grapefruits,2011,16947.0,17677.4,2237.0,132.0,14019.1,0.06451612903225801,0.020529197080291883,15563.5
Pomelos and grapefruits,2012,15563.5,16947.0,2536.85,163.0,16729.3,0.23484848484848486,0.1340411265087169,17101.3
Pomelos and grapefruits,2013,17101.3,15563.5,2702.0,158.0,16537.266666666666,-0.030674846625766916,0.06510041981197157,16987.1
Potatoes,1964,16727.2,14631.3,420371.0,25131.0,16108.066666666666,0.03680019802797152,0.18531562192477624,16385.2
Potatoes,1965,16385.2,16727.2,376287.0,22965.0,15914.566666666666,-0.08618837292586845,-0.10486927023985959,18029.2
Potatoes,1966,18029.2,16385.2,440849.0,24452.0,17047.2,0.06475070759851942,0.1715764828442119,14460.6
Potatoes,1967,14460.6,18029.2,324323.0,22428.0,16291.666666666666,-0.08277441518076234,-0.2643217972593791,15948.7
Potatoes,1968,15948.7,14460.6,278480.0,17461.0,16146.166666666666,-0.22146424112716245,-0.141349827178461,16770.3
Potatoes,1969,16770.3,15948.7,472000.0,28145.0,15726.533333333335,0.6118778993184812,0.6949152542372881,16341.4
Potatoes,1970,16341.4,16770.3,487398.0,29826.0,16353.466666666667,0.059726416770296664,0.032622881355932165,16972.7
Potatoes,1971,16972.7,16341.4,549000.0,32346.0,16694.8,0.08449004224502121,0.12638952149988314,16344.3
Potatoes,1972,16344.3,16972.7,450596.0,27569.0,16552.800000000003,-0.14768441229209173,-0.17924225865209475,16890.1
Potatoes,1973,16890.1,16344.3,596000.0,35287.0,16735.7,0.2799521201349342,0.3226926115633517,17921.3
Potatoes,1974,17921.3,16890.1,798000.0,44528.0,17051.9,0.26188114603111634,0.3389261744966443,17740.8
Potatoes,1975,17740.8,17921.3,708000.0,39908.0,17517.400000000005,-0.1037549407114624,-0.1127819548872181,17489.3
Potatoes,1976,17489.3,17740.8,720000.0,41168.0,17717.133333333335,0.031572617019143934,0.016949152542372836,16549.1
Potatoes,1977,16549.1,17489.3,894000.0,54021.0,17259.733333333334,0.3122085114652158,0.2416666666666667,15756.3
Potatoes,1978,15756.3,16549.1,1010801.0,64152.0,16598.233333333337,0.1875381795968234,0.1306498881431768,13933.9
Potatoes,1979,13933.9,15756.3,772675.0,55453.0,15413.1,-0.13559982541464022,-0.23558148438713455,17060.9
Potatoes,1980,17060.9,13933.9,1018725.0,59711.0,15583.700000000003,0.07678574648801684,0.31843918853334197,17278.5
Potatoes,1981,17278.5,17060.9,1213887.0,70254.0,16091.1,0.17656713168427918,0.1915747625708606,17858.7
Potatoes,1982,17858.7,17278.5,1194870.0,66907.0,17399.36666666667,-0.04764141543542,-0.015666202867318013,18500.0
Potatoes,1983,18500.0,17858.7,1184000.0,64000.0,17879.06666666667,-0.04344836863108492,-0.009097223965787049,19026.9
Potatoes,1984,19026.9,18500.0,1095000.0,57550.0,18461.86666666667,-0.10078125000000004,-0.07516891891891897,19125.0
Potatoes,1985,19125.0,19026.9,1189000.0,62170.0,18883.96666666667,0.08027801911381416,0.0858447488584475,19882.0
Potatoes,1986,19882.0,19125.0,1478229.0,74350.0,19344.633333333335,0.19591442818079452,0.24325399495374267,19575.3
Potatoes,1987,19575.3,19882.0,1430760.0,73090.0,19527.433333333334,-0.016946872898453313,-0.032112074651491795,22560.1
Potatoes,1988,22560.1,19575.3,1800748.0,79820.0,20672.466666666664,0.09207825967984684,0.25859543179848465,21412.4
Potatoes,1989,21412.4,22560.1,1862018.0,86960.0,21182.600000000002,0.08945126534703074,0.034024749715118485,22413.5
Potatoes,1990,22413.5,21412.4,1657029.0,73930.0,22128.666666666668,-0.14983900643974246,-0.1100896983810038,20559.2
Potatoes,1991,20559.2,22413.5,1637807.0,79663.0,21461.7,0.07754632760719593,-0.011600279777843392,20234.5
Potatoes,1992,20234.5,20559.2,1786057.0,88268.0,21069.06666666667,0.10801752381908791,0.0905173808635571,20907.1
Potatoes,1993,20907.1,20234.5,1618650.0,77421.0,20566.933333333334,-0.12288711650881412,-0.09372993135157504,20779.2
Potatoes,1994,20779.2,20907.1,1600000.0,77000.0,20640.266666666666,-0.0054378011133929816,-0.011521947301763813,20448.7
Potatoes,1995,20448.7,20779.2,1324649.0,64779.0,20711.666666666668,-0.1587142857142857,-0.17209437500000002,21124.4
Potatoes,1996,21124.4,20448.7,2599100.0,123038.0,20784.100000000002,0.8993500980255946,0.9621046782959108,20204.8
Potatoes,1997,20204.8,21124.4,2626021.0,129970.0,20592.633333333335,0.05634031762544911,0.010357816167134715,21835.5
Potatoes,1998,21835.5,20204.8,1802761.0,82561.0,21054.900000000005,-0.36476879279833807,-0.3135009202135093,22330.2
Potatoes,1999,22330.2,21835.5,1984013.0,88849.0,21456.833333333332,0.07616186819442583,0.10054133631690498,23291.5
Potatoes,2000,23291.5,22330.2,1808890.0,77663.0,22485.733333333337,-0.12589899717498232,-0.08826706276622176,23593.1
Potatoes,2001,23593.1,23291.5,1769910.0,75018.0,23071.600000000002,-0.034057401851589564,-0.021549126812575703,23873.9
Potatoes,2002,23873.9,23593.1,1903134.0,79716.0,23586.166666666668,0.06262497000719836,0.07527162398088039,24038.2
Potatoes,2003,24038.2,23873.9,1985317.0,82590.0,23835.06666666667,0.03605298810778268,0.04318298133499798,24615.0
Potatoes,2004,24615.0,24038.2,2039351.0,82850.0,24175.7,0.003148080881462567,0.02721681222696426,24444.3
Potatoes,2005,24444.3,24615.0,2546610.0,104180.0,24365.833333333332,0.25745322872661447,0.24873550457964333,25082.6
Potatoes,2006,25082.6,24444.3,3167430.0,126280.0,24713.966666666664,0.21213284699558455,0.24378291139986108,25008.5
Potatoes,2007,25008.5,25082.6,2312790.0,92480.0,24845.13333333333,-0.2676591700981945,-0.26982127466116057,25571.7
Potatoes,2008,25571.7,25008.5,2760460.0,107950.0,25220.933333333334,0.16727941176470584,0.1935627532114892,25939.0
Potatoes,2009,25939.0,25571.7,3567050.0,137517.0,25506.400000000005,0.2738953219082909,0.292194054614086,26424.1
Potatoes,2010,26424.1,25939.0,3659284.0,138483.0,25978.266666666666,0.00702458605117906,0.025857220952888227,25921.1
Potatoes,2011,25921.1,26424.1,3643217.0,140550.0,26094.733333333334,0.014926019800264312,-0.004390749665781568,26431.1
Potatoes,2012,26431.1,25921.1,4338431.0,164141.0,26258.766666666666,0.1678477410174315,0.19082420838506198,26853.1
Potatoes,2013,26853.1,26431.1,4758040.0,177188.0,26401.766666666666,0.07948653901219083,0.09671906733102364,26627.6
"Pumpkins, squash and gourds",1964,17109.3,16992.3,230000.0,13443.0,16868.966666666664,0.1035133803973074,0.11111111111111116,16886.1
"Pumpkins, squash and gourds",1965,16886.1,17109.3,227000.0,13443.0,16995.899999999998,0.0,-0.013043478260869601,17225.8
"Pumpkins, squash and gourds",1966,17225.8,16886.1,228139.0,13244.0,17073.733333333334,-0.014803243323662896,0.005017621145374518,17818.4
"Pumpkins, squash and gourds",1967,17818.4,17225.8,269610.0,15131.0,17310.1,0.14247961340984605,0.18177952914670437,16554.8
"Pumpkins, squash and gourds",1968,16554.8,17818.4,282756.0,17080.0,17199.666666666668,0.1288084065825128,0.048759319016356883,17220.4
"Pumpkins, squash and gourds",1969,17220.4,16554.8,340000.0,19744.0,17197.86666666667,0.1559718969555035,0.2024501690503473,17905.2
"Pumpkins, squash and gourds",1970,17905.2,17220.4,346000.0,19324.0,17226.8,-0.021272285251215606,0.01764705882352935,17509.5
"Pumpkins, squash and gourds",1971,17509.5,17905.2,331000.0,18904.0,17545.033333333336,-0.021734630511281328,-0.043352601156069315,18284.0
"Pumpkins, squash and gourds",1972,18284.0,17509.5,361000.0,19744.0,17899.566666666666,0.044435040203131715,0.0906344410876132,18250.9
"Pumpkins, squash and gourds",1973,18250.9,18284.0,322000.0,17643.0,18014.8,-0.10641207455429502,-0.10803324099722988,17302.4
"Pumpkins, squash and gourds",1974,17302.4,18250.9,298000.0,17223.0,17945.766666666666,-0.02380547525930965,-0.07453416149068326,17660.4
"Pumpkins, squash and gourds",1975,17660.4,17302.4,319000.0,18063.0,17737.9,0.04877199094234452,0.07046979865771807,17966.2
"Pumpkins, squash and gourds",1976,17966.2,17660.4,349550.0,19456.0,17643.0,0.07711897248519062,0.0957680250783699,18397.2
"Pumpkins, squash and gourds",1977,18397.2,17966.2,377657.0,20528.0,18007.933333333334,0.05509868421052633,0.08040909741095703,18334.0
"Pumpkins, squash and gourds",1978,18334.0,18397.2,394914.0,21540.0,18232.466666666667,0.04929851909586902,0.04569490304694468,18161.8
"Pumpkins, squash and gourds",1979,18161.8,18334.0,427673.0,23548.0,18297.666666666668,0.09322191272052005,0.08295223770238591,18984.7
"Pumpkins, squash and gourds",1980,18984.7,18161.8,454987.0,23966.0,18493.5,0.01775097672838455,0.06386655224903137,18691.0
"Pumpkins, squash and gourds",1981,18691.0,18984.7,438884.0,23481.0,18612.5,-0.020237002420095185,-0.03539221999749442,18254.5
"Pumpkins, squash and gourds",1982,18254.5,18691.0,444259.0,24337.0,18643.399999999998,0.036455006175205584,0.01224697186500312,18831.0
"Pumpkins, squash and gourds",1983,18831.0,18254.5,455974.0,24214.0,18592.166666666668,-0.00505403295393847,0.026369752779347166,18412.7
"Pumpkins, squash and gourds",1984,18412.7,18831.0,464000.0,25200.0,18499.399999999998,0.04072024448666056,0.017601880808993497,19087.3
"Pumpkins, squash and gourds",1985,19087.3,18412.7,481000.0,25200.0,18777.0,0.0,0.03663793103448265,18571.4
"Pumpkins, squash and gourds",1986,18571.4,19087.3,468000.0,25200.0,18690.466666666667,0.0,-0.027027027027026973,19002.6
"Pumpkins, squash and gourds",1987,19002.6,18571.4,503000.0,26470.0,18887.1,0.05039682539682544,0.07478632478632474,18874.5
"Pumpkins, squash and gourds",1988,18874.5,19002.6,436000.0,23100.0,18816.166666666668,-0.1273139403097847,-0.13320079522862827,17810.8
"Pumpkins, squash and gourds",1989,17810.8,18874.5,419000.0,23525.0,18562.63333333333,0.018398268398268414,-0.03899082568807344,17523.8
"Pumpkins, squash and gourds",1990,17523.8,17810.8,368000.0,21000.0,18069.7,-0.10733262486716255,-0.12171837708830546,18200.4
"Pumpkins, squash and gourds",1991,18200.4,17523.8,392000.0,21538.0,17845.0,0.025619047619047652,0.0652173913043479,17765.5
"Pumpkins, squash and gourds",1992,17765.5,18200.4,395585.0,22267.0,17829.899999999998,0.03384715386758286,0.009145408163265367,16654.5
"Pumpkins, squash and gourds",1993,16654.5,17765.5,342051.0,20538.0,17540.133333333335,-0.07764853819553597,-0.13532869042051643,16857.1
"Pumpkins, squash and gourds",1994,16857.1,16654.5,354000.0,21000.0,17092.366666666665,0.02249488752556239,0.0349333871264812,16666.7
"Pumpkins, squash and gourds",1995,16666.7,16857.1,375000.0,22500.0,16726.100000000002,0.0714285714285714,0.05932203389830515,16761.6
"Pumpkins, squash and gourds",1996,16761.6,16666.7,438500.0,26161.0,16761.8,0.16271111111111103,0.16933333333333334,17874.5
"Pumpkins, squash and gourds",1997,17874.5,16761.6,498322.0,27879.0,17100.933333333334,0.06567027254309843,0.13642417331812995,17751.1
"Pumpkins, squash and gourds",1998,17751.1,17874.5,568035.0,32000.0,17462.399999999998,0.14781735356361425,0.13989548926196305,17609.2
"Pumpkins, squash and gourds",1999,17609.2,17751.1,616323.0,35000.0,17744.93333333333,0.09375,0.08500884628588024,17465.5
"Pumpkins, squash and gourds",2000,17465.5,17609.2,648845.0,37150.0,17608.600000000002,0.06142857142857139,0.052767785722745986,17764.1
"Pumpkins, squash and gourds",2001,17764.1,17465.5,719090.0,40480.0,17612.93333333333,0.08963660834454923,0.10826160331049794,18063.1
"Pumpkins, squash and gourds",2002,18063.1,17764.1,706829.0,39131.0,17764.233333333334,-0.03332509881422929,-0.01705071687827675,17970.0
"Pumpkins, squash and gourds",2003,17970.0,18063.1,672940.0,37448.0,17932.399999999998,-0.04300937875341804,-0.04794511826764325,18032.2
"Pumpkins, squash and gourds",2004,18032.2,17970.0,802235.0,44489.0,18021.766666666666,0.1880207220679342,0.19213451422117878,17625.2
"Pumpkins, squash and gourds",2005,17625.2,18032.2,678254.0,38482.0,17875.8,-0.1350221403043449,-0.15454449132735415,17602.0
"Pumpkins, squash and gourds",2006,17602.0,17625.2,690000.0,39200.0,17753.133333333335,0.01865807390468266,0.017317995913035622,17686.2
"Pumpkins, squash and gourds",2007,17686.2,17602.0,698606.0,39500.0,17637.8,0.007653061224489832,0.012472463768115949,18070.2
"Pumpkins, squash and gourds",2008,18070.2,17686.2,724579.0,40098.0,17786.133333333335,0.015139240506329088,0.03717832369032048,17468.6
"Pumpkins, squash and gourds",2009,17468.6,18070.2,651859.0,37316.0,17741.666666666668,-0.06938001895356372,-0.10036172729267612,18028.2
"Pumpkins, squash and gourds",2010,18028.2,17468.6,624893.0,34662.0,17855.666666666668,-0.07112230678529319,-0.0413678418185528,18866.5
"Pumpkins, squash and gourds",2011,18866.5,18028.2,658234.0,34889.0,18121.100000000002,0.006548958513646008,0.053354734330517406,17836.6
"Pumpkins, squash and gourds",2012,17836.6,18866.5,633557.0,35520.0,18243.766666666666,0.01808592966264433,-0.0374897073077356,18106.7
"Pumpkins, squash and gourds",2013,18106.7,17836.6,559606.0,30906.0,18269.933333333334,-0.12989864864864864,-0.11672351501127765,18297.8
Quinces,1994,9333.3,8000.0,28.0,3.0,8777.766666666666,-0.25,-0.125,10000.0
Quinces,1995,10000.0,9333.3,30.0,3.0,9111.1,0.0,0.0714285714285714,9333.3
Quinces,1996,9333.3,10000.0,28.0,3.0,9555.533333333333,0.0,-0.06666666666666665,9787.7
Quinces,1997,9787.7,9333.3,29.36,3.0,9707.0,0.0,0.04857142857142849,10000.0
Quinces,1998,10000.0,9787.7,30.0,3.0,9707.0,0.0,0.021798365122615904,8000.0
Quinces,1999,8000.0,10000.0,32.0,4.0,9262.566666666668,0.33333333333333326,0.06666666666666665,8750.0
Quinces,2000,8750.0,8000.0,35.0,4.0,8916.666666666666,0.0,0.09375,8658.8
Quinces,2001,8658.8,8750.0,34.64,4.0,8469.6,0.0,-0.010285714285714231,8892.9
Quinces,2002,8892.9,8658.8,35.57,4.0,8767.233333333332,0.0,0.026847575057736606,9136.4
Quinces,2003,9136.4,8892.9,36.55,4.0,8896.033333333333,0.0,0.02755130728141686,8987.2
Quinces,2004,8987.2,9136.4,35.95,4.0,9005.5,0.0,-0.01641586867305045,9126.4
Quinces,2005,9126.4,8987.2,36.51,4.0,9083.333333333334,0.0,0.015577190542419794,9251.6
Quinces,2006,9251.6,9126.4,37.01,4.0,9121.733333333334,0.0,0.013694878115584785,9376.9
Quinces,2007,9376.9,9251.6,37.51,4.0,9251.633333333333,0.0,0.013509862199405642,7606.7
Quinces,2008,7606.7,9376.9,38.03,5.0,8745.066666666666,0.25,0.013862969874700148,7600.0
Quinces,2009,7600.0,7606.7,38.0,5.0,8194.533333333333,0.0,-0.0007888509071786176,8000.0
Quinces,2010,8000.0,7600.0,40.0,5.0,7735.566666666667,0.0,0.05263157894736836,8073.5
Quinces,2011,8073.5,8000.0,40.37,5.0,7891.166666666667,0.0,0.00924999999999998,8292.2
Quinces,2012,8292.2,8073.5,41.46,5.0,8121.900000000001,0.0,0.02700024770869458,8262.1
Quinces,2013,8262.1,8292.2,41.31,5.0,8209.266666666668,0.0,-0.00361794500723589,8373.3
Rice,1964,5506.2,5839.5,2219000.0,403000.0,5466.266666666666,0.15472779369627498,0.08881256133464177,5039.6
Rice,1965,5039.6,5506.2,2036000.0,404000.0,5461.766666666666,0.002481389578163684,-0.08246958089229384,5025.3
Rice,1966,5025.3,5039.6,1789000.0,356000.0,5190.366666666667,-0.1188118811881188,-0.1213163064833006,4726.8
Rice,1967,4726.8,5025.3,1678000.0,355000.0,4930.566666666667,-0.002808988764044895,-0.0620458356623812,5039.8
Rice,1968,5039.8,4726.8,2278000.0,452000.0,4930.633333333333,0.2732394366197184,0.35756853396901067,5110.5
Rice,1969,5110.5,5039.8,2591000.0,507000.0,4959.033333333334,0.12168141592920345,0.13740122914837571,5101.6
Rice,1970,5101.6,5110.5,2561000.0,502000.0,5083.966666666666,-0.009861932938856066,-0.01157854110382095,5425.0
Rice,1971,5425.0,5101.6,2604000.0,480000.0,5212.366666666667,-0.043824701195219085,0.01679031628270211,5304.7
Rice,1972,5304.7,5425.0,2533690.0,477631.0,5277.099999999999,-0.004935416666666637,-0.027000768049155188,5207.6
Rice,1973,5207.6,5304.7,2507000.0,481412.0,5312.433333333333,0.007916152846025426,-0.010534043233386914,5431.9
Rice,1974,5431.9,5207.6,2275000.0,418820.0,5314.733333333334,-0.13001753176073716,-0.09254088552054252,5067.7
Rice,1975,5067.7,5431.9,2241688.0,442344.0,5235.733333333333,0.05616732725275764,-0.014642637362637378,5480.3
Rice,1976,5480.3,5067.7,2423446.0,442213.0,5326.633333333332,-0.0002961496030239319,0.0810808640631524,5077.0
Rice,1977,5077.0,5480.3,2300032.0,453030.0,5208.333333333333,0.024461062881462103,-0.050925005137312684,5203.9
Rice,1978,5203.9,5077.0,2272309.0,436652.0,5253.733333333334,-0.03615213120543892,-0.0120533105626357,5405.0
Rice,1979,5405.0,5203.9,2351000.0,434968.0,5228.633333333334,-0.0038566180848822462,0.0346304133812787,5721.2
Rice,1980,5721.2,5405.0,2511000.0,438891.0,5443.366666666667,0.009019054275257066,0.06805614632071455,5833.1
Rice,1981,5833.1,5721.2,2382100.0,408374.0,5653.100000000001,-0.06953207060523003,-0.051334129828753516,5567.5
Rice,1982,5567.5,5833.1,2236362.0,401685.0,5707.266666666667,-0.01637959321602256,-0.06118047101297175,5665.6
Rice,1983,5665.6,5567.5,2440513.0,430758.0,5688.733333333334,0.07237760932073645,0.09128709931576373,5773.0
Rice,1984,5773.0,5665.6,2442000.0,423000.0,5668.7,-0.018010112406502077,0.0006092981270739983,5405.8
Rice,1985,5405.8,5773.0,2236436.0,413711.0,5614.8,-0.021959810874704444,-0.08417854217854215,5947.8
Rice,1986,5947.8,5405.8,2311300.0,388600.0,5708.866666666666,-0.0606969599551378,0.0334746891929838,5774.7
Rice,1987,5774.7,5947.8,2445000.0,423400.0,5709.433333333333,0.08955223880597019,0.05784623372128239,5826.5
Rice,1988,5826.5,5774.7,2406000.0,412940.0,5849.666666666667,-0.02470477090222012,-0.015950920245398792,6063.7
Rice,1989,6063.7,5826.5,2132000.0,351600.0,5888.3,-0.148544582748099,-0.11388196176226106,6482.5
Rice,1990,6482.5,6063.7,2679000.0,413266.0,6124.233333333333,0.17538680318543798,0.2565666041275798,7266.3
Rice,1991,7266.3,6482.5,3167421.0,435908.0,6604.166666666667,0.054787957393059195,0.18231466965285548,7455.4
Rice,1992,7455.4,7266.3,3447812.0,462458.0,7068.066666666667,0.060907347421933045,0.0885234391007701,7651.1
Rice,1993,7651.1,7455.4,3909706.0,511000.0,7457.599999999999,0.10496520765128947,0.13396728127867763,7718.4
Rice,1994,7718.4,7651.1,4160762.0,539071.0,7608.3,0.054933463796477566,0.06421352398364477,7913.0
Rice,1995,7913.0,7718.4,4583007.0,579177.0,7760.833333333333,0.07439836310986858,0.10148261304059214,8135.6
Rice,1996,8135.6,7913.0,4788097.0,588538.0,7922.333333333333,0.01616258932934156,0.04475009529769425,8291.0
Rice,1997,8291.0,8135.6,4895388.0,590449.0,8113.2,0.0032470290788360057,0.02240785848741167,8415.2
Rice,1998,8415.2,8291.0,5480010.0,651207.0,8280.6,0.10290135134448519,0.11942301611230821,8640.1
Rice,1999,8640.1,8415.2,4474110.0,517832.0,8448.766666666668,-0.2048119875861285,-0.18355805920062185,8878.0
Rice,2000,8878.0,8640.1,5816960.0,655210.0,8644.433333333334,0.2652945356795253,0.3001379045217931,9102.5
Rice,2001,9102.5,8878.0,6000490.0,659217.0,8873.533333333333,0.006115596526304445,0.031550844427329805,9283.3
Rice,2002,9283.3,9102.5,5226703.0,563021.0,9087.933333333334,-0.1459246348319294,-0.12895396875921805,9388.9
Rice,2003,9388.9,9283.3,6105456.0,650286.0,9258.233333333334,0.1549942186881128,0.16812759401098543,9748.4
Rice,2004,9748.4,9388.9,6176266.0,633570.0,9473.533333333333,-0.025705612607375805,0.011597823323925338,9838.4
Rice,2005,9838.4,9748.4,6352370.0,645670.0,9658.566666666668,0.019098126489574874,0.028513020650341225,9987.4
Rice,2006,9987.4,9838.4,6125300.0,613300.0,9858.066666666666,-0.05013396936515557,-0.03574571380445413,10075.0
Rice,2007,10075.0,9987.4,6755000.0,670470.0,9966.933333333332,0.09321702266427523,0.10280312801005675,9767.5
Rice,2008,9767.5,10075.0,6876830.0,704054.0,9943.300000000001,0.0500902352081376,0.018035529237601766,9734.9
Rice,2009,9734.9,9767.5,7253373.0,745092.0,9859.133333333333,0.05828814267087479,0.05475531603951245,9593.0
Rice,2010,9593.0,9734.9,5520482.0,575467.0,9698.466666666667,-0.22765645047859862,-0.23890829824965576,9421.7
Rice,2011,9421.7,9593.0,4329503.0,459525.0,9583.2,-0.20147462843221242,-0.21573822720552305,9567.0
Rice,2012,9567.0,9421.7,5675027.0,593185.0,9527.233333333334,0.2908655677057832,0.31078024429131945,9529.6
Rice,2013,9529.6,9567.0,5911086.0,620285.0,9506.1,0.04568557869804524,0.041596101657313644,9586.5
Rye,1992,2000.0,1941.2,15000.0,7500.0,1980.3999999999999,-0.11764705882352944,-0.09090909090909094,2000.0
Rye,1993,2000.0,2000.0,15000.0,7500.0,1980.3999999999999,0.0,0.0,1988.6
Rye,1994,1988.6,2000.0,17500.0,8800.0,1996.2,0.17333333333333334,0.16666666666666674,2000.0
Rye,1995,2000.0,1988.6,19000.0,9500.0,1996.2,0.07954545454545459,0.08571428571428563,2000.0
Rye,1996,2000.0,2000.0,22000.0,11000.0,1996.2,0.1578947368421053,0.1578947368421053,2000.0
Rye,1997,2000.0,2000.0,23000.0,11500.0,2000.0,0.045454545454545414,0.045454545454545414,2000.0
Rye,1998,2000.0,2000.0,24000.0,12000.0,2000.0,0.04347826086956519,0.04347826086956519,2000.0
Rye,1999,2000.0,2000.0,25000.0,12500.0,2000.0,0.04166666666666674,0.04166666666666674,2000.0
Rye,2000,2000.0,2000.0,25000.0,12500.0,2000.0,0.0,0.0,2000.0
Rye,2001,2000.0,2000.0,26000.0,13000.0,2000.0,0.040000000000000036,0.040000000000000036,2000.0
Rye,2002,2000.0,2000.0,30000.0,15000.0,2000.0,0.15384615384615374,0.15384615384615374,2000.0
Rye,2003,2000.0,2000.0,30000.0,15000.0,2000.0,0.0,0.0,2000.0
Rye,2004,2000.0,2000.0,30000.0,15000.0,2000.0,0.0,0.0,2000.0
Rye,2005,2000.0,2000.0,30000.0,15000.0,2000.0,0.0,0.0,2000.0
Rye,2006,2000.0,2000.0,52000.0,26000.0,2000.0,0.7333333333333334,0.7333333333333334,2000.0
Rye,2007,2000.0,2000.0,75000.0,37500.0,2000.0,0.4423076923076923,0.4423076923076923,2000.0
Rye,2008,2000.0,2000.0,78000.0,39000.0,2000.0,0.040000000000000036,0.040000000000000036,2000.0
Rye,2009,2000.0,2000.0,95000.0,47500.0,2000.0,0.21794871794871784,0.21794871794871784,2000.0
Rye,2010,2000.0,2000.0,98000.0,49000.0,2000.0,0.03157894736842115,0.03157894736842115,2000.0
Rye,2011,2000.0,2000.0,98000.0,49000.0,2000.0,0.0,0.0,2001.3
Rye,2012,2001.3,2000.0,94110.25,47025.0,2000.4333333333332,-0.040306122448979576,-0.03969132653061225,2000.0
Rye,2013,2000.0,2001.3,90000.0,45000.0,2000.4333333333332,-0.0430622009569378,-0.043674838819363404,2000.0
"Seed cotton, unginned",1964,1901.1,1889.2,1299553.0,683583.0,1660.5666666666666,-0.01771349743501316,-0.011551333343474801,2092.4
"Seed cotton, unginned",1965,2092.4,1901.1,1415935.0,676691.0,1960.9000000000003,-0.010082169977895905,0.08955540866744172,1856.3
"Seed cotton, unginned",1966,1856.3,2092.4,1481700.0,798200.0,1949.9333333333334,0.17956349352954293,0.04644634111029111,1650.7
"Seed cotton, unginned",1967,1650.7,1856.3,1289000.0,780900.0,1866.4666666666665,-0.021673765973440284,-0.13005331713572243,1768.6
"Seed cotton, unginned",1968,1768.6,1650.7,1208000.0,683037.0,1758.5333333333335,-0.12532078371110256,-0.06283941039565555,1967.5
"Seed cotton, unginned",1969,1967.5,1768.6,1210000.0,615000.0,1795.6000000000001,-0.09960953798988925,0.0016556291390728006,2172.1
"Seed cotton, unginned",1970,2172.1,1967.5,1480000.0,681370.0,1969.4000000000003,0.10791869918699182,0.22314049586776852,2054.2
"Seed cotton, unginned",1971,2054.2,2172.1,1404000.0,683470.0,2064.6,0.003082025918370368,-0.05135135135135138,2213.5
"Seed cotton, unginned",1972,2213.5,2054.2,1418000.0,640622.0,2146.6,-0.06269185187352777,0.009971509971509862,2181.1
"Seed cotton, unginned",1973,2181.1,2213.5,1422000.0,651964.0,2149.6,0.017704668275519753,0.0028208744710860323,2035.3
"Seed cotton, unginned",1974,2035.3,2181.1,1368000.0,672128.0,2143.3,0.030928088053941538,-0.03797468354430378,1972.6
"Seed cotton, unginned",1975,1972.6,2035.3,1204000.0,610376.0,2063.0,-0.09187535707484284,-0.11988304093567248,1828.7
"Seed cotton, unginned",1976,1828.7,1972.6,1034000.0,565428.0,1945.5333333333335,-0.07363985477803847,-0.14119601328903653,2047.4
"Seed cotton, unginned",1977,2047.4,1828.7,1073353.0,524260.0,1949.5666666666668,-0.07280856271709224,0.03805899419729197,1838.4
"Seed cotton, unginned",1978,1838.4,2047.4,1099019.0,597813.0,1904.8333333333337,0.14029870674855993,0.023911984221407057,2381.0
"Seed cotton, unginned",1979,2381.0,1838.4,1188623.0,499213.0,2088.933333333334,-0.16493451965748485,0.08153089255053825,2565.0
"Seed cotton, unginned",1980,2565.0,2381.0,1287948.0,502122.0,2261.466666666667,0.005827171968678657,0.08356308097689502,2694.2
"Seed cotton, unginned",1981,2694.2,2565.0,1408267.0,522701.0,2546.7333333333336,0.040984063633937584,0.09341914425116538,2678.8
"Seed cotton, unginned",1982,2678.8,2694.2,1325835.0,494936.0,2646.0,-0.053118321946963976,-0.058534354635875196,2704.4
"Seed cotton, unginned",1983,2704.4,2678.8,1210850.0,447738.0,2692.4666666666667,-0.09536182455913489,-0.0867264780308259,2545.2
"Seed cotton, unginned",1984,2545.2,2704.4,1069000.0,420000.0,2642.8,-0.06195140908299046,-0.117149110129248,2540.0
"Seed cotton, unginned",1985,2540.0,2545.2,1049000.0,413000.0,2596.5333333333333,-0.01666666666666672,-0.018709073900841866,2623.3
"Seed cotton, unginned",1986,2623.3,2540.0,1191000.0,454000.0,2569.5000000000005,0.09927360774818395,0.1353670162059104,2527.2
"Seed cotton, unginned",1987,2527.2,2623.3,1120000.0,443180.0,2563.5000000000005,-0.023832599118942754,-0.059613769941225914,2382.9
"Seed cotton, unginned",1988,2382.9,2527.2,981000.0,411680.0,2511.133333333333,-0.07107721467575256,-0.12410714285714286,2070.6
"Seed cotton, unginned",1989,2070.6,2382.9,882000.0,425960.0,2326.9,0.03468713563933146,-0.1009174311926605,1941.0
"Seed cotton, unginned",1990,1941.0,2070.6,820000.0,422473.0,2131.5,-0.008186214668043923,-0.07029478458049887,2008.4
"Seed cotton, unginned",1991,2008.4,1941.0,838000.0,417247.0,2006.6666666666667,-0.012370021279466403,0.02195121951219514,2275.8
"Seed cotton, unginned",1992,2275.8,2008.4,814000.0,357682.0,2075.066666666667,-0.14275716781666492,-0.02863961813842486,2755.9
"Seed cotton, unginned",1993,2755.9,2275.8,973000.0,353066.0,2346.7000000000003,-0.012905318131748333,0.19533169533169525,2915.6
"Seed cotton, unginned",1994,2915.6,2755.9,1083310.0,371559.0,2649.1000000000004,0.052378308871429136,0.11337101747173683,2243.2
"Seed cotton, unginned",1995,2243.2,2915.6,679962.0,303127.0,2638.233333333333,-0.1841753261258643,-0.3723292501684652,2143.9
"Seed cotton, unginned",1996,2143.9,2243.2,639740.0,298406.0,2434.2333333333336,-0.015574330231223232,-0.0591533056259026,2481.0
"Seed cotton, unginned",1997,2481.0,2143.9,960000.0,386937.0,2289.366666666667,0.29667969142711614,0.5006096226592054,2548.4
"Seed cotton, unginned",1998,2548.4,2481.0,920062.0,361032.0,2391.1000000000004,-0.06694888315152081,-0.04160208333333337,1893.9
"Seed cotton, unginned",1999,1893.9,2548.4,627694.0,331434.0,2307.766666666667,-0.08198165259589174,-0.31776988942049555,2276.6
"Seed cotton, unginned",2000,2276.6,1893.9,617391.0,271184.0,2239.6333333333337,-0.18178581557715867,-0.01641404888369169,2543.3
"Seed cotton, unginned",2001,2543.3,2276.6,553883.0,217781.0,2237.9333333333334,-0.19692533482801344,-0.10286512113069346,2709.9
"Seed cotton, unginned",2002,2709.9,2543.3,832267.0,307118.0,2509.933333333334,0.41021484886193016,0.5026043406278944,2579.5
"Seed cotton, unginned",2003,2579.5,2709.9,765612.0,296811.0,2610.9,-0.033560390468809986,-0.08008848122056988,2427.5
"Seed cotton, unginned",2004,2427.5,2579.5,545759.0,224828.0,2572.3000000000006,-0.24252133512571972,-0.2871598146319546,2614.5
"Seed cotton, unginned",2005,2614.5,2427.5,785162.0,300307.0,2540.5,0.3357188606401338,0.43866065424482237,2036.4
"Seed cotton, unginned",2006,2036.4,2614.5,560000.0,275000.0,2359.4666666666667,-0.0842704299267083,-0.28677139240054916,2622.2
"Seed cotton, unginned",2007,2622.2,2036.4,590000.0,225000.0,2424.366666666667,-0.18181818181818177,0.0535714285714286,2562.0
"Seed cotton, unginned",2008,2562.0,2622.2,620000.0,242000.0,2406.866666666667,0.0755555555555556,0.05084745762711873,2422.7
"Seed cotton, unginned",2009,2422.7,2562.0,318188.0,131337.0,2535.6333333333337,-0.4572851239669421,-0.48679354838709676,2353.8
"Seed cotton, unginned",2010,2353.8,2422.7,281186.0,119462.0,2446.166666666667,-0.09041625741413306,-0.11628974065646724,2435.0
"Seed cotton, unginned",2011,2435.0,2353.8,377527.0,155039.0,2403.8333333333335,0.29781018231738954,0.3426237437141251,2905.3
"Seed cotton, unginned",2012,2905.3,2435.0,634657.0,218451.0,2564.7000000000003,0.4090067660395127,0.6810903591001438,2099.8
"Seed cotton, unginned",2013,2099.8,2905.3,294000.0,140011.0,2480.0333333333338,-0.3590736595392102,-0.5367576501953024,2100.9
Sesame seed,1964,1031.2,970.0,25553.0,24779.0,976.8666666666667,0.4196745731637448,0.5092433996810584,992.0
Sesame seed,1965,992.0,1031.2,23466.0,23655.0,997.7333333333332,-0.04536099116187098,-0.08167338472977737,1031.3
Sesame seed,1966,1031.3,992.0,22496.0,21814.0,1018.1666666666666,-0.07782709786514475,-0.04133640160231822,884.6
Sesame seed,1967,884.6,1031.3,11263.0,12733.0,969.3000000000001,-0.4162922893554598,-0.49933321479374115,870.2
Sesame seed,1968,870.2,884.6,8000.0,9193.0,928.6999999999999,-0.27801774915573707,-0.2897096688271331,991.9
Sesame seed,1969,991.9,870.2,10000.0,10082.0,915.5666666666666,0.09670401392363748,0.25,1088.3
Sesame seed,1970,1088.3,991.9,16000.0,14702.0,983.4666666666667,0.45824241221979767,0.6000000000000001,1161.2
Sesame seed,1971,1161.2,1088.3,20000.0,17223.0,1080.4666666666665,0.17147326894300097,0.25,1198.3
Sesame seed,1972,1198.3,1161.2,20567.0,17164.0,1149.2666666666667,-0.00342565174475995,0.028350000000000097,1360.3
Sesame seed,1973,1360.3,1198.3,24000.0,17643.0,1239.9333333333334,0.027907247727802398,0.1669178781543248,1388.6
Sesame seed,1974,1388.6,1360.3,21000.0,15123.0,1315.7333333333333,-0.1428328515558579,-0.125,1221.0
Sesame seed,1975,1221.0,1388.6,13910.0,11392.0,1323.3,-0.24671030880116374,-0.3376190476190476,1226.3
Sesame seed,1976,1226.3,1221.0,17000.0,13863.0,1278.6333333333332,0.2169066011235956,0.22214234363767082,1005.6
Sesame seed,1977,1005.6,1226.3,13009.0,12936.0,1150.9666666666667,-0.06686864315083318,-0.234764705882353,1052.8
Sesame seed,1978,1052.8,1005.6,17693.0,16805.0,1094.8999999999999,0.2990878169449598,0.3600584210930895,939.9
Sesame seed,1979,939.9,1052.8,9213.0,9802.0,999.4333333333334,-0.4167212139244273,-0.4792855931724411,1026.6
Sesame seed,1980,1026.6,939.9,16000.0,15586.0,1006.4333333333334,0.5900836563966538,0.7366764354716162,981.0
Sesame seed,1981,981.0,1026.6,15918.0,16227.0,982.5,0.04112665212370081,-0.005125000000000046,980.6
Sesame seed,1982,980.6,981.0,16567.0,16895.0,996.0666666666666,0.04116595797128242,0.04077145370021351,1038.3
Sesame seed,1983,1038.3,980.6,20343.0,19593.0,999.9666666666667,0.15969221663213973,0.22792297941691309,1009.2
Sesame seed,1984,1009.2,1038.3,11000.0,10900.0,1009.3666666666668,-0.44367886490072983,-0.4592734601582854,1007.3
Sesame seed,1985,1007.3,1009.2,11000.0,10920.0,1018.2666666666668,0.0018348623853210455,0.0,974.0
Sesame seed,1986,974.0,1007.3,9000.0,9240.0,996.8333333333334,-0.15384615384615385,-0.18181818181818177,1081.1
Sesame seed,1987,1081.1,974.0,10000.0,9250.0,1020.7999999999998,0.0010822510822510178,0.11111111111111116,1149.4
Sesame seed,1988,1149.4,1081.1,14000.0,12180.0,1068.1666666666667,0.31675675675675685,0.3999999999999999,1149.4
Sesame seed,1989,1149.4,1149.4,14000.0,12180.0,1126.6333333333332,0.0,0.0,1142.9
Sesame seed,1990,1142.9,1149.4,12000.0,10500.0,1147.2333333333336,-0.13793103448275867,-0.1428571428571429,1247.2
Sesame seed,1991,1247.2,1142.9,22000.0,17640.0,1179.8333333333333,0.6799999999999999,0.8333333333333333,1252.9
Sesame seed,1992,1252.9,1247.2,30000.0,23945.0,1214.3333333333335,0.3574263038548753,0.36363636363636354,1240.2
Sesame seed,1993,1240.2,1252.9,28295.0,22814.0,1246.7666666666667,-0.047233242848193746,-0.05683333333333329,1291.7
Sesame seed,1994,1291.7,1240.2,31000.0,24000.0,1261.6000000000001,0.05198562286315411,0.09559992931613359,1125.0
Sesame seed,1995,1125.0,1291.7,27703.0,24624.0,1218.9666666666667,0.026000000000000023,-0.10635483870967744,1070.9
Sesame seed,1996,1070.9,1125.0,32300.0,30161.0,1162.5333333333333,0.22486192332683563,0.16593870699924196,1167.1
Sesame seed,1997,1167.1,1070.9,36807.0,31538.0,1121.0,0.04565498491429332,0.13953560371517026,1206.7
Sesame seed,1998,1206.7,1167.1,32987.0,27337.0,1148.2333333333333,-0.13320438835690274,-0.10378460618904017,1174.1
Sesame seed,1999,1174.1,1206.7,26225.0,22337.0,1182.6333333333332,-0.18290229359476173,-0.20498984448419078,1183.5
Sesame seed,2000,1183.5,1174.1,33553.0,28350.0,1188.1000000000001,0.2691946098401754,0.27942802669208766,1210.8
Sesame seed,2001,1210.8,1183.5,36811.0,30401.0,1189.4666666666667,0.07234567901234579,0.0971001102732989,1221.8
Sesame seed,2002,1221.8,1210.8,34849.0,28522.0,1205.3666666666668,-0.06180717739548036,-0.05329928553964847,1215.1
Sesame seed,2003,1215.1,1221.8,36930.0,30392.0,1215.8999999999999,0.06556342472477383,0.05971476943384313,1222.5
Sesame seed,2004,1222.5,1215.1,36961.0,30234.0,1219.8,-0.005198736509607782,0.0008394259409694182,1263.3
Sesame seed,2005,1263.3,1222.5,37382.0,29591.0,1233.6333333333332,-0.021267447244823656,0.011390384459294856,1305.4
Sesame seed,2006,1305.4,1263.3,37140.0,28450.0,1263.7333333333333,-0.0385590213240512,-0.006473703921673568,1307.8
Sesame seed,2007,1307.8,1305.4,41530.0,31756.0,1292.1666666666667,0.11620386643233749,0.11820140010770053,1317.3
Sesame seed,2008,1317.3,1307.8,42212.0,32044.0,1310.1666666666667,0.009069152286182103,0.01642186371297849,1307.4
Sesame seed,2009,1307.4,1317.3,36882.0,28211.0,1310.8333333333333,-0.1196167769317189,-0.12626741211030035,1206.5
Sesame seed,2010,1206.5,1307.4,51037.0,42300.0,1277.0666666666666,0.4994151217610152,0.383791551434304,1250.3
Sesame seed,2011,1250.3,1206.5,46146.0,36907.0,1254.7333333333333,-0.12749408983451538,-0.095832435292043,1315.7
Sesame seed,2012,1315.7,1250.3,44427.0,33768.0,1257.5,-0.08505161622456447,-0.03725133272656356,1303.8
Sesame seed,2013,1303.8,1315.7,32745.0,25115.0,1289.9333333333334,-0.2562485193082208,-0.26294820717131473,1308.4
Sorghum,1964,3591.1,3448.7,729000.0,203000.0,3528.133333333333,0.06259356581275322,0.10647508002592398,3552.6
Sorghum,1965,3552.6,3591.1,739640.0,208196.0,3530.7999999999997,0.02559605911330043,0.014595336076817622,3838.1
Sorghum,1966,3838.1,3552.6,806000.0,210000.0,3660.6,0.008664911909931128,0.08971932291384999,3950.3
Sorghum,1967,3950.3,3838.1,859078.0,217474.0,3780.3333333333335,0.03559047619047617,0.06585359801488844,4009.5
Sorghum,1968,4009.5,3950.3,880727.0,219658.0,3932.633333333333,0.010042579802643115,0.025200272850660843,4031.1
Sorghum,1969,4031.1,4009.5,907000.0,225000.0,3996.9666666666667,0.02431962414298594,0.029831037313492237,4084.9
Sorghum,1970,4084.9,4031.1,813015.0,199028.0,4041.8333333333335,-0.11543111111111115,-0.10362183020948179,4161.1
Sorghum,1971,4161.1,4084.9,874000.0,210040.0,4092.366666666667,0.055328898446449726,0.07501091615775857,4113.4
Sorghum,1972,4113.4,4161.1,853603.0,207520.0,4119.8,-0.011997714721005526,-0.023337528604118973,4095.6
Sorghum,1973,4095.6,4113.4,831000.0,202899.0,4123.366666666667,-0.022267733230531994,-0.026479522682089973,4168.2
Sorghum,1974,4168.2,4095.6,852736.0,204579.0,4125.733333333333,0.008279981665754832,0.02615643802647405,3912.9
Sorghum,1975,3912.9,4168.2,824642.0,210750.0,4058.8999999999996,0.03016438637396801,-0.03294571825277692,3771.0
Sorghum,1976,3771.0,3912.9,774882.0,205487.0,3950.6999999999994,-0.024972716488730673,-0.060341335997923906,3806.6
Sorghum,1977,3806.6,3771.0,759000.0,199388.0,3830.1666666666665,-0.029680709728595933,-0.02049602391073735,3775.2
Sorghum,1978,3775.2,3806.6,648721.0,171839.0,3784.2666666666664,-0.13816779344795072,-0.14529512516469034,3722.3
Sorghum,1979,3722.3,3775.2,681000.0,182949.0,3768.0333333333333,0.06465354197824702,0.04975790825331683,3716.9
Sorghum,1980,3716.9,3722.3,635890.0,171082.0,3738.133333333333,-0.0648650716866449,-0.06624082232011752,3733.3
Sorghum,1981,3733.3,3716.9,643000.0,172234.0,3724.1666666666665,0.006733613121193249,0.011181179134756025,3767.0
Sorghum,1982,3767.0,3733.3,653100.0,173376.0,3739.066666666667,0.006630514300312473,0.015707620528771393,3707.8
Sorghum,1983,3707.8,3767.0,596263.0,160813.0,3736.0333333333333,-0.07246100959763746,-0.08702648905221255,3763.6
Sorghum,1984,3763.6,3707.8,621000.0,165000.0,3746.133333333333,0.026036452276868127,0.04148672649485219,3666.7
Sorghum,1985,3666.7,3763.6,561000.0,153000.0,3712.6999999999994,-0.07272727272727275,-0.09661835748792269,3825.2
Sorghum,1986,3825.2,3666.7,547000.0,143000.0,3751.8333333333335,-0.065359477124183,-0.024955436720142554,3892.6
Sorghum,1987,3892.6,3825.2,606000.0,155680.0,3794.8333333333335,0.08867132867132876,0.10786106032906773,4137.7
Sorghum,1988,4137.7,3892.6,551000.0,133165.0,3951.8333333333335,-0.14462358684480991,-0.0907590759075908,4442.6
Sorghum,1989,4442.6,4137.7,586000.0,131905.0,4157.633333333333,-0.009461945706454422,0.06352087114337568,4558.1
Sorghum,1990,4558.1,4442.6,586016.0,128565.0,4379.466666666666,-0.02532125393275464,2.730375426618359e-05,4692.0
Sorghum,1991,4692.0,4558.1,629638.0,134193.0,4564.233333333334,0.043775522109438914,0.07443824059411353,4972.4
Sorghum,1992,4972.4,4692.0,676321.0,136016.0,4740.833333333333,0.01358491128449324,0.07414260257481287,5124.7
Sorghum,1993,5124.7,4972.4,765568.0,149389.0,4929.7,0.09831931537466176,0.1319595280939081,5336.6
Sorghum,1994,5336.6,5124.7,779433.0,146055.0,5144.566666666667,-0.022317573583061634,0.01811073608092295,4627.2
Sorghum,1995,4627.2,5336.6,731237.0,158030.0,5029.5,0.08198966142891373,-0.0618346926547888,4477.0
Sorghum,1996,4477.0,4627.2,661242.0,147697.0,4813.599999999999,-0.06538631905334436,-0.09572135983272179,4352.0
Sorghum,1997,4352.0,4477.0,603558.0,138686.0,4485.400000000001,-0.06101004082682793,-0.08723583801391921,5042.7
Sorghum,1998,5042.7,4352.0,786537.0,155975.0,4623.900000000001,0.12466290757538623,0.3031672183949181,5607.7
Sorghum,1999,5607.7,5042.7,887310.0,158232.0,5000.8,0.014470267671101045,0.12812238966507605,5769.2
Sorghum,2000,5769.2,5607.7,954246.0,165403.0,5473.2,0.04531953081551143,0.07543699496230172,5788.5
Sorghum,2001,5788.5,5769.2,941188.0,162597.0,5721.799999999999,-0.0169646257927607,-0.013684102422226507,5796.4
Sorghum,2002,5796.4,5788.5,862296.0,148764.0,5784.7,-0.0850753703942877,-0.08382172318389103,5775.6
Sorghum,2003,5775.6,5796.4,902246.0,156217.0,5786.833333333333,0.05009948643489026,0.0463297985842448,5735.1
Sorghum,2004,5735.1,5775.6,959096.0,167232.0,5769.033333333333,0.07051089190036941,0.0630094231506706,5667.4
Sorghum,2005,5667.4,5735.1,863716.0,152402.0,5726.033333333334,-0.08867920015308073,-0.09944781335757835,5611.8
Sorghum,2006,5611.8,5667.4,853000.0,152000.0,5671.433333333333,-0.0026377606593089853,-0.012406855957282303,5685.9
Sorghum,2007,5685.9,5611.8,887000.0,156000.0,5655.033333333333,0.026315789473684292,0.0398593200468933,5676.3
Sorghum,2008,5676.3,5685.9,843840.0,148660.0,5658.0,-0.04705128205128206,-0.04865839909808345,5625.8
Sorghum,2009,5625.8,5676.3,866948.0,154103.0,5662.666666666667,0.03661374949549301,0.027384338263177765,5528.7
Sorghum,2010,5528.7,5625.8,780946.0,141253.0,5610.266666666666,-0.08338578742788916,-0.09920087479295181,5006.0
Sorghum,2011,5006.0,5528.7,701629.0,140157.0,5386.833333333333,-0.007759127239775454,-0.10156528108217466,5345.7
Sorghum,2012,5345.7,5006.0,839195.0,156986.0,5293.466666666666,0.1200724901360617,0.1960665821965739,5303.4
Sorghum,2013,5303.4,5345.7,757035.0,142744.0,5218.366666666667,-0.09072146560839822,-0.09790334785121457,5377.7
Soya beans,1975,1134.8,949.4,2063.0,1818.0,1073.3333333333333,-0.3090079817559863,-0.17413931144915928,1346.0
Soya beans,1976,1346.0,1134.8,4808.0,3572.0,1143.3999999999999,0.9647964796479649,1.3305865244789143,1601.4
Soya beans,1977,1601.4,1346.0,11407.0,7123.0,1360.7333333333333,0.9941209406494962,1.372504159733777,1904.0
Soya beans,1978,1904.0,1601.4,26498.0,13917.0,1617.1333333333332,0.9538115962375404,1.3229595862189885,2283.3
Soya beans,1979,2283.3,1904.0,78897.0,34554.0,1929.5666666666668,1.4828626859236906,1.9774699977356782,2514.1
Soya beans,1980,2514.1,2283.3,106033.0,42176.0,2233.8,0.22058227701568556,0.3439421017275688,2657.4
Soya beans,1981,2657.4,2514.1,92377.0,34762.0,2484.933333333333,-0.1757871775417299,-0.1287900936500901,2836.6
Soya beans,1982,2836.6,2657.4,130360.0,45956.0,2669.366666666667,0.3220182958402853,0.4111737770224191,2973.4
Soya beans,1983,2973.4,2836.6,178000.0,59864.0,2822.4666666666667,0.3026373052484985,0.3654495243939859,2655.7
Soya beans,1984,2655.7,2973.4,162000.0,61000.0,2821.9,0.018976346385139564,-0.0898876404494382,2723.8
Soya beans,1985,2723.8,2655.7,143000.0,52500.0,2784.2999999999997,-0.139344262295082,-0.11728395061728392,2800.0
Soya beans,1986,2800.0,2723.8,140000.0,50000.0,2726.5,-0.04761904761904767,-0.020979020979020935,2893.7
Soya beans,1987,2893.7,2800.0,133400.0,46100.0,2805.8333333333335,-0.07799999999999996,-0.04714285714285715,2822.8
Soya beans,1988,2822.8,2893.7,134000.0,47470.0,2838.8333333333335,0.029718004338394888,0.004497751124437732,2624.8
Soya beans,1989,2624.8,2822.8,129011.0,49150.0,2780.433333333334,0.03539077311986527,-0.03723134328358213,2356.7
Soya beans,1990,2356.7,2624.8,91415.0,38789.0,2601.433333333333,-0.21080366225839264,-0.29141701095255446,2577.3
Soya beans,1991,2577.3,2356.7,106690.0,41396.0,2519.6000000000004,0.06720977596741351,0.16709511568123392,2836.6
Soya beans,1992,2836.6,2577.3,120038.0,42318.0,2590.2,0.022272683351048483,0.12511013215859035,2698.1
Soya beans,1993,2698.1,2836.6,58943.0,21846.0,2704.0,-0.48376577342974625,-0.508963828121095,2753.4
Soya beans,1994,2753.4,2698.1,50475.0,18332.0,2762.7000000000003,-0.16085324544539048,-0.1436642179732962,2882.8
Soya beans,1995,2882.8,2753.4,67245.0,23326.0,2778.1,0.272419812349989,0.3322436849925705,2434.4
Soya beans,1996,2434.4,2882.8,63427.0,26055.0,2690.2000000000003,0.11699391237245993,-0.05677745557290503,2610.3
Soya beans,1997,2610.3,2434.4,39718.0,15216.0,2642.5,-0.41600460564191133,-0.37379980134642976,2622.3
Soya beans,1998,2622.3,2610.3,34727.0,13243.0,2555.6666666666665,-0.12966614090431128,-0.12566090941135,2620.7
Soya beans,1999,2620.7,2622.3,47752.0,18221.0,2617.766666666667,0.3758967001434721,0.37506839058945496,2636.7
Soya beans,2000,2636.7,2620.7,18892.0,7165.0,2626.566666666666,-0.6067724054662202,-0.6043725917239069,2719.9
Soya beans,2001,2719.9,2636.7,10518.0,3867.0,2659.1,-0.46029309141660857,-0.4432564048274402,2792.2
Soya beans,2002,2792.2,2719.9,14885.0,5331.0,2716.266666666667,0.37858805275407303,0.4151930024719528,2990.4
Soya beans,2003,2990.4,2792.2,17691.0,5916.0,2834.1666666666665,0.10973550928531228,0.18851192475646616,3458.9
Soya beans,2004,3458.9,2990.4,28681.0,8292.0,3080.5,0.4016227180527383,0.6212198292917304,3026.6
Soya beans,2005,3026.6,3458.9,43425.0,14348.0,3158.633333333333,0.7303424987940184,0.5140685471217878,3400.0
Soya beans,2006,3400.0,3026.6,51000.0,15000.0,3295.1666666666665,0.04544187343183714,0.17443868739205537,3081.7
Soya beans,2007,3081.7,3400.0,23020.0,7470.0,3169.433333333333,-0.502,-0.5486274509803921,3288.0
Soya beans,2008,3288.0,3081.7,25607.0,7788.0,3256.566666666666,0.0425702811244979,0.11238053866203312,3360.1
Soya beans,2009,3360.1,3288.0,29169.0,8681.0,3243.2666666666664,0.11466358500256812,0.1391025891357831,3125.2
Soya beans,2010,3125.2,3360.1,22436.0,7179.0,3257.7666666666664,-0.17302154129708558,-0.23082724810586586,2845.3
Soya beans,2011,2845.3,3125.2,43342.0,15233.0,3110.2000000000003,1.1218832706505086,0.9318060260295953,3119.5
Soya beans,2012,3119.5,2845.3,29785.0,9548.0,3030.0,-0.3732029147246111,-0.31279128789626687,3618.6
Soya beans,2013,3618.6,3119.5,26000.0,7185.0,3194.4666666666667,-0.24748638458315875,-0.1270773879469531,3476.7
Spinach,1964,18254.0,17460.3,23000.0,1260.0,16666.666666666668,0.0,0.045454545454545414,18254.0
Spinach,1965,18254.0,18254.0,23000.0,1260.0,17989.433333333334,0.0,0.0,17857.1
Spinach,1966,17857.1,18254.0,30000.0,1680.0,18121.7,0.33333333333333326,0.30434782608695654,18297.7
Spinach,1967,18297.7,17857.1,29807.0,1629.0,18136.266666666666,-0.03035714285714286,-0.006433333333333291,17022.9
Spinach,1968,17022.9,18297.7,27560.0,1619.0,17725.899999999998,-0.006138735420503361,-0.07538497668332944,19523.8
Spinach,1969,19523.8,17022.9,41000.0,2100.0,18281.466666666667,0.2970969734403952,0.48766328011611026,18095.2
Spinach,1970,18095.2,19523.8,38000.0,2100.0,18213.966666666664,0.0,-0.07317073170731703,16666.7
Spinach,1971,16666.7,18095.2,42000.0,2520.0,18095.233333333334,0.19999999999999996,0.10526315789473695,18452.4
Spinach,1972,18452.4,16666.7,31000.0,1680.0,17738.100000000002,-0.33333333333333337,-0.26190476190476186,13809.5
Spinach,1973,13809.5,18452.4,29000.0,2100.0,16309.533333333335,0.25,-0.06451612903225812,13333.3
Spinach,1974,13333.3,13809.5,28000.0,2100.0,15198.4,0.0,-0.03448275862068961,14285.7
Spinach,1975,14285.7,13333.3,24000.0,1680.0,13809.5,-0.19999999999999996,-0.1428571428571429,13333.3
Spinach,1976,13333.3,14285.7,28000.0,2100.0,13650.766666666668,0.25,0.16666666666666674,14306.1
Spinach,1977,14306.1,13333.3,31545.0,2205.0,13975.033333333333,0.050000000000000044,0.12660714285714292,14918.2
Spinach,1978,14918.2,14306.1,33566.0,2250.0,14185.866666666667,0.020408163265306145,0.06406720557933121,15953.3
Spinach,1979,15953.3,14918.2,36517.0,2289.0,15059.199999999999,0.017333333333333423,0.08791634391944236,16354.6
Spinach,1980,16354.6,15953.3,41688.0,2549.0,15742.033333333335,0.11358671909130624,0.14160527973272719,16334.8
Spinach,1981,16334.8,16354.6,44594.0,2730.0,16214.233333333332,0.07100823852491178,0.069708309345615,16412.4
Spinach,1982,16412.4,16334.8,48433.0,2951.0,16367.266666666668,0.08095238095238089,0.08608781450419345,16453.7
Spinach,1983,16453.7,16412.4,41381.0,2515.0,16400.3,-0.14774652660115217,-0.1456032044267338,16269.8
Spinach,1984,16269.8,16453.7,41000.0,2520.0,16378.633333333337,0.001988071570576455,-0.009207124042434955,17142.9
Spinach,1985,17142.9,16269.8,36000.0,2100.0,16622.133333333335,-0.16666666666666663,-0.12195121951219512,15306.1
Spinach,1986,15306.1,17142.9,45000.0,2940.0,16239.599999999999,0.3999999999999999,0.25,17063.5
Spinach,1987,17063.5,15306.1,43000.0,2520.0,16504.166666666668,-0.1428571428571429,-0.0444444444444444,19841.3
Spinach,1988,19841.3,17063.5,50000.0,2520.0,17403.63333333333,0.0,0.16279069767441867,17346.9
Spinach,1989,17346.9,19841.3,51000.0,2940.0,18083.899999999998,0.16666666666666674,0.020000000000000018,17619.0
Spinach,1990,17619.0,17346.9,37000.0,2100.0,18269.066666666666,-0.2857142857142857,-0.27450980392156865,15284.5
Spinach,1991,15284.5,17619.0,38517.0,2520.0,16750.13333333333,0.19999999999999996,0.040999999999999925,16071.5
Spinach,1992,16071.5,15284.5,40436.0,2516.0,16325.0,-0.0015873015873015817,0.04982215645039845,16044.1
Spinach,1993,16044.1,16071.5,35666.0,2223.0,15800.033333333333,-0.1164546899841018,-0.11796419032545258,14666.7
Spinach,1994,14666.7,16044.1,33000.0,2250.0,15594.1,0.012145748987854255,-0.07474906073010712,15686.3
Spinach,1995,15686.3,14666.7,40000.0,2550.0,15465.699999999999,0.1333333333333333,0.21212121212121215,17359.0
Spinach,1996,17359.0,15686.3,47529.0,2738.0,15904.0,0.07372549019607844,0.1882250000000001,16754.8
Spinach,1997,16754.8,17359.0,45506.0,2716.0,16600.03333333333,-0.008035062089116196,-0.04256348755496642,17079.9
Spinach,1998,17079.9,16754.8,45518.0,2665.0,17064.566666666666,-0.018777614138438925,0.0002637014899133927,18874.3
Spinach,1999,18874.3,17079.9,48639.0,2577.0,17569.666666666668,-0.0330206378986867,0.06856628147106636,18170.3
Spinach,2000,18170.3,18874.3,44172.0,2431.0,18041.5,-0.05665502522312771,-0.09183988157651268,18316.2
Spinach,2001,18316.2,18170.3,47970.0,2619.0,18453.600000000002,0.07733443027560671,0.08598207008964964,19077.0
Spinach,2002,19077.0,18316.2,45365.0,2378.0,18521.166666666668,-0.09201985490645281,-0.054304773816968965,19161.8
Spinach,2003,19161.8,19077.0,45126.0,2355.0,18851.666666666668,-0.009671993271656909,-0.005268378706050902,19733.5
Spinach,2004,19733.5,19161.8,41460.0,2101.0,19324.100000000002,-0.10785562632696388,-0.08123919691530379,19646.7
Spinach,2005,19646.7,19733.5,57113.0,2907.0,19514.0,0.38362684435982874,0.3775446213217559,19480.0
Spinach,2006,19480.0,19646.7,48700.0,2500.0,19620.066666666666,-0.14000687994496042,-0.14730446658379004,8433.1
Spinach,2007,8433.1,19480.0,49848.0,5911.0,15853.266666666665,1.3643999999999998,0.023572895277207406,8321.3
Spinach,2008,8321.3,8433.1,61378.0,7376.0,12078.133333333333,0.2478430045677551,0.23130316161129838,8365.5
Spinach,2009,8365.5,8321.3,66665.0,7969.0,8373.300000000001,0.08039587852494567,0.08613835576265116,19463.0
Spinach,2010,19463.0,8365.5,64481.0,3313.0,12049.933333333334,-0.5842640230894718,-0.03276081902047556,17052.5
Spinach,2011,17052.5,19463.0,30831.0,1808.0,14960.333333333334,-0.454271053425898,-0.5218591523084319,15832.1
Spinach,2012,15832.1,17052.5,28767.0,1817.0,17449.2,0.004977876106194712,-0.06694560669456062,17143.5
Spinach,2013,17143.5,15832.1,39413.0,2299.0,16676.033333333333,0.26527242707760035,0.3700768241387702,17291.2
Strawberries,1983,10195.2,5750.0,4282.0,420.0,6924.600000000001,0.0,0.7730848861283643,10525.0
Strawberries,1984,10525.0,10195.2,8841.0,840.0,8823.4,1.0,1.0646893974778142,9204.3
Strawberries,1985,9204.3,10525.0,19329.0,2100.0,9974.833333333334,1.5,1.186291143535799,10244.8
Strawberries,1986,10244.8,9204.3,21514.0,2100.0,9991.366666666667,0.0,0.11304257850897614,16741.7
Strawberries,1987,16741.7,10244.8,28126.0,1680.0,12063.6,-0.19999999999999996,0.30733475876173655,15802.4
Strawberries,1988,15802.4,16741.7,19911.0,1260.0,14262.966666666667,-0.25,-0.2920785038754178,14423.8
Strawberries,1989,14423.8,15802.4,24232.0,1680.0,15655.966666666667,0.33333333333333326,0.21701571995379432,15422.0
Strawberries,1990,15422.0,14423.8,25909.0,1680.0,15216.066666666666,0.0,0.06920600858369097,16345.1
Strawberries,1991,16345.1,15422.0,43053.0,2634.0,15396.966666666665,0.5678571428571428,0.6617005673704117,15199.1
Strawberries,1992,15199.1,16345.1,29927.0,1969.0,15655.400000000001,-0.25246772968868636,-0.3048800315889717,15809.3
Strawberries,1993,15809.3,15199.1,25200.0,1594.0,15784.5,-0.19045200609446422,-0.15795101413439372,16129.0
Strawberries,1994,16129.0,15809.3,25000.0,1550.0,15712.466666666667,-0.027603513174404015,-0.007936507936507908,17088.6
Strawberries,1995,17088.6,16129.0,27000.0,1580.0,16342.300000000001,0.019354838709677358,0.08000000000000007,19393.9
Strawberries,1996,19393.9,17088.6,32000.0,1650.0,17537.166666666668,0.044303797468354444,0.18518518518518512,21697.4
Strawberries,1997,21697.4,19393.9,36994.0,1705.0,19393.3,0.03333333333333344,0.1560625,23236.2
Strawberries,1998,23236.2,21697.4,45938.0,1977.0,21442.5,0.1595307917888562,0.24176893550305456,21575.7
Strawberries,1999,21575.7,23236.2,52321.0,2425.0,22169.766666666666,0.22660596863935245,0.13894814750315643,23638.9
Strawberries,2000,23638.9,21575.7,53684.0,2271.0,22816.933333333334,-0.06350515463917528,0.026050725330173385,26259.6
Strawberries,2001,26259.6,23638.9,70612.0,2689.0,23824.733333333337,0.1840598855129898,0.31532672677147744,25235.9
Strawberries,2002,25235.9,26259.6,68137.0,2700.0,25044.8,0.004090740052064001,-0.03505069959780205,24810.7
Strawberries,2003,24810.7,25235.9,60017.0,2419.0,25435.399999999998,-0.1040740740740741,-0.11917166884365327,25967.1
Strawberries,2004,25967.1,24810.7,79771.0,3072.0,25337.899999999998,0.26994625878462175,0.3291400769781896,27350.4
Strawberries,2005,27350.4,25967.1,104971.0,3838.0,26042.733333333334,0.24934895833333326,0.31590427599002147,26315.8
Strawberries,2006,26315.8,27350.4,100000.0,3800.0,26544.433333333334,-0.00990099009900991,-0.04735593640148228,12582.0
Strawberries,2007,12582.0,26315.8,128349.0,10201.0,22082.733333333334,1.6844736842105261,0.28349,11582.0
Strawberries,2008,11582.0,12582.0,174414.0,15059.0,16826.600000000002,0.4762278208018822,0.35890423766449286,38274.8
Strawberries,2009,38274.8,11582.0,200254.0,5232.0,20812.933333333334,-0.6525665714854905,0.14815324457899015,42126.7
Strawberries,2010,42126.7,38274.8,242776.0,5763.0,30661.166666666668,0.10149082568807333,0.2123403277837146,45458.9
Strawberries,2011,45458.9,42126.7,238432.0,5245.0,41953.46666666667,-0.08988374110706232,-0.01789303720301838,42694.4
Strawberries,2012,42694.4,45458.9,240284.0,5628.0,43426.666666666664,0.07302192564346988,0.007767413769963705,41539.0
Strawberries,2013,41539.0,42694.4,242297.0,5833.0,43230.76666666667,0.036425017768301426,0.008377586522615,44434.8
String beans,1993,7272.7,7000.0,400.0,55.0,7090.900000000001,0.10000000000000009,0.1428571428571428,7142.9
String beans,1994,7142.9,7272.7,1000.0,140.0,7138.533333333333,1.5454545454545454,1.5,7272.7
String beans,1995,7272.7,7142.9,400.0,55.0,7229.433333333333,-0.6071428571428572,-0.6,7000.0
String beans,1996,7000.0,7272.7,350.0,50.0,7138.533333333333,-0.09090909090909094,-0.125,7000.0
String beans,1997,7000.0,7000.0,350.0,50.0,7090.900000000001,0.0,0.0,6000.0
String beans,1998,6000.0,7000.0,150.0,25.0,6666.666666666667,-0.5,-0.5714285714285714,6000.0
String beans,1999,6000.0,6000.0,150.0,25.0,6333.333333333333,0.0,0.0,6666.7
String beans,2000,6666.7,6000.0,100.0,15.0,6222.233333333334,-0.4,-0.33333333333333337,6000.0
String beans,2001,6000.0,6666.7,150.0,25.0,6222.233333333334,0.6666666666666667,0.5,6000.0
String beans,2002,6000.0,6000.0,150.0,25.0,6222.233333333334,0.0,0.0,6666.7
String beans,2003,6666.7,6000.0,200.0,30.0,6222.233333333333,0.19999999999999996,0.33333333333333326,6666.7
String beans,2004,6666.7,6666.7,200.0,30.0,6444.466666666666,0.0,0.0,6666.7
String beans,2005,6666.7,6666.7,100.0,15.0,6666.7,-0.5,-0.5,6000.0
String beans,2006,6000.0,6666.7,150.0,25.0,6444.466666666667,0.6666666666666667,0.5,6666.7
String beans,2007,6666.7,6000.0,200.0,30.0,6444.466666666666,0.19999999999999996,0.33333333333333326,7142.9
String beans,2008,7142.9,6666.7,250.0,35.0,6603.2,0.16666666666666674,0.25,6666.7
String beans,2009,6666.7,7142.9,200.0,30.0,6825.433333333333,-0.1428571428571429,-0.19999999999999996,7222.2
String beans,2010,7222.2,6666.7,650.0,90.0,7010.599999999999,2.0,2.25,7142.9
String beans,2011,7142.9,7222.2,500.0,70.0,7010.599999999999,-0.2222222222222222,-0.23076923076923073,6666.7
String beans,2012,6666.7,7142.9,300.0,45.0,7010.599999999999,-0.3571428571428571,-0.4,6706.6
String beans,2013,6706.6,6666.7,308.56,46.0,6838.733333333333,0.022222222222222143,0.0285333333333333,6910.6
Sugar beet,1982,27692.3,28767.1,108000.0,3900.0,28356.833333333332,0.06849315068493156,0.02857142857142847,29464.3
Sugar beet,1983,29464.3,27692.3,198000.0,6720.0,28641.233333333334,0.7230769230769232,0.8333333333333333,32535.4
Sugar beet,1984,32535.4,29464.3,246000.0,7561.0,29897.333333333332,0.12514880952380958,0.24242424242424243,36530.6
Sugar beet,1985,36530.6,32535.4,537000.0,14700.0,32843.43333333333,0.9441872768152362,1.1829268292682928,33623.7
Sugar beet,1986,33623.7,36530.6,579000.0,17220.0,34229.9,0.17142857142857149,0.07821229050279332,39060.5
Sugar beet,1987,39060.5,33623.7,607000.0,15540.0,36404.93333333333,-0.09756097560975607,0.04835924006908465,41031.5
Sugar beet,1988,41031.5,39060.5,724000.0,17645.0,37905.23333333333,0.1354568854568854,0.19275123558484353,41122.5
Sugar beet,1989,41122.5,41031.5,725606.0,17645.0,40404.833333333336,0.0,0.002218232044198798,41043.7
Sugar beet,1990,41043.7,41122.5,684732.0,16683.0,41065.9,-0.05451969396429579,-0.05633084621681739,40127.4
Sugar beet,1991,40127.4,41043.7,574745.0,14323.0,40764.53333333333,-0.1414613678594977,-0.16062780766781748,53399.4
Sugar beet,1992,53399.4,40127.4,1106061.0,20713.0,44856.833333333336,0.4461355861202263,0.9244377941521893,46032.6
Sugar beet,1993,46032.6,53399.4,743933.0,16161.0,46519.799999999996,-0.21976536474677744,-0.3274032806508863,47334.2
Sugar beet,1994,47334.2,46032.6,794552.0,16786.0,48922.06666666667,0.03867334942144662,0.06804241779837694,46490.3
Sugar beet,1995,46490.3,47334.2,824506.0,17735.0,46619.03333333333,0.0565352079113548,0.037699231768342445,43735.2
Sugar beet,1996,43735.2,46490.3,919926.0,21034.0,45853.23333333334,0.1860163518466309,0.11572990372416947,39399.6
Sugar beet,1997,39399.6,43735.2,841537.0,21359.0,43208.36666666667,0.015451174289246028,-0.08521228881453513,42573.7
Sugar beet,1998,42573.7,39399.6,1143020.0,26848.0,41902.833333333336,0.2569876866894518,0.35825281597838243,44750.2
Sugar beet,1999,44750.2,42573.7,1951241.0,43603.0,42241.166666666664,0.624068831942789,0.7070926143024618,47444.0
Sugar beet,2000,47444.0,44750.2,2559650.0,53951.0,44922.63333333333,0.2373231199688095,0.3118061787344566,50722.3
Sugar beet,2001,50722.3,47444.0,2890360.0,56984.0,47638.833333333336,0.05621767900502306,0.12920125798449011,47682.9
Sugar beet,2002,47682.9,50722.3,2857730.0,59932.0,48616.4,0.05173382001965465,-0.011289251165944703,49028.4
Sugar beet,2003,49028.4,47682.9,3168311.0,64622.0,49144.53333333333,0.07825535607021283,0.1086810160512015,48778.8
Sugar beet,2004,48778.8,49028.4,2691515.0,55178.0,48496.700000000004,-0.14614218068150164,-0.15048901449384233,48290.7
Sugar beet,2005,48290.7,48778.8,2860547.0,59236.0,48699.299999999996,0.07354380368987634,0.0628018049314234,48780.8
Sugar beet,2006,48780.8,48290.7,3429535.0,70305.0,48616.76666666667,0.18686271861705728,0.1989088100982086,49861.1
Sugar beet,2007,49861.1,48780.8,3904970.0,78317.0,48977.533333333326,0.11396060024180366,0.13862958097817923,52316.3
Sugar beet,2008,52316.3,49861.1,5458210.0,104331.0,50319.4,0.3321628765146776,0.39775977792403006,47427.4
Sugar beet,2009,47427.4,52316.3,5132589.0,108220.0,49868.26666666666,0.03727559402286951,-0.059657103702495884,47993.5
Sugar beet,2010,47993.5,47427.4,5333513.0,111130.0,49245.73333333334,0.02688966919238589,0.039146715234748,58275.8
Sugar beet,2011,58275.8,47993.5,7840304.0,134538.0,51232.23333333334,0.21063619184738602,0.4700074791230471,49252.0
Sugar beet,2012,49252.0,58275.8,7486101.0,151996.0,51840.43333333334,0.1297625949545853,-0.04517720231256339,51276.3
Sugar beet,2013,51276.3,49252.0,9126058.0,177978.0,52934.700000000004,0.17093870891339247,0.2190669081274752,51933.8
Sugar cane,1964,92017.9,94274.5,5153000.0,56000.0,91785.40000000001,0.0980392156862746,0.0717554076539102,87321.4
Sugar cane,1965,87321.4,92017.9,4890000.0,56000.0,91204.59999999999,0.0,-0.05103823015719,87759.3
Sugar cane,1966,87759.3,87321.4,4739000.0,54000.0,89032.86666666665,-0.0357142857142857,-0.03087934560327199,92786.6
Sugar cane,1967,92786.6,87759.3,5189000.0,55924.0,89289.09999999999,0.03562962962962968,0.09495674192867698,91416.2
Sugar cane,1968,91416.2,92786.6,5261000.0,57550.0,90654.03333333334,0.02907517344968169,0.013875505877818384,92686.7
Sugar cane,1969,92686.7,91416.2,6073945.0,65532.0,92296.5,0.13869678540399644,0.1545229043908003,96157.6
Sugar cane,1970,96157.6,92686.7,6867000.0,71414.0,93420.16666666667,0.0897576756393823,0.13056670746936305,88743.8
Sugar cane,1971,88743.8,96157.6,6934000.0,78135.0,92529.36666666665,0.09411319909261495,0.009756807921945443,92330.8
Sugar cane,1972,92330.8,88743.8,7486000.0,81078.0,92410.73333333334,0.037665578805912814,0.079607730025959,90753.7
Sugar cane,1973,90753.7,92330.8,7701000.0,84856.0,90609.43333333333,0.04659710402328621,0.028720277851990383,88354.8
Sugar cane,1974,88354.8,90753.7,7349000.0,83176.0,90479.76666666668,-0.019798246441029455,-0.04570834956499159,80318.6
Sugar cane,1975,80318.6,88354.8,7018000.0,87377.0,86475.7,0.05050735789169947,-0.04504014151585245,86288.0
Sugar cane,1976,86288.0,80318.6,7902000.0,91577.0,84987.13333333335,0.048067569268800625,0.12596181248218863,82913.7
Sugar cane,1977,82913.7,86288.0,8445759.0,101862.0,83173.43333333333,0.1123098594625287,0.06881283219438128,80034.7
Sugar cane,1978,80034.7,82913.7,8378670.0,104688.0,83078.8,0.027743417564940698,-0.007943513424903514,79780.0
Sugar cane,1979,79780.0,80034.7,8296320.0,103990.0,80909.46666666666,-0.006667430842121402,-0.009828528871527298,84197.9
Sugar cane,1980,84197.9,79780.0,8790516.0,104403.0,81337.53333333334,0.003971535724588859,0.05956809766257809,81246.7
Sugar cane,1981,81246.7,84197.9,8618000.0,106072.0,81741.53333333333,0.01598613066674326,-0.019625241567161722,83544.4
Sugar cane,1982,83544.4,81246.7,8805000.0,105393.0,82996.33333333333,-0.0064013123161625884,0.021698770016244984,81774.7
Sugar cane,1983,81774.7,83544.4,8740000.0,106879.0,82188.59999999999,0.014099608133367525,-0.007382169222032942,79961.9
Sugar cane,1984,79961.9,81774.7,8396000.0,105000.0,81760.33333333333,-0.017580628561270184,-0.03935926773455378,89190.2
Sugar cane,1985,89190.2,79961.9,9142000.0,102500.0,83642.26666666666,-0.023809523809523836,0.08885183420676523,92190.8
Sugar cane,1986,92190.8,89190.2,9684000.0,105043.0,87114.3,0.024809756097561086,0.059286808138262925,98527.4
Sugar cane,1987,98527.4,92190.8,10832000.0,109939.0,93302.8,0.046609483735232216,0.1185460553490294,74896.6
Sugar cane,1988,74896.6,98527.4,8424000.0,112475.0,88538.26666666666,0.02306733734161681,-0.2223042836041359,93378.3
Sugar cane,1989,93378.3,74896.6,10795000.0,115605.0,88934.09999999999,0.02782840631251382,0.28145773979107314,96952.9
Sugar cane,1990,96952.9,93378.3,11212801.0,115652.0,88409.26666666666,0.00040655680982659703,0.038703195924038925,100333.3
Sugar cane,1991,100333.3,96952.9,11095262.0,110584.0,96888.16666666667,-0.04382111852799775,-0.010482572552567349,103636.6
Sugar cane,1992,103636.6,100333.3,11623574.0,112157.0,100307.60000000002,0.014224480937567785,0.04761600041531233,102909.1
Sugar cane,1993,102909.1,103636.6,11707560.0,113766.0,102293.0,0.014345961464732548,0.00722548847712412,106168.3
Sugar cane,1994,106168.3,102909.1,12411820.0,116907.0,104238.0,0.02760930330678768,0.06015429346507717,109342.9
Sugar cane,1995,109342.9,106168.3,13822040.0,126410.0,106140.09999999999,0.08128683483452659,0.1136191146826171,109532.1
Sugar cane,1996,109532.1,109342.9,14104772.0,128773.0,108347.76666666666,0.018693141365398347,0.020455157125865542,110741.5
Sugar cane,1997,110741.5,109532.1,13958413.0,126045.0,109872.16666666667,-0.021184565087401852,-0.01037655908227375,112249.4
Sugar cane,1998,112249.4,110741.5,13725525.0,122277.0,110841.0,-0.02989408544567418,-0.016684418207141505,117200.0
Sugar cane,1999,117200.0,112249.4,14352780.0,122464.0,113396.96666666667,0.0015293145890069582,0.045699891260990055,118168.2
Sugar cane,2000,118168.2,117200.0,15253621.0,129084.0,115872.53333333333,0.05405670237784155,0.06276421710637248,117216.2
Sugar cane,2001,117216.2,118168.2,15705800.0,133990.0,117528.13333333332,0.03800625948994463,0.029644043207839088,118812.9
Sugar cane,2002,118812.9,117216.2,15571500.0,131059.0,118065.76666666666,-0.021874766773639864,-0.00855098116619335,117865.6
Sugar cane,2003,117865.6,118812.9,16016757.0,135890.0,117964.90000000001,0.03686126095880482,0.028594355071765776,118161.7
Sugar cane,2004,118161.7,117865.6,16245460.0,137485.0,118280.06666666665,0.01173743468982269,0.014278982942676821,119950.9
Sugar cane,2005,119950.9,118161.7,16230438.0,135309.0,118659.40000000001,-0.015827181147034186,-0.000924689113143029,120886.9
Sugar cane,2006,120886.9,119950.9,16317320.0,134980.0,119666.5,-0.0024314716685512883,0.005353028673656279,121348.8
Sugar cane,2007,121348.8,120886.9,16656330.0,137260.0,120728.86666666665,0.016891391317232163,0.0207760833274091,120854.6
Sugar cane,2008,120854.6,121348.8,17014272.0,140783.0,121030.09999999999,0.025666618097042182,0.021489848003731993,121186.5
Sugar cane,2009,121186.5,120854.6,16470221.0,135908.0,121129.96666666667,-0.03462776045403204,-0.03197615507733742,116390.7
Sugar cane,2010,116390.7,121186.5,15482170.0,133019.0,119477.26666666668,-0.021257026812255386,-0.05999014828034188,116761.7
Sugar cane,2011,116761.7,116390.7,15708879.0,134538.0,118112.96666666666,0.011419421285681075,0.01464323153666447,115319.5
Sugar cane,2012,115319.5,116761.7,15765213.0,136709.0,116157.29999999999,0.016136704871486218,0.003586124764217713,113570.0
Sugar cane,2013,113570.0,115319.5,15550000.0,136920.0,115217.06666666667,0.0015434243539196313,-0.01365113176713817,114146.0
Sunflower seed,1974,595.2,476.2,1000.0,1680.0,477.76666666666665,-0.19999999999999996,0.0,1298.4
Sunflower seed,1975,1298.4,595.2,12000.0,9242.0,789.9333333333334,4.501190476190477,11.0,1503.6
Sunflower seed,1976,1503.6,1298.4,12000.0,7981.0,1132.3999999999999,-0.13644232850032456,0.0,1594.1
Sunflower seed,1977,1594.1,1503.6,13475.0,8453.0,1465.3666666666668,0.05914045858914929,0.12291666666666656,1606.2
Sunflower seed,1978,1606.2,1594.1,11727.0,7301.0,1567.9666666666665,-0.1362829764580622,-0.12972170686456397,1786.0
Sunflower seed,1979,1786.0,1606.2,7153.0,4005.0,1662.1000000000001,-0.4514450075332146,-0.39004007845143684,1828.7
Sunflower seed,1980,1828.7,1786.0,13609.0,7442.0,1740.3,0.8581772784019974,0.9025583671186914,1855.8
Sunflower seed,1981,1855.8,1828.7,9175.0,4944.0,1823.5,-0.33566245632894387,-0.3258137996913807,1782.2
Sunflower seed,1982,1782.2,1855.8,9435.0,5294.0,1822.2333333333333,0.07079288025889974,0.02833787465940052,1916.4
Sunflower seed,1983,1916.4,1782.2,12855.0,6708.0,1851.466666666667,0.26709482432942955,0.36248012718600964,1666.7
Sunflower seed,1984,1666.7,1916.4,10000.0,6000.0,1788.4333333333334,-0.10554561717352418,-0.22209257098405288,1911.8
Sunflower seed,1985,1911.8,1666.7,13000.0,6800.0,1831.6333333333334,0.1333333333333333,0.30000000000000004,2142.9
Sunflower seed,1986,2142.9,1911.8,15000.0,7000.0,1907.1333333333332,0.02941176470588225,0.15384615384615374,2142.9
Sunflower seed,1987,2142.9,2142.9,15000.0,7000.0,2065.866666666667,0.0,0.0,1774.2
Sunflower seed,1988,1774.2,2142.9,11000.0,6200.0,2020.0,-0.11428571428571432,-0.2666666666666667,1764.7
Sunflower seed,1989,1764.7,1774.2,26807.0,15191.0,1893.9333333333334,1.4501612903225807,1.4369999999999998,1885.3
Sunflower seed,1990,1885.3,1764.7,21008.0,11143.0,1808.0666666666666,-0.26647356987690085,-0.21632409445294143,2113.3
Sunflower seed,1991,2113.3,1885.3,30879.0,14612.0,1921.1000000000001,0.31131652158305667,0.4698686214775323,2300.2
Sunflower seed,1992,2300.2,2113.3,40690.0,17690.0,2099.6,0.21064878182315905,0.3177240195602189,2122.5
Sunflower seed,1993,2122.5,2300.2,46457.0,21888.0,2178.6666666666665,0.23730921424533635,0.14173015482919626,1983.7
Sunflower seed,1994,1983.7,2122.5,60822.0,30661.0,2135.4666666666667,0.4008132309941521,0.30921066792948326,2166.6
Sunflower seed,1995,2166.6,1983.7,51133.0,23601.0,2090.933333333333,-0.2302599393366166,-0.15930091085462494,2217.6
Sunflower seed,1996,2217.6,2166.6,65544.0,29556.0,2122.633333333333,0.2523198169569085,0.2818336495022784,2301.3
Sunflower seed,1997,2301.3,2217.6,49200.0,21379.0,2228.5,-0.2766612532142374,-0.24935920908092268,2212.0
Sunflower seed,1998,2212.0,2301.3,25575.0,11562.0,2243.633333333333,-0.45918892371018294,-0.48018292682926833,2316.7
Sunflower seed,1999,2316.7,2212.0,33872.0,14621.0,2276.666666666666,0.2645736031828403,0.32441837732160317,2377.0
Sunflower seed,2000,2377.0,2316.7,44982.0,18924.0,2301.8999999999996,0.29430271527255325,0.32799952763344353,3840.6
Sunflower seed,2001,3840.6,2377.0,45000.0,11717.0,2844.7666666666664,-0.3808391460579159,0.0004001600640255454,2279.6
Sunflower seed,2002,2279.6,3840.6,44133.0,19360.0,2832.3999999999996,0.6523000768114706,-0.019266666666666654,2258.0
Sunflower seed,2003,2258.0,2279.6,35346.0,15654.0,2792.733333333333,-0.19142561983471074,-0.19910271225613485,2337.5
Sunflower seed,2004,2337.5,2258.0,33309.0,14250.0,2291.6999999999994,-0.08968953622077425,-0.05763028348327959,2351.6
Sunflower seed,2005,2351.6,2337.5,47311.0,20119.0,2315.6999999999994,0.41185964912280704,0.42036686781350396,2340.1
Sunflower seed,2006,2340.1,2351.6,34540.0,14760.0,2343.066666666666,-0.26636512749142605,-0.2699372239014183,2424.7
Sunflower seed,2007,2424.7,2340.1,37850.0,15610.0,2372.1333333333328,0.05758807588075876,0.09583092067168497,2456.3
Sunflower seed,2008,2456.3,2424.7,29078.0,11838.0,2407.033333333333,-0.2416399743754004,-0.23175693527080576,2544.8
Sunflower seed,2009,2544.8,2456.3,21483.0,8442.0,2475.2666666666664,-0.28687278256462245,-0.26119402985074625,2407.6
Sunflower seed,2010,2407.6,2544.8,41269.0,17141.0,2469.5666666666666,1.0304430229803363,0.9210073081040824,2515.8
Sunflower seed,2011,2515.8,2407.6,39274.0,15611.0,2489.4,-0.08925966979756139,-0.04834137003562,2508.2
Sunflower seed,2012,2508.2,2515.8,18942.0,7552.0,2477.2,-0.5162385497405675,-0.5176961857717575,2689.8
Sunflower seed,2013,2689.8,2508.2,20098.0,7472.0,2571.2666666666664,-0.010593220338983023,0.06102840249181707,2988.6
Sweet potatoes,1964,19875.1,19781.0,82422.0,4147.0,19562.466666666664,0.059529892692897324,0.06456737661935086,19728.4
Sweet potatoes,1965,19728.4,19875.1,88107.0,4466.0,19794.833333333332,0.07692307692307687,0.0689743029773604,20281.3
Sweet potatoes,1966,20281.3,19728.4,85729.0,4227.0,19961.6,-0.053515450067174175,-0.026989909995800532,20746.9
Sweet potatoes,1967,20746.9,20281.3,83050.0,4003.0,20252.2,-0.052992666193517834,-0.031249635479242754,20935.1
Sweet potatoes,1968,20935.1,20746.9,68060.0,3251.0,20654.43333333333,-0.18785910567074693,-0.18049367850692355,20634.9
Sweet potatoes,1969,20634.9,20935.1,78000.0,3780.0,20772.3,0.16271916333435876,0.14604760505436376,21558.3
Sweet potatoes,1970,21558.3,20634.9,90545.0,4200.0,21042.766666666666,0.11111111111111116,0.16083333333333338,20238.1
Sweet potatoes,1971,20238.1,21558.3,85000.0,4200.0,20810.433333333334,0.0,-0.06124026727041798,22216.3
Sweet potatoes,1972,22216.3,20238.1,84000.0,3781.0,21337.566666666666,-0.09976190476190472,-0.0117647058823529,22745.3
Sweet potatoes,1973,22745.3,22216.3,86000.0,3781.0,21733.233333333334,0.0,0.023809523809523725,17851.8
Sweet potatoes,1974,17851.8,22745.3,60000.0,3361.0,20937.8,-0.1110817244115313,-0.3023255813953488,20401.2
Sweet potatoes,1975,20401.2,17851.8,60000.0,2941.0,20332.766666666666,-0.12496280868789056,0.0,19836.0
Sweet potatoes,1976,19836.0,20401.2,75000.0,3781.0,19363.0,0.28561713702822167,0.25,20529.6
Sweet potatoes,1977,20529.6,19836.0,69000.0,3361.0,20255.600000000002,-0.1110817244115313,-0.07999999999999996,20842.4
Sweet potatoes,1978,20842.4,20529.6,68488.0,3286.0,20402.666666666668,-0.02231478726569469,-0.007420289855072482,21726.1
Sweet potatoes,1979,21726.1,20842.4,63310.0,2914.0,21032.7,-0.1132075471698113,-0.07560448545730636,23661.8
Sweet potatoes,1980,23661.8,21726.1,103615.0,4379.0,22076.766666666663,0.5027453671928621,0.6366292844732271,23923.2
Sweet potatoes,1981,23923.2,23661.8,86243.0,3605.0,23103.7,-0.17675268326101845,-0.16765912271389283,22732.6
Sweet potatoes,1982,22732.6,23923.2,85952.0,3781.0,23439.199999999997,0.04882108183079059,-0.003374186890530262,23017.3
Sweet potatoes,1983,23017.3,22732.6,124984.0,5430.0,23224.36666666667,0.4361280084633694,0.4541139240506329,24702.4
Sweet potatoes,1984,24702.4,23017.3,83000.0,3360.0,23484.100000000002,-0.3812154696132597,-0.33591499711963135,25396.8
Sweet potatoes,1985,25396.8,24702.4,96000.0,3780.0,24372.166666666668,0.125,0.15662650602409633,26190.5
Sweet potatoes,1986,26190.5,25396.8,132000.0,5040.0,25429.899999999998,0.33333333333333326,0.375,24026.0
Sweet potatoes,1987,24026.0,26190.5,111000.0,4620.0,25204.433333333334,-0.08333333333333337,-0.15909090909090906,25000.0
Sweet potatoes,1988,25000.0,24026.0,63000.0,2520.0,25072.166666666668,-0.4545454545454546,-0.43243243243243246,25108.2
Sweet potatoes,1989,25108.2,25000.0,116000.0,4620.0,24711.399999999998,0.8333333333333333,0.8412698412698412,26062.4
Sweet potatoes,1990,26062.4,25108.2,54731.0,2100.0,25390.2,-0.5454545454545454,-0.5281810344827587,25793.0
Sweet potatoes,1991,25793.0,26062.4,102295.0,3966.0,25654.533333333336,0.8885714285714286,0.8690504467303721,27045.6
Sweet potatoes,1992,27045.6,25793.0,127520.0,4715.0,26300.333333333332,0.18885526979324263,0.24659074246053092,24130.8
Sweet potatoes,1993,24130.8,27045.6,89815.0,3722.0,25656.466666666664,-0.21060445387062565,-0.2956791091593476,26062.9
Sweet potatoes,1994,26062.9,24130.8,142929.0,5484.0,25746.433333333334,0.4734013970983342,0.5913711518120581,24713.8
Sweet potatoes,1995,24713.8,26062.9,152262.0,6161.0,24969.166666666668,0.12345003646973018,0.06529815502802094,25978.6
Sweet potatoes,1996,25978.6,24713.8,165016.0,6352.0,25585.099999999995,0.03100146080181787,0.08376351289225159,23135.7
Sweet potatoes,1997,23135.7,25978.6,147629.0,6381.0,24609.36666666667,0.004565491183879056,-0.10536554031124257,22488.8
Sweet potatoes,1998,22488.8,23135.7,190323.0,8463.0,23867.7,0.3262811471556182,0.2891979218175291,24006.0
Sweet potatoes,1999,24006.0,22488.8,225560.0,9396.0,23210.166666666668,0.11024459411556187,0.185143151379497,24054.5
Sweet potatoes,2000,24054.5,24006.0,253053.0,10520.0,23516.433333333334,0.11962537249893579,0.12188774605426489,27332.7
Sweet potatoes,2001,27332.7,24054.5,249548.0,9130.0,25131.066666666666,-0.13212927756653992,-0.013850853378541306,26654.3
Sweet potatoes,2002,26654.3,27332.7,314707.0,11807.0,26013.833333333332,0.29320920043811616,0.26110808341481406,27697.0
Sweet potatoes,2003,27697.0,26654.3,232433.0,8392.0,27228.0,-0.2892351994579486,-0.2614304734244869,28047.3
Sweet potatoes,2004,28047.3,27697.0,307595.0,10967.0,27466.2,0.30683984747378457,0.3233706057229395,28124.2
Sweet potatoes,2005,28124.2,28047.3,270611.0,9622.0,27956.166666666668,-0.12264064922038842,-0.12023602464279326,17500.0
Sweet potatoes,2006,17500.0,28124.2,350000.0,20000.0,24557.166666666668,1.0785699438786116,0.2933694491354748,11970.2
Sweet potatoes,2007,11970.2,17500.0,351577.0,29371.0,19198.13333333333,0.46855,0.004505714285714335,29817.1
Sweet potatoes,2008,29817.1,11970.2,363560.0,12193.0,19762.433333333334,-0.5848626195907528,0.03408357201978518,27642.5
Sweet potatoes,2009,27642.5,29817.1,258983.0,9369.0,23143.266666666666,-0.23160829984417286,-0.2876471559027396,28542.5
Sweet potatoes,2010,28542.5,27642.5,357266.0,12517.0,28667.36666666667,0.3360017077596329,0.3794959514717182,30607.8
Sweet potatoes,2011,30607.8,28542.5,370905.0,12118.0,28930.93333333333,-0.03187664775904775,0.03817603690247595,31824.9
Sweet potatoes,2012,31824.9,30607.8,274935.0,8639.0,30325.066666666666,-0.2870935797986467,-0.2587455008694949,32348.5
Sweet potatoes,2013,32348.5,31824.9,319247.0,9869.0,31593.733333333334,0.14237758999884242,0.1611726408060088,33678.1
"Tangerines, mandarins, clementines",1964,9800.0,15250.0,49000.0,5000.0,11933.333333333334,0.25,-0.19672131147540983,13750.0
"Tangerines, mandarins, clementines",1965,13750.0,9800.0,55000.0,4000.0,12933.333333333334,-0.19999999999999996,0.12244897959183665,14047.6
"Tangerines, mandarins, clementines",1966,14047.6,13750.0,59000.0,4200.0,12532.533333333333,0.050000000000000044,0.07272727272727275,17047.8
"Tangerines, mandarins, clementines",1967,17047.8,14047.6,78761.0,4620.0,14948.466666666667,0.10000000000000009,0.33493220338983054,16861.7
"Tangerines, mandarins, clementines",1968,16861.7,17047.8,85000.0,5041.0,15985.700000000003,0.09112554112554117,0.07921433196632854,11392.6
"Tangerines, mandarins, clementines",1969,11392.6,16861.7,67000.0,5881.0,15100.700000000003,0.1666336044435628,-0.21176470588235297,15643.6
"Tangerines, mandarins, clementines",1970,15643.6,11392.6,92000.0,5881.0,14632.633333333333,0.0,0.3731343283582089,12242.8
"Tangerines, mandarins, clementines",1971,12242.8,15643.6,72000.0,5881.0,13093.0,0.0,-0.21739130434782605,17441.4
"Tangerines, mandarins, clementines",1972,17441.4,12242.8,101439.0,5816.0,15109.266666666668,-0.011052542084679429,0.4088750000000001,14113.2
"Tangerines, mandarins, clementines",1973,14113.2,17441.4,83000.0,5881.0,14599.133333333333,0.01117606602475929,-0.18177426827945864,15136.1
"Tangerines, mandarins, clementines",1974,15136.1,14113.2,89000.0,5880.0,15563.566666666668,-0.00017003910899504593,0.07228915662650603,14283.4
"Tangerines, mandarins, clementines",1975,14283.4,15136.1,90000.0,6301.0,14510.9,0.07159863945578238,0.011235955056179803,15331.1
"Tangerines, mandarins, clementines",1976,15331.1,14283.4,96601.0,6301.0,14916.866666666667,0.0,0.07334444444444443,13713.2
"Tangerines, mandarins, clementines",1977,13713.2,15331.1,84912.0,6192.0,14442.566666666668,-0.0172988414537375,-0.12100288816885951,12057.7
"Tangerines, mandarins, clementines",1978,12057.7,13713.2,75674.0,6276.0,13700.666666666666,0.013565891472868241,-0.10879498775202567,13479.3
"Tangerines, mandarins, clementines",1979,13479.3,12057.7,85176.0,6319.0,13083.400000000001,0.006851497769279735,0.12556492322330004,15436.4
"Tangerines, mandarins, clementines",1980,15436.4,13479.3,98006.0,6349.0,13657.799999999997,0.004747586643456314,0.15062928524466979,10070.9
"Tangerines, mandarins, clementines",1981,10070.9,15436.4,70194.0,6970.0,12995.533333333333,0.09781067884706252,-0.2837785441707651,10492.6
"Tangerines, mandarins, clementines",1982,10492.6,10070.9,74162.0,7068.0,11999.966666666665,0.01406025824964141,0.05652904806678638,15079.4
"Tangerines, mandarins, clementines",1983,15079.4,10492.6,114000.0,7560.0,11880.966666666667,0.06960950764006801,0.537175372832448,13788.9
"Tangerines, mandarins, clementines",1984,13788.9,15079.4,106381.0,7715.0,13120.299999999997,0.020502645502645578,-0.0668333333333333,11791.4
"Tangerines, mandarins, clementines",1985,11791.4,13788.9,104000.0,8820.0,13553.233333333332,0.1432274789371355,-0.022381816301783264,12015.4
"Tangerines, mandarins, clementines",1986,12015.4,11791.4,106000.0,8822.0,12531.9,0.0002267573696144165,0.019230769230769162,9949.0
"Tangerines, mandarins, clementines",1987,9949.0,12015.4,117000.0,11760.0,11251.933333333334,0.33303105871684435,0.10377358490566047,11001.6
"Tangerines, mandarins, clementines",1988,11001.6,9949.0,134000.0,12180.0,10988.666666666666,0.03571428571428581,0.14529914529914523,10572.0
"Tangerines, mandarins, clementines",1989,10572.0,11001.6,151000.0,14283.0,10507.533333333333,0.17266009852216757,0.12686567164179108,11563.1
"Tangerines, mandarins, clementines",1990,11563.1,10572.0,170000.0,14702.0,11045.566666666666,0.02933557375901419,0.1258278145695364,12760.0
"Tangerines, mandarins, clementines",1991,12760.0,11563.1,257420.0,20174.0,11631.700000000003,0.37219425928445116,0.5142352941176471,13053.2
"Tangerines, mandarins, clementines",1992,13053.2,12760.0,267734.0,20511.0,12458.766666666668,0.016704669376425008,0.04006681687514568,10611.8
"Tangerines, mandarins, clementines",1993,10611.8,13053.2,340733.0,32109.0,12141.666666666666,0.5654526839256984,0.27265494856835515,6398.8
"Tangerines, mandarins, clementines",1994,6398.8,10611.8,205337.0,32090.0,10021.266666666666,-0.0005917344046840745,-0.39736685322525267,10978.4
"Tangerines, mandarins, clementines",1995,10978.4,6398.8,250089.0,22780.0,9329.666666666666,-0.290121533187909,0.2179441600880503,14159.5
"Tangerines, mandarins, clementines",1996,14159.5,10978.4,411134.0,29036.0,10512.233333333334,0.27462686567164174,0.6439507535317428,15593.2
"Tangerines, mandarins, clementines",1997,15593.2,14159.5,448709.0,28776.0,13577.033333333335,-0.008954401432704207,0.09139356025042922,14463.4
"Tangerines, mandarins, clementines",1998,14463.4,15593.2,434554.0,30045.0,14738.699999999999,0.04409924937447873,-0.03154605768995056,12834.3
"Tangerines, mandarins, clementines",1999,12834.3,14463.4,421811.0,32866.0,14296.966666666667,0.09389249459144611,-0.029324318726786536,15051.6
"Tangerines, mandarins, clementines",2000,15051.6,12834.3,511755.0,34000.0,14116.433333333334,0.03450374246942123,0.21323294081946664,13748.1
"Tangerines, mandarins, clementines",2001,13748.1,15051.6,481182.0,35000.0,13878.0,0.02941176470588225,-0.059741477855614455,15760.4
"Tangerines, mandarins, clementines",2002,15760.4,13748.1,564851.0,35840.0,14853.366666666669,0.02400000000000002,0.17388223167117633,16547.9
"Tangerines, mandarins, clementines",2003,16547.9,15760.4,601698.0,36361.0,15352.133333333333,0.014536830357142927,0.0652331322773616,16343.1
"Tangerines, mandarins, clementines",2004,16343.1,16547.9,612556.0,37481.0,16217.133333333333,0.030802233161904224,0.018045597625386822,17448.7
"Tangerines, mandarins, clementines",2005,17448.7,16343.1,661271.0,37898.0,16779.9,0.011125636989407939,0.07952742279889513,18566.3
"Tangerines, mandarins, clementines",2006,18566.3,17448.7,711460.0,38320.0,17452.7,0.011135152250778324,0.07589777867167924,19361.6
"Tangerines, mandarins, clementines",2007,19361.6,18566.3,730900.0,37750.0,18458.86666666667,-0.014874739039665963,0.027324094116324193,19809.4
"Tangerines, mandarins, clementines",2008,19809.4,19361.6,758105.0,38270.0,19245.766666666666,0.013774834437086048,0.03722123409495137,19084.3
"Tangerines, mandarins, clementines",2009,19084.3,19809.4,758105.0,39724.0,19418.43333333333,0.037993206166710314,0.0,20125.1
"Tangerines, mandarins, clementines",2010,20125.1,19084.3,809795.0,40238.0,19672.93333333333,0.012939281039170192,0.06818316723936668,20008.7
"Tangerines, mandarins, clementines",2011,20008.7,20125.1,796867.0,39826.0,19739.366666666665,-0.010239077488940818,-0.015964534233972816,20554.8
"Tangerines, mandarins, clementines",2012,20554.8,20008.7,848069.0,41259.0,20229.533333333333,0.035981519610304824,0.06425413525720103,21050.0
"Tangerines, mandarins, clementines",2013,21050.0,20554.8,885365.0,42060.0,20537.833333333332,0.019413946048134845,0.04397755371320011,21025.6
Taro,1964,21428.6,25000.0,27000.0,1260.0,22089.966666666664,0.5,0.2857142857142858,24603.2
Taro,1965,24603.2,21428.6,31000.0,1260.0,23677.266666666663,0.0,0.14814814814814814,26190.5
Taro,1966,26190.5,24603.2,33000.0,1260.0,24074.099999999995,0.0,0.06451612903225801,27777.8
Taro,1967,27777.8,26190.5,35000.0,1260.0,26190.5,0.0,0.06060606060606055,29365.1
Taro,1968,29365.1,27777.8,37000.0,1260.0,27777.8,0.0,0.05714285714285716,25595.2
Taro,1969,25595.2,29365.1,43000.0,1680.0,27579.36666666667,0.33333333333333326,0.16216216216216206,24404.8
Taro,1970,24404.8,25595.2,41000.0,1680.0,26455.03333333333,0.0,-0.046511627906976716,24603.2
Taro,1971,24603.2,24404.8,31000.0,1260.0,24867.733333333337,-0.25,-0.24390243902439024,25396.8
Taro,1972,25396.8,24603.2,32000.0,1260.0,24801.600000000002,0.0,0.032258064516129004,24404.8
Taro,1973,24404.8,25396.8,41000.0,1680.0,24801.599999999995,0.33333333333333326,0.28125,22619.0
Taro,1974,22619.0,24404.8,38000.0,1680.0,24140.2,0.0,-0.07317073170731703,24206.3
Taro,1975,24206.3,22619.0,61000.0,2520.0,23743.366666666665,0.5,0.605263157894737,25000.0
Taro,1976,25000.0,24206.3,63000.0,2520.0,23941.766666666666,0.0,0.032786885245901676,26181.6
Taro,1977,26181.6,25000.0,77000.0,2941.0,25129.3,0.16706349206349214,0.22222222222222232,30462.8
Taro,1978,30462.8,26181.6,72471.0,2379.0,27214.8,-0.19109146548792932,-0.05881818181818177,30917.6
Taro,1979,30917.6,30462.8,82952.0,2683.0,29187.333333333332,0.12778478352248834,0.14462336658801456,31629.3
Taro,1980,31629.3,30917.6,98968.0,3129.0,31003.233333333334,0.16623183004099884,0.19307551355000485,31555.7
Taro,1981,31555.7,31629.3,93815.0,2973.0,31367.533333333336,-0.04985618408437198,-0.052067334896128026,32744.4
Taro,1982,32744.4,31555.7,94795.0,2895.0,31976.466666666664,-0.026236125126135268,0.01044609071044067,33512.3
Taro,1983,33512.3,32744.4,90986.0,2715.0,32604.13333333333,-0.06217616580310881,-0.04018144416899627,32440.5
Taro,1984,32440.5,33512.3,109000.0,3360.0,32899.06666666667,0.2375690607734806,0.1979865034181083,35034.0
Taro,1985,35034.0,32440.5,103000.0,2940.0,33662.26666666667,-0.125,-0.05504587155963303,27976.2
Taro,1986,27976.2,35034.0,94000.0,3360.0,31816.899999999998,0.1428571428571428,-0.08737864077669899,30952.4
Taro,1987,30952.4,27976.2,104000.0,3360.0,31320.86666666667,0.0,0.1063829787234043,31845.2
Taro,1988,31845.2,30952.4,107000.0,3360.0,30257.933333333334,0.0,0.028846153846153744,31632.7
Taro,1989,31632.7,31845.2,93000.0,2940.0,31476.766666666666,-0.125,-0.13084112149532712,29761.9
Taro,1990,29761.9,31632.7,125000.0,4200.0,31079.933333333334,0.4285714285714286,0.34408602150537626,33673.5
Taro,1991,33673.5,29761.9,99000.0,2940.0,31689.36666666667,-0.30000000000000004,-0.20799999999999996,35119.0
Taro,1992,35119.0,33673.5,118000.0,3360.0,32851.46666666667,0.1428571428571428,0.19191919191919182,32759.6
Taro,1993,32759.6,35119.0,128090.0,3910.0,33850.700000000004,0.16369047619047628,0.08550847457627109,32894.7
Taro,1994,32894.7,32759.6,125000.0,3800.0,33591.1,-0.02813299232736577,-0.024123663049418376,33333.3
Taro,1995,33333.3,32894.7,120000.0,3600.0,32995.86666666667,-0.052631578947368474,-0.040000000000000036,33581.5
Taro,1996,33581.5,33333.3,120289.0,3582.0,33269.833333333336,-0.0050000000000000044,0.0024083333333333456,33866.2
Taro,1997,33866.2,33581.5,148368.0,4381.0,33593.666666666664,0.22305974316024568,0.23342949064336715,33676.6
Taro,1998,33676.6,33866.2,93621.0,2780.0,33708.1,-0.3654416799817394,-0.36899466192170816,34766.7
Taro,1999,34766.7,33676.6,76904.0,2212.0,34103.166666666664,-0.20431654676258992,-0.17856036572991107,24451.4
Taro,2000,24451.4,34766.7,47069.0,1925.0,30964.899999999994,-0.129746835443038,-0.3879512119005514,23564.2
Taro,2001,23564.2,24451.4,42392.0,1799.0,27594.100000000002,-0.06545454545454543,-0.09936476237013747,25000.0
Taro,2002,25000.0,23564.2,44625.0,1785.0,24338.533333333336,-0.0077821011673151474,0.05267503302509913,22093.3
Taro,2003,22093.3,25000.0,66324.0,3002.0,23552.5,0.6817927170868348,0.4862521008403362,29919.4
Taro,2004,29919.4,22093.3,106872.0,3572.0,25670.900000000005,0.1898734177215189,0.6113624027501356,33652.4
Taro,2005,33652.4,29919.4,116673.0,3467.0,28555.033333333336,-0.029395296752519617,0.09170783741298005,29411.8
Taro,2006,29411.8,33652.4,100000.0,3400.0,30994.533333333336,-0.019325064897605992,-0.14290367094357737,29851.4
Taro,2007,29851.4,29411.8,125376.0,4200.0,30971.86666666667,0.23529411764705888,0.25376,35006.1
Taro,2008,35006.1,29851.4,138099.0,3945.0,31423.099999999995,-0.06071428571428572,0.10147875191424194,33914.5
Taro,2009,33914.5,35006.1,151971.0,4481.0,32924.0,0.13586818757921426,0.10044967740533961,32877.2
Taro,2010,32877.2,33914.5,114281.0,3476.0,33932.6,-0.2242802945771033,-0.24800784360173977,29131.0
Taro,2011,29131.0,32877.2,119379.0,4098.0,31974.233333333326,0.17894131185270434,0.044609340135280506,29716.7
Taro,2012,29716.7,29131.0,103117.0,3470.0,30574.966666666664,-0.153245485602733,-0.1362216135166151,37112.2
Taro,2013,37112.2,29716.7,118759.0,3200.0,31986.63333333333,-0.0778097982708934,0.15169176760378988,36397.8
Tomatoes,1964,14764.5,14839.9,1055913.0,71517.0,14610.6,0.07536275468009923,0.06990088415950124,15207.7
Tomatoes,1965,15207.7,14764.5,1192968.0,78445.0,14937.366666666667,0.09687207237440054,0.1297976253725448,15492.3
Tomatoes,1966,15492.3,15207.7,1242154.0,80179.0,15154.833333333334,0.02210465931544392,0.041229940786341235,15969.0
Tomatoes,1967,15969.0,15492.3,1365959.0,85538.0,15556.333333333334,0.06683795008668114,0.09966960618409626,13930.0
Tomatoes,1968,13930.0,15969.0,1229755.0,88281.0,15130.433333333334,0.03206761906988698,-0.0997130953418075,15218.7
Tomatoes,1969,15218.7,13930.0,1496000.0,98300.0,15039.233333333332,0.11348987890939166,0.2165024740700383,15290.6
Tomatoes,1970,15290.6,15218.7,1548000.0,101239.0,14813.1,0.029898270600203558,0.03475935828876997,15553.3
Tomatoes,1971,15553.3,15290.6,1555000.0,99979.0,15354.199999999999,-0.012445796580369262,0.004521963824289488,15722.8
Tomatoes,1972,15722.8,15553.3,1638000.0,104180.0,15522.233333333332,0.04201882395303014,0.05337620578778135,15450.2
Tomatoes,1973,15450.2,15722.8,1668000.0,107960.0,15575.433333333334,0.03628335573046648,0.01831501831501825,13601.6
Tomatoes,1974,13601.6,15450.2,1577000.0,115942.0,14924.866666666667,0.07393479066320863,-0.05455635491606714,14752.3
Tomatoes,1975,14752.3,13601.6,1729000.0,117202.0,14601.366666666669,0.010867502716875643,0.09638554216867479,15433.0
Tomatoes,1976,15433.0,14752.3,2107000.0,136526.0,14595.633333333331,0.1648777324619033,0.21862348178137658,15967.8
Tomatoes,1977,15967.8,15433.0,2066000.0,129385.0,15384.366666666667,-0.05230505544731412,-0.01945894636924539,15956.1
Tomatoes,1978,15956.1,15967.8,1967000.0,123276.0,15785.633333333333,-0.04721567415079031,-0.047918683446273036,16834.9
Tomatoes,1979,16834.9,15956.1,2198523.0,130593.0,16252.933333333334,0.05935461890392291,0.11770360955770198,17540.1
Tomatoes,1980,17540.1,16834.9,2421528.0,138057.0,16777.033333333333,0.057154671383611744,0.10143400819550208,17712.9
Tomatoes,1981,17712.9,17540.1,2467793.0,139322.0,17362.633333333335,0.009162881998015404,0.019105705158065422,17989.3
Tomatoes,1982,17989.3,17712.9,2453525.0,136388.0,17747.433333333334,-0.02105912921146691,-0.00578168428227166,19662.3
Tomatoes,1983,19662.3,17989.3,2657045.0,135134.0,18454.833333333332,-0.009194357274833531,0.08295004126715644,21028.7
Tomatoes,1984,21028.7,19662.3,2862000.0,136100.0,19560.100000000002,0.0071484600470643755,0.07713644292814004,22195.9
Tomatoes,1985,22195.9,21028.7,2993000.0,134845.0,20962.3,-0.009221160911094817,0.045772187281621246,24674.0
Tomatoes,1986,24674.0,22195.9,3576000.0,144930.0,22632.86666666667,0.07478957321368984,0.19478783828934176,26922.8
Tomatoes,1987,26922.8,24674.0,4456000.0,165510.0,24597.56666666667,0.14199958600703777,0.24608501118568227,29213.4
Tomatoes,1988,29213.4,26922.8,4921000.0,168450.0,26936.733333333334,0.01776327714337511,0.10435368043087978,24942.0
Tomatoes,1989,24942.0,29213.4,4212000.0,168872.0,27026.066666666666,0.0025051944197092,-0.14407640723430193,22387.9
Tomatoes,1990,22387.9,24942.0,3997000.0,178534.0,25514.433333333334,0.05721493201951766,-0.05104463437796769,27162.1
Tomatoes,1991,27162.1,22387.9,4233842.0,155873.0,24830.666666666668,-0.12692820415159012,0.059254941205904466,27545.3
Tomatoes,1992,27545.3,27162.1,3795987.0,137809.0,25698.433333333334,-0.11588921750399361,-0.10341788852772493,30871.7
Tomatoes,1993,30871.7,27545.3,4693985.0,152048.0,28526.36666666667,0.10332416605591788,0.2365650883419781,32300.2
Tomatoes,1994,32300.2,30871.7,4762570.0,147447.0,30239.066666666666,-0.030260180995475117,0.014611252485894122,33737.4
Tomatoes,1995,33737.4,32300.2,5010682.0,148520.0,32303.100000000002,0.007277191126302984,0.052096242154970884,33709.2
Tomatoes,1996,33709.2,33737.4,5034197.0,149342.0,33248.933333333334,0.005534608133584751,0.004692973930494837,34625.1
Tomatoes,1997,34625.1,33709.2,5995411.0,173152.0,34023.9,0.15943271149442229,0.19093690612425385,34831.2
Tomatoes,1998,34831.2,34625.1,5873441.0,168626.0,34388.5,-0.026138883755313258,-0.020343893020845494,32459.8
Tomatoes,1999,32459.8,34831.2,5753279.0,177243.0,33972.03333333333,0.051101253661950174,-0.02045853529472752,33122.5
Tomatoes,2000,33122.5,32459.8,6273760.0,189411.0,33471.166666666664,0.06865151233052935,0.09046684508086611,34719.1
Tomatoes,2001,34719.1,33122.5,6785640.0,195444.0,33433.799999999996,0.031851370828515746,0.08159062507969694,35019.3
Tomatoes,2002,35019.3,34719.1,6328720.0,180721.0,34286.96666666667,-0.07533104111663702,-0.06733631610282886,35454.5
Tomatoes,2003,35454.5,35019.3,6777875.0,191171.0,35064.299999999996,0.057823938557223675,0.07097090722926591,37000.4
Tomatoes,2004,37000.4,35454.5,7140198.0,192976.0,35824.73333333333,0.009441808642524308,0.053456725005993855,39150.8
Tomatoes,2005,39150.8,37000.4,7640818.0,195164.0,37201.9,0.011338197496061797,0.07011290163101913,38974.4
Tomatoes,2006,38974.4,39150.8,7600000.0,195000.0,38375.200000000004,-0.0008403189112746734,-0.005342098188963584,38962.7
Tomatoes,2007,38962.7,38974.4,8576070.0,220110.0,39029.299999999996,0.12876923076923075,0.12843026315789463,38289.0
Tomatoes,2008,38289.0,38962.7,8639024.0,225627.0,38742.03333333333,0.025064740357094273,0.007340658366827624,38322.6
Tomatoes,2009,38322.6,38289.0,9204097.0,240174.0,38524.76666666667,0.06447366671541976,0.06540935642730017,40814.1
Tomatoes,2010,40814.1,38322.6,10278539.0,251838.0,39141.9,0.04856479052686802,0.11673518868825483,39489.8
Tomatoes,2011,39489.8,40814.1,8544993.0,216385.0,39542.166666666664,-0.14077700744129162,-0.16865684899381128,38152.1
Tomatoes,2012,38152.1,39489.8,8105263.0,212446.0,39485.333333333336,-0.01820366476419344,-0.05146054537434963,39858.7
Tomatoes,2013,39858.7,38152.1,8625219.0,216395.0,39166.86666666666,0.01858825301488376,0.06415041683409894,40387.3
Vetches,1969,2381.0,2381.0,1000.0,420.0,2400.3333333333335,0.0,0.0,2381.0
Vetches,1970,2381.0,2381.0,1000.0,420.0,2381.0,0.0,0.0,2381.0
Vetches,1971,2381.0,2381.0,1000.0,420.0,2381.0,0.0,0.0,2381.0
Vetches,1972,2381.0,2381.0,1000.0,420.0,2381.0,0.0,0.0,2381.0
Vetches,1973,2381.0,2381.0,1000.0,420.0,2381.0,0.0,0.0,2381.0
Vetches,1974,2381.0,2381.0,1000.0,420.0,2381.0,0.0,0.0,2381.0
Vetches,1975,2381.0,2381.0,1000.0,420.0,2381.0,0.0,0.0,2381.0
Vetches,1976,2381.0,2381.0,1000.0,420.0,2381.0,0.0,0.0,2381.0
Vetches,1977,2381.0,2381.0,1000.0,420.0,2381.0,0.0,0.0,2381.0
Vetches,1978,2381.0,2381.0,1000.0,420.0,2381.0,0.0,0.0,2000.0
Vetches,1979,2000.0,2381.0,1000.0,500.0,2254.0,0.19047619047619047,0.0,2000.0
Vetches,1980,2000.0,2000.0,1000.0,500.0,2127.0,0.0,0.0,2000.0
Vetches,1981,2000.0,2000.0,1000.0,500.0,2000.0,0.0,0.0,2000.0
Vetches,1982,2000.0,2000.0,1000.0,500.0,2000.0,0.0,0.0,2000.0
Vetches,1983,2000.0,2000.0,1000.0,500.0,2000.0,0.0,0.0,2000.0
Vetches,1984,2000.0,2000.0,1000.0,500.0,2000.0,0.0,0.0,2000.0
Vetches,1985,2000.0,2000.0,1000.0,500.0,2000.0,0.0,0.0,2000.0
Vetches,1986,2000.0,2000.0,1000.0,500.0,2000.0,0.0,0.0,2000.0
Vetches,1987,2000.0,2000.0,1100.0,550.0,2000.0,0.10000000000000009,0.10000000000000009,2000.0
Vetches,1988,2000.0,2000.0,1100.0,550.0,2000.0,0.0,0.0,2053.6
Vetches,1989,2053.6,2000.0,1150.0,560.0,2017.8666666666668,0.018181818181818077,0.045454545454545414,2105.3
Vetches,1990,2105.3,2053.6,1200.0,570.0,2052.9666666666667,0.017857142857142794,0.04347826086956519,2155.2
Vetches,1991,2155.2,2105.3,1250.0,580.0,2104.7000000000003,0.01754385964912286,0.04166666666666674,2166.7
Vetches,1992,2166.7,2155.2,1300.0,600.0,2142.3999999999996,0.034482758620689724,0.040000000000000036,2195.1
Vetches,1993,2195.1,2166.7,1350.0,615.0,2172.3333333333335,0.02499999999999991,0.03846153846153855,2258.1
Vetches,1994,2258.1,2195.1,1400.0,620.0,2206.633333333333,0.008130081300812941,0.03703703703703698,2166.7
Vetches,1995,2166.7,2258.1,1300.0,600.0,2206.633333333333,-0.032258064516129004,-0.0714285714285714,2177.4
Vetches,1996,2177.4,2166.7,1350.0,620.0,2200.733333333333,0.03333333333333344,0.03846153846153855,2240.0
Vetches,1997,2240.0,2177.4,1400.0,625.0,2194.7000000000003,0.008064516129032251,0.03703703703703698,2307.7
Vetches,1998,2307.7,2240.0,1500.0,650.0,2241.7,0.040000000000000036,0.0714285714285714,2296.3
Vetches,1999,2296.3,2307.7,1550.0,675.0,2281.3333333333335,0.03846153846153855,0.03333333333333344,2352.9
Vetches,2000,2352.9,2296.3,1600.0,680.0,2318.9666666666667,0.007407407407407307,0.032258064516129004,2361.1
Vetches,2001,2361.1,2352.9,1700.0,720.0,2336.766666666667,0.05882352941176472,0.0625,2365.9
Vetches,2002,2365.9,2361.1,1664.53,704.0,2359.9666666666667,-0.022222222222222254,-0.020864705882353007,2372.5
Vetches,2003,2372.5,2365.9,1698.32,716.0,2366.5,0.017045454545454586,0.02030002463157765,2368.9
Vetches,2004,2368.9,2372.5,1735.59,733.0,2369.1,0.023743016759776525,0.02194521644919689,2372.1
Vetches,2005,2372.1,2368.9,1731.33,730.0,2371.1666666666665,-0.004092769440654842,-0.0024544967417420294,2314.4
Vetches,2006,2314.4,2372.1,1695.59,733.0,2351.7999999999997,0.004109589041095818,-0.020643089416806704,2350.6
Vetches,2007,2350.6,2314.4,1767.85,752.0,2345.7000000000003,0.02592087312414737,0.04261643439746643,2392.5
Vetches,2008,2392.5,2350.6,1807.89,756.0,2352.5,0.005319148936170137,0.022648980399921026,2400.0
Vetches,2009,2400.0,2392.5,1800.0,750.0,2381.0333333333333,-0.007936507936507908,-0.004364203574332537,2500.0
Vetches,2010,2500.0,2400.0,2000.0,800.0,2430.8333333333335,0.06666666666666665,0.11111111111111116,2600.0
Vetches,2011,2600.0,2500.0,1950.0,750.0,2500.0,-0.0625,-0.025000000000000022,2709.6
Vetches,2012,2709.6,2600.0,1975.87,729.0,2603.2,-0.028000000000000025,0.013266666666666538,2857.1
Vetches,2013,2857.1,2709.6,2000.0,700.0,2722.2333333333336,-0.03978052126200271,0.0122123419050848,2857.1
"Walnuts, in shell",2003,5400.0,5357.4,27000.0,5000.0,5204.166666666667,0.004016064257028162,0.011994002998500841,5270.2
"Walnuts, in shell",2004,5270.2,5400.0,26110.73,4954.0,5342.533333333333,-0.009199999999999986,-0.03293592592592598,5255.5
"Walnuts, in shell",2005,5255.5,5270.2,26146.74,4975.0,5308.566666666667,0.004238998788857584,0.001379126512357276,5256.8
"Walnuts, in shell",2006,5256.8,5255.5,27000.0,5136.0,5260.833333333333,0.03236180904522623,0.032633513776478384,5375.4
"Walnuts, in shell",2007,5375.4,5256.8,27000.0,5023.0,5295.9,-0.02200155763239875,0.0,5265.0
"Walnuts, in shell",2008,5265.0,5375.4,27000.0,5128.0,5299.066666666667,0.020903842325303623,0.0,5478.9
"Walnuts, in shell",2009,5478.9,5265.0,25855.0,4719.0,5373.099999999999,-0.07975819032761311,-0.04240740740740745,4867.7
"Walnuts, in shell",2010,4867.7,5478.9,22445.0,4611.0,5203.866666666666,-0.022886204704386515,-0.13188938309804676,5328.1
"Walnuts, in shell",2011,5328.1,4867.7,20865.0,3916.0,5224.900000000001,-0.1507265235306875,-0.0703942971708621,5218.1
"Walnuts, in shell",2012,5218.1,5328.1,21638.54,4147.0,5137.966666666667,0.0589887640449438,0.03707356817637186,5211.4
"Walnuts, in shell",2013,5211.4,5218.1,24281.44,4659.0,5252.533333333333,0.12346274415239922,0.12213855463446222,5202.1
Watermelons,1964,28005.9,28894.8,858268.0,30646.0,27167.13333333333,0.13629959213941412,0.10134185729885936,25360.3
Watermelons,1965,25360.3,28005.9,844015.0,33281.0,27420.333333333332,0.08598185733864128,-0.016606700937236374,25695.7
Watermelons,1966,25695.7,25360.3,976077.0,37986.0,26353.966666666664,0.1413719539677294,0.15646878313774049,25904.3
Watermelons,1967,25904.3,25695.7,1134348.0,43790.0,25653.433333333334,0.1527931343126414,0.16215011725509365,25190.7
Watermelons,1968,25190.7,25904.3,1004000.0,39856.0,25596.899999999998,-0.08983786252569081,-0.11491006287312178,25149.1
Watermelons,1969,25149.1,25190.7,898000.0,35707.0,25414.7,-0.10409975913287839,-0.1055776892430279,24762.6
Watermelons,1970,24762.6,25149.1,957000.0,38647.0,25034.13333333333,0.08233679670652805,0.06570155902004449,23752.2
Watermelons,1971,23752.2,24762.6,898000.0,37807.0,24554.63333333333,-0.02173519289983694,-0.06165099268547547,22351.7
Watermelons,1972,22351.7,23752.2,901400.0,40328.0,23622.166666666668,0.06668077340175094,0.0037861915367483068,25007.4
Watermelons,1973,25007.4,22351.7,1008500.0,40328.0,23703.766666666666,0.0,0.11881517639227868,26265.8
Watermelons,1974,26265.8,25007.4,1147500.0,43688.0,24541.633333333335,0.0833168022217814,0.13782845810609823,26491.1
Watermelons,1975,26491.1,26265.8,1213000.0,45789.0,25921.433333333334,0.048091008972715565,0.05708061002178644,25994.0
Watermelons,1976,25994.0,26491.1,1212100.0,46630.0,26250.3,0.018366856668632137,-0.0007419620774937741,26389.3
Watermelons,1977,26389.3,25994.0,1366541.0,51784.0,26291.466666666664,0.11052970190864242,0.12741605478095863,24675.0
Watermelons,1978,24675.0,26389.3,1188421.0,48163.0,25686.100000000002,-0.06992507338173959,-0.1303436925785615,25733.7
Watermelons,1979,25733.7,24675.0,1318491.0,51236.0,25599.333333333332,0.06380416502294284,0.10944774621114917,23247.0
Watermelons,1980,23247.0,25733.7,1221187.0,52531.0,24551.899999999998,0.025275197127019977,-0.07379951778207061,22993.8
Watermelons,1981,22993.8,23247.0,1157370.0,50334.0,23991.5,-0.04182292360701301,-0.05225817176239189,24119.4
Watermelons,1982,24119.4,22993.8,1210961.0,50207.0,23453.400000000005,-0.0025231453888028277,0.0463041205491761,22165.1
Watermelons,1983,22165.1,24119.4,1082722.0,48848.0,23092.766666666666,-0.02706793873364277,-0.10589853843352515,23681.0
Watermelons,1984,23681.0,22165.1,965000.0,40750.0,23321.833333333332,-0.16577956108745495,-0.10872781748223459,22706.3
Watermelons,1985,22706.3,23681.0,1183000.0,52100.0,22850.8,0.27852760736196314,0.22590673575129538,23950.6
Watermelons,1986,23950.6,22706.3,1318000.0,55030.0,23445.966666666664,0.05623800383877153,0.11411665257819115,20181.2
Watermelons,1987,20181.2,23950.6,1314000.0,65110.0,22279.36666666667,0.1831728148282754,-0.003034901365705611,22338.2
Watermelons,1988,22338.2,20181.2,1370000.0,61330.0,22156.666666666668,-0.05805559821839967,0.0426179604261796,19258.7
Watermelons,1989,19258.7,22338.2,1165000.0,60492.0,20592.7,-0.013663786075330142,-0.14963503649635035,19673.4
Watermelons,1990,19673.4,19258.7,1000000.0,50830.0,20423.433333333334,-0.1597235998148515,-0.14163090128755362,20488.3
Watermelons,1991,20488.3,19673.4,1007000.0,49150.0,19806.800000000003,-0.03305134762935269,0.006999999999999895,20764.7
Watermelons,1992,20764.7,20488.3,893899.0,43049.0,20308.8,-0.1241302136317396,-0.11231479642502484,23341.4
Watermelons,1993,23341.4,20764.7,711307.0,30474.0,21531.466666666667,-0.2921089920787939,-0.20426468762130845,22312.5
Watermelons,1994,22312.5,23341.4,714000.0,32000.0,22139.533333333336,0.05007547417470626,0.003785988328527612,23075.0
Watermelons,1995,23075.0,22312.5,923000.0,40000.0,22909.63333333333,0.25,0.29271708683473396,23334.5
Watermelons,1996,23334.5,23075.0,1199813.0,51418.0,22907.333333333332,0.28545,0.29990574214517873,26796.1
Watermelons,1997,26796.1,23334.5,1126560.0,42042.0,24401.86666666667,-0.18234859387763036,-0.06105368086526819,27605.1
Watermelons,1998,27605.1,26796.1,1735448.0,62867.0,25911.899999999998,0.4953379953379953,0.5404843062065048,25868.2
Watermelons,1999,25868.2,27605.1,1409405.0,54484.0,26756.466666666664,-0.1333449981707414,-0.18787252628716045,24793.6
Watermelons,2000,24793.6,25868.2,1670320.0,67369.0,26088.966666666664,0.23649144703032077,0.1851242190853588,26296.7
Watermelons,2001,26296.7,24793.6,1785280.0,67890.0,25652.833333333332,0.007733527289999875,0.06882513530341483,25557.3
Watermelons,2002,25557.3,26296.7,1446900.0,56614.0,25549.2,-0.16609220798350277,-0.18953889585947303,23885.8
Watermelons,2003,23885.8,25557.3,1720663.0,72037.0,25246.599999999995,0.2724237821033666,0.18920657958393816,24288.6
Watermelons,2004,24288.6,23885.8,1705038.0,70199.0,24577.233333333334,-0.025514666074378467,-0.009080801993185172,25013.0
Watermelons,2005,25013.0,24288.6,1588528.0,63508.0,24395.8,-0.0953147480733344,-0.06833278789094432,26403.4
Watermelons,2006,26403.4,25013.0,1874110.0,70980.0,25235.0,0.11765446872834917,0.1797777565142069,29308.1
Watermelons,2007,29308.1,26403.4,2025190.0,69100.0,26908.166666666668,-0.02648633417864188,0.08061426490440793,29890.5
Watermelons,2008,29890.5,29308.1,1912991.0,64000.0,28534.0,-0.0738060781476122,-0.05540171539460492,29844.1
Watermelons,2009,29844.1,29890.5,1485939.0,49790.0,29680.899999999998,-0.22203125,-0.22323785109286975,28849.2
Watermelons,2010,28849.2,29844.1,1653204.0,57305.0,29527.933333333334,0.1509339224743924,0.11256518605407084,30287.8
Watermelons,2011,30287.8,28849.2,1637087.0,54051.0,29660.36666666667,-0.05678387575255217,-0.009748948103198374,29685.4
Watermelons,2012,29685.4,30287.8,1508941.0,50831.0,29607.466666666664,-0.059573365895173036,-0.07827684173168559,29726.2
Watermelons,2013,29726.2,29685.4,1874710.0,63066.0,29899.800000000003,0.24069957309515844,0.2424011276782856,33948.6
Wheat,1964,2642.5,2606.4,1493000.0,565000.0,2572.866666666667,-0.0756283273290076,-0.06283229280307934,2755.1
Wheat,1965,2755.1,2642.5,1499881.0,544393.0,2668.0,-0.03647256637168139,0.004608841259209573,2644.5
Wheat,1966,2644.5,2755.1,1272000.0,481000.0,2680.7000000000003,-0.11644712551410474,-0.15193271999578628,2703.0
Wheat,1967,2703.0,2644.5,1465000.0,542000.0,2700.866666666667,0.12681912681912677,0.1517295597484276,2450.9
Wheat,1968,2450.9,2703.0,1299000.0,530000.0,2599.4666666666667,-0.022140221402214055,-0.11331058020477813,2534.9
Wheat,1969,2534.9,2450.9,1526000.0,602000.0,2562.9333333333334,0.13584905660377355,0.17474980754426483,2404.9
Wheat,1970,2404.9,2534.9,1277000.0,531000.0,2463.566666666667,-0.11794019933554822,-0.16317169069462645,2756.1
Wheat,1971,2756.1,2404.9,1519000.0,551145.0,2565.3,0.037937853107344655,0.18950665622552854,3040.6
Wheat,1972,3040.6,2756.1,1732000.0,569628.0,2733.866666666667,0.033535639441526266,0.14022383146807105,3091.2
Wheat,1973,3091.2,3040.6,1618000.0,523420.0,2962.633333333333,-0.08111960788444383,-0.06581986143187069,3692.6
Wheat,1974,3692.6,3091.2,1938112.0,524867.0,3274.7999999999997,0.002764510335867998,0.19784425216316448,3268.6
Wheat,1975,3268.6,3692.6,1886000.0,577000.0,3350.7999999999997,0.09932611499675148,-0.026888022983191928,3472.2
Wheat,1976,3472.2,3268.6,2033265.0,585592.0,3477.7999999999997,0.014890814558058851,0.07808324496288432,3344.7
Wheat,1977,3344.7,3472.2,1960000.0,586000.0,3361.8333333333335,0.0006967308296561558,-0.036033178164184165,3332.0
Wheat,1978,3332.0,3344.7,1697000.0,509304.0,3382.9666666666667,-0.13088054607508537,-0.13418367346938775,3334.4
Wheat,1979,3334.4,3332.0,1933000.0,579710.0,3337.0333333333333,0.13823963683772367,0.1390689451974072,3160.6
Wheat,1980,3160.6,3334.4,1856000.0,587231.0,3275.6666666666665,0.012973728243432125,-0.03983445421624421,3117.5
Wheat,1981,3117.5,3160.6,1736440.0,556995.0,3204.1666666666665,-0.05148910735298373,-0.06441810344827581,3297.4
Wheat,1982,3297.4,3117.5,1938327.0,587830.0,3191.8333333333335,0.055359563371304876,0.11626488677984836,3496.2
Wheat,1983,3496.2,3297.4,2016992.0,576917.0,3303.6999999999994,-0.018564891210043677,0.040583967514253194,3599.6
Wheat,1984,3599.6,3496.2,1996000.0,554500.0,3464.3999999999996,-0.03885654262224891,-0.010407577223905728,3666.8
Wheat,1985,3666.8,3599.6,1815176.0,495034.0,3587.5333333333333,-0.10724256086564476,-0.0905931863727455,3759.0
Wheat,1986,3759.0,3666.8,1872000.0,498000.0,3675.133333333333,0.00599150765401979,0.031304953348876285,3802.8
Wheat,1987,3802.8,3759.0,1928000.0,507000.0,3742.866666666667,0.01807228915662651,0.029914529914529808,4715.8
Wheat,1988,4715.8,3802.8,2721000.0,577000.0,4092.5333333333333,0.13806706114398426,0.4113070539419088,4751.0
Wheat,1989,4751.0,4715.8,2838000.0,597350.0,4423.2,0.03526863084922005,0.04299889746416752,4941.6
Wheat,1990,4941.6,4751.0,3182000.0,643921.0,4802.8,0.07796266845233113,0.1212121212121211,5196.7
Wheat,1991,5196.7,4941.6,4268049.0,821301.0,4963.099999999999,0.27546857456116514,0.34131018227529863,4816.3
Wheat,1992,4816.3,5196.7,4482523.0,930702.0,4984.866666666667,0.13320451332702632,0.05025106319069916,5254.6
Wheat,1993,5254.6,4816.3,4617997.0,878846.0,5089.2,-0.05571708237437978,0.030222711629142696,5297.0
Wheat,1994,5297.0,5254.6,4832598.0,912324.0,5122.633333333334,0.038093135771227304,0.046470580210424606,5002.6
Wheat,1995,5002.6,5297.0,4437055.0,886950.0,5184.733333333334,-0.02781248766885447,-0.08184893508626212,5422.1
Wheat,1996,5422.1,5002.6,5722441.0,1055384.0,5240.566666666667,0.18990247477309885,0.2896935016581945,5638.4
Wheat,1997,5638.4,5422.1,5735367.0,1017192.0,5354.366666666667,-0.036187776202784905,0.002258826259632807,5599.4
Wheat,1998,5599.4,5638.4,5849134.0,1044593.0,5553.3,0.02693788389999141,0.019836045365536403,5989.6
Wheat,1999,5989.6,5599.4,6093151.0,1017282.0,5742.466666666667,-0.026145111062394588,0.04171848345413176,6346.7
Wheat,2000,6346.7,5989.6,6346642.0,999998.0,5978.566666666667,-0.01699037238445189,0.04160261250705921,6342.2
Wheat,2001,6342.2,6346.7,6564053.0,1034985.0,6226.166666666667,0.03498706997413992,0.03425606801202896,6358.0
Wheat,2002,6358.0,6342.2,6254583.0,983741.0,6348.966666666667,-0.049511828673845515,-0.04714617630296403,6434.5
Wheat,2003,6434.5,6358.0,6624868.0,1029592.0,6378.233333333333,0.046608812685452694,0.05920218821942247,6500.1
Wheat,2004,6500.1,6434.5,6844692.0,1053016.0,6430.866666666666,0.022750759524160946,0.033181642260645905,6556.7
Wheat,2005,6556.7,6500.1,7177855.0,1094741.0,6497.099999999999,0.039624279213231306,0.04867465183239794,6492.9
Wheat,2006,6492.9,6556.7,8140960.0,1253820.0,6516.566666666667,0.14531199617078383,0.13417727162223247,6430.3
Wheat,2007,6430.3,6492.9,8274230.0,1286750.0,6493.3,0.026263738016621296,0.016370305221988568,6467.3
Wheat,2008,6467.3,6430.3,7379000.0,1140979.0,6463.5,-0.11328618612784147,-0.10819496194812084,6503.1
Wheat,2009,6503.1,6467.3,7977051.0,1226651.0,6466.900000000001,0.07508639510455484,0.0810477029407779,6382.9
Wheat,2010,6382.9,6503.1,8522995.0,1335295.0,6451.099999999999,0.08856960944881642,0.06843932676373754,5574.1
Wheat,2011,5574.1,6382.9,7177399.0,1287627.0,6153.366666666668,-0.03569847861334008,-0.1578783045161941,6542.8
Wheat,2012,6542.8,5574.1,8407126.0,1284946.0,6166.599999999999,-0.0020821247146883826,0.17133323645515608,6582.3
Wheat,2013,6582.3,6542.8,8795483.0,1336234.0,6233.066666666667,0.0399145178085305,0.046193788459932605,6668.2
